#2026 05 21 20:10:41.514#Z#DEBUG#fb7aa7c6-5550-11f1-be9f-eeee0a80e2d9.bookscapm-srv#flowable-async-job-executor-thread-8833#
[PollStageAppStatusExecution] c5b30daf-2eb2-465a-874b-302cfe83c0d1 [2026-05-21T20:09:56.759762] Added process: "web" (STDOUT, API)#
#2026 05 21 20:10:41.514#Z#DEBUG#fb7aa7c6-5550-11f1-be9f-eeee0a80e2d9.bookscapm-srv#flowable-async-job-executor-thread-8833#
[PollStageAppStatusExecution] c5b30daf-2eb2-465a-874b-302cfe83c0d1 [2026-05-21T20:09:56.767419] Created app with guid c5b30daf-2eb2-465a-874b-302cfe83c0d1 (STDOUT, API)#
#2026 05 21 20:10:41.514#Z#DEBUG#fb7aa7c6-5550-11f1-be9f-eeee0a80e2d9.bookscapm-srv#flowable-async-job-executor-thread-8833#
[PollStageAppStatusExecution] c5b30daf-2eb2-465a-874b-302cfe83c0d1 [2026-05-21T20:09:56.858897] Updating process: "web" (STDOUT, API)#
#2026 05 21 20:10:41.514#Z#DEBUG#fb7aa7c6-5550-11f1-be9f-eeee0a80e2d9.bookscapm-srv#flowable-async-job-executor-thread-8833#
[PollStageAppStatusExecution] c5b30daf-2eb2-465a-874b-302cfe83c0d1 [2026-05-21T20:09:56.911609] Scaling process: "web" (STDOUT, API)#
#2026 05 21 20:10:41.514#Z#DEBUG#fb7aa7c6-5550-11f1-be9f-eeee0a80e2d9.bookscapm-srv#flowable-async-job-executor-thread-8833#
[PollStageAppStatusExecution] c5b30daf-2eb2-465a-874b-302cfe83c0d1 [2026-05-21T20:10:21.732694] Uploading app package for app with guid c5b30daf-2eb2-465a-874b-302cfe83c0d1 (STDOUT, API)#
#2026 05 21 20:10:41.514#Z#DEBUG#fb7aa7c6-5550-11f1-be9f-eeee0a80e2d9.bookscapm-srv#flowable-async-job-executor-thread-8833#
[PollStageAppStatusExecution] c5b30daf-2eb2-465a-874b-302cfe83c0d1 [2026-05-21T20:10:21.933599] Updated app with guid c5b30daf-2eb2-465a-874b-302cfe83c0d1 ({"environment_variables"=>"[PRIVATE DATA HIDDEN]"}) (STDOUT, API)#
#2026 05 21 20:10:41.514#Z#DEBUG#fb7aa7c6-5550-11f1-be9f-eeee0a80e2d9.bookscapm-srv#flowable-async-job-executor-thread-8833#
[PollStageAppStatusExecution] c5b30daf-2eb2-465a-874b-302cfe83c0d1 [2026-05-21T20:10:31.647103] Creating build for app with guid c5b30daf-2eb2-465a-874b-302cfe83c0d1 (STDOUT, API)#
#2026 05 21 20:10:41.514#Z#DEBUG#fb7aa7c6-5550-11f1-be9f-eeee0a80e2d9.bookscapm-srv#flowable-async-job-executor-thread-8833#
[PollStageAppStatusExecution] c5b30daf-2eb2-465a-874b-302cfe83c0d1 [2026-05-21T20:10:32.055911] Downloading nodejs_buildpack... (STDOUT, STG)#
#2026 05 21 20:10:41.514#Z#DEBUG#fb7aa7c6-5550-11f1-be9f-eeee0a80e2d9.bookscapm-srv#flowable-async-job-executor-thread-8833#
[PollStageAppStatusExecution] c5b30daf-2eb2-465a-874b-302cfe83c0d1 [2026-05-21T20:10:32.104651] Downloaded nodejs_buildpack (STDOUT, STG)#
#2026 05 21 20:10:41.514#Z#DEBUG#fb7aa7c6-5550-11f1-be9f-eeee0a80e2d9.bookscapm-srv#flowable-async-job-executor-thread-8833#
[PollStageAppStatusExecution] c5b30daf-2eb2-465a-874b-302cfe83c0d1 [2026-05-21T20:10:32.104761] Cell c839c7b1-088e-41af-b9b7-66256aacd457 creating container for instance 895336ed-e685-4380-8479-728a910962cd (STDOUT, STG)#
#2026 05 21 20:10:41.514#Z#DEBUG#fb7aa7c6-5550-11f1-be9f-eeee0a80e2d9.bookscapm-srv#flowable-async-job-executor-thread-8833#
[PollStageAppStatusExecution] c5b30daf-2eb2-465a-874b-302cfe83c0d1 [2026-05-21T20:10:33.138693] Security group rules were updated (STDOUT, STG)#
#2026 05 21 20:10:41.514#Z#DEBUG#fb7aa7c6-5550-11f1-be9f-eeee0a80e2d9.bookscapm-srv#flowable-async-job-executor-thread-8833#
[PollStageAppStatusExecution] c5b30daf-2eb2-465a-874b-302cfe83c0d1 [2026-05-21T20:10:33.251402] Cell c839c7b1-088e-41af-b9b7-66256aacd457 successfully created container for instance 895336ed-e685-4380-8479-728a910962cd (STDOUT, STG)#
#2026 05 21 20:10:41.514#Z#DEBUG#fb7aa7c6-5550-11f1-be9f-eeee0a80e2d9.bookscapm-srv#flowable-async-job-executor-thread-8833#
[PollStageAppStatusExecution] c5b30daf-2eb2-465a-874b-302cfe83c0d1 [2026-05-21T20:10:33.630442] Downloading app package... (STDOUT, STG)#
#2026 05 21 20:10:41.514#Z#DEBUG#fb7aa7c6-5550-11f1-be9f-eeee0a80e2d9.bookscapm-srv#flowable-async-job-executor-thread-8833#
[PollStageAppStatusExecution] c5b30daf-2eb2-465a-874b-302cfe83c0d1 [2026-05-21T20:10:34.576087] Downloaded app package (6.5M) (STDOUT, STG)#
#2026 05 21 20:10:41.514#Z#DEBUG#fb7aa7c6-5550-11f1-be9f-eeee0a80e2d9.bookscapm-srv#flowable-async-job-executor-thread-8833#
[PollStageAppStatusExecution] c5b30daf-2eb2-465a-874b-302cfe83c0d1 [2026-05-21T20:10:34.720176] -----> Nodejs Buildpack version 1.8.44 (STDOUT, STG)#
#2026 05 21 20:10:41.514#Z#DEBUG#fb7aa7c6-5550-11f1-be9f-eeee0a80e2d9.bookscapm-srv#flowable-async-job-executor-thread-8833#
[PollStageAppStatusExecution] c5b30daf-2eb2-465a-874b-302cfe83c0d1 [2026-05-21T20:10:35.156360] -----> Bootstrapping python (STDOUT, STG)#
#2026 05 21 20:10:41.514#Z#DEBUG#fb7aa7c6-5550-11f1-be9f-eeee0a80e2d9.bookscapm-srv#flowable-async-job-executor-thread-8833#
[PollStageAppStatusExecution] c5b30daf-2eb2-465a-874b-302cfe83c0d1 [2026-05-21T20:10:35.156398] -----> Installing python 3.11.14 (STDOUT, STG)#
#2026 05 21 20:10:41.514#Z#DEBUG#fb7aa7c6-5550-11f1-be9f-eeee0a80e2d9.bookscapm-srv#flowable-async-job-executor-thread-8833#
[PollStageAppStatusExecution] c5b30daf-2eb2-465a-874b-302cfe83c0d1 [2026-05-21T20:10:35.156414] Copy [/tmp/buildpacks/978cee5ec9c58000/dependencies/b5e0345ae0ae1932e7d56fffaa49a487/python_3.11.14_linux_x64_cflinuxfs4_66f53248.tgz] (STDOUT, STG)#
#2026 05 21 20:10:41.514#Z#DEBUG#fb7aa7c6-5550-11f1-be9f-eeee0a80e2d9.bookscapm-srv#flowable-async-job-executor-thread-8833#
[PollStageAppStatusExecution] c5b30daf-2eb2-465a-874b-302cfe83c0d1 [2026-05-21T20:10:39.959027] -----> Installing binaries (STDOUT, STG)#
#2026 05 21 20:10:41.514#Z#DEBUG#fb7aa7c6-5550-11f1-be9f-eeee0a80e2d9.bookscapm-srv#flowable-async-job-executor-thread-8833#
[PollStageAppStatusExecution] c5b30daf-2eb2-465a-874b-302cfe83c0d1 [2026-05-21T20:10:39.959304] engines.node (package.json): >=20 (STDOUT, STG)#
#2026 05 21 20:10:41.514#Z#DEBUG#fb7aa7c6-5550-11f1-be9f-eeee0a80e2d9.bookscapm-srv#flowable-async-job-executor-thread-8833#
[PollStageAppStatusExecution] c5b30daf-2eb2-465a-874b-302cfe83c0d1 [2026-05-21T20:10:39.959355] engines.npm (package.json): unspecified (use default) (STDOUT, STG)#
#2026 05 21 20:10:41.514#Z#DEBUG#fb7aa7c6-5550-11f1-be9f-eeee0a80e2d9.bookscapm-srv#flowable-async-job-executor-thread-8833#
[PollStageAppStatusExecution] c5b30daf-2eb2-465a-874b-302cfe83c0d1 [2026-05-21T20:10:39.959500] [31;1m**WARNING**[0m Dangerous semver range (>) in engines.node. See: http://docs.cloudfoundry.org/buildpacks/node/node-tips.html (STDOUT, STG)#
#2026 05 21 20:10:41.514#Z#DEBUG#fb7aa7c6-5550-11f1-be9f-eeee0a80e2d9.bookscapm-srv#flowable-async-job-executor-thread-8833#
[PollStageAppStatusExecution] c5b30daf-2eb2-465a-874b-302cfe83c0d1 [2026-05-21T20:10:39.959659] -----> Installing node 24.13.0 (STDOUT, STG)#
#2026 05 21 20:10:41.514#Z#DEBUG#fb7aa7c6-5550-11f1-be9f-eeee0a80e2d9.bookscapm-srv#flowable-async-job-executor-thread-8833#
[PollStageAppStatusExecution] c5b30daf-2eb2-465a-874b-302cfe83c0d1 [2026-05-21T20:10:39.959977] Copy [/tmp/buildpacks/978cee5ec9c58000/dependencies/2f5692219fecc3eee6e6d507a6bfe7b9/node_24.13.0_linux_x64_cflinuxfs4_a816dee1.tgz] (STDOUT, STG)#
#2026 05 21 20:10:51.557#Z#DEBUG#fb7aa7c6-5550-11f1-be9f-eeee0a80e2d9.bookscapm-srv#flowable-async-job-executor-thread-8840#
[PollStageAppStatusExecution] c5b30daf-2eb2-465a-874b-302cfe83c0d1 [2026-05-21T20:10:42.574276] Using default npm version: 11.6.2 (STDOUT, STG)#
#2026 05 21 20:10:51.557#Z#DEBUG#fb7aa7c6-5550-11f1-be9f-eeee0a80e2d9.bookscapm-srv#flowable-async-job-executor-thread-8840#
[PollStageAppStatusExecution] c5b30daf-2eb2-465a-874b-302cfe83c0d1 [2026-05-21T20:10:42.574312] -----> Installing yarn 1.22.22 (STDOUT, STG)#
#2026 05 21 20:10:51.557#Z#DEBUG#fb7aa7c6-5550-11f1-be9f-eeee0a80e2d9.bookscapm-srv#flowable-async-job-executor-thread-8840#
[PollStageAppStatusExecution] c5b30daf-2eb2-465a-874b-302cfe83c0d1 [2026-05-21T20:10:42.574329] Copy [/tmp/buildpacks/978cee5ec9c58000/dependencies/e3a39aedd1236924d69cc2d0637a8ed2/yarn_1.22.22_linux_noarch_any-stack_4911d0a6.tgz] (STDOUT, STG)#
#2026 05 21 20:10:51.557#Z#DEBUG#fb7aa7c6-5550-11f1-be9f-eeee0a80e2d9.bookscapm-srv#flowable-async-job-executor-thread-8840#
[PollStageAppStatusExecution] c5b30daf-2eb2-465a-874b-302cfe83c0d1 [2026-05-21T20:10:43.019686] Installed yarn 1.22.22 (STDOUT, STG)#
#2026 05 21 20:10:51.557#Z#DEBUG#fb7aa7c6-5550-11f1-be9f-eeee0a80e2d9.bookscapm-srv#flowable-async-job-executor-thread-8840#
[PollStageAppStatusExecution] c5b30daf-2eb2-465a-874b-302cfe83c0d1 [2026-05-21T20:10:43.019727] -----> Creating runtime environment (STDOUT, STG)#
#2026 05 21 20:10:51.557#Z#DEBUG#fb7aa7c6-5550-11f1-be9f-eeee0a80e2d9.bookscapm-srv#flowable-async-job-executor-thread-8840#
[PollStageAppStatusExecution] c5b30daf-2eb2-465a-874b-302cfe83c0d1 [2026-05-21T20:10:43.021983] NODE_ENV=production (STDOUT, STG)#
#2026 05 21 20:10:51.557#Z#DEBUG#fb7aa7c6-5550-11f1-be9f-eeee0a80e2d9.bookscapm-srv#flowable-async-job-executor-thread-8840#
[PollStageAppStatusExecution] c5b30daf-2eb2-465a-874b-302cfe83c0d1 [2026-05-21T20:10:43.022010] NODE_HOME=/tmp/contents1627660783/deps/0/node (STDOUT, STG)#
#2026 05 21 20:10:51.557#Z#DEBUG#fb7aa7c6-5550-11f1-be9f-eeee0a80e2d9.bookscapm-srv#flowable-async-job-executor-thread-8840#
[PollStageAppStatusExecution] c5b30daf-2eb2-465a-874b-302cfe83c0d1 [2026-05-21T20:10:43.022015] NODE_MODULES_CACHE=true (STDOUT, STG)#
#2026 05 21 20:10:51.557#Z#DEBUG#fb7aa7c6-5550-11f1-be9f-eeee0a80e2d9.bookscapm-srv#flowable-async-job-executor-thread-8840#
[PollStageAppStatusExecution] c5b30daf-2eb2-465a-874b-302cfe83c0d1 [2026-05-21T20:10:43.022023] NODE_VERBOSE=false (STDOUT, STG)#
#2026 05 21 20:10:51.557#Z#DEBUG#fb7aa7c6-5550-11f1-be9f-eeee0a80e2d9.bookscapm-srv#flowable-async-job-executor-thread-8840#
[PollStageAppStatusExecution] c5b30daf-2eb2-465a-874b-302cfe83c0d1 [2026-05-21T20:10:43.022026] NPM_CONFIG_LOGLEVEL=error (STDOUT, STG)#
#2026 05 21 20:10:51.557#Z#DEBUG#fb7aa7c6-5550-11f1-be9f-eeee0a80e2d9.bookscapm-srv#flowable-async-job-executor-thread-8840#
[PollStageAppStatusExecution] c5b30daf-2eb2-465a-874b-302cfe83c0d1 [2026-05-21T20:10:43.022029] NPM_CONFIG_PRODUCTION=true (STDOUT, STG)#
#2026 05 21 20:10:51.557#Z#DEBUG#fb7aa7c6-5550-11f1-be9f-eeee0a80e2d9.bookscapm-srv#flowable-async-job-executor-thread-8840#
[PollStageAppStatusExecution] c5b30daf-2eb2-465a-874b-302cfe83c0d1 [2026-05-21T20:10:43.022031] -----> Building dependencies (STDOUT, STG)#
#2026 05 21 20:10:51.557#Z#DEBUG#fb7aa7c6-5550-11f1-be9f-eeee0a80e2d9.bookscapm-srv#flowable-async-job-executor-thread-8840#
[PollStageAppStatusExecution] c5b30daf-2eb2-465a-874b-302cfe83c0d1 [2026-05-21T20:10:43.022066] Prebuild detected (node_modules already exists) (STDOUT, STG)#
#2026 05 21 20:10:51.557#Z#DEBUG#fb7aa7c6-5550-11f1-be9f-eeee0a80e2d9.bookscapm-srv#flowable-async-job-executor-thread-8840#
[PollStageAppStatusExecution] c5b30daf-2eb2-465a-874b-302cfe83c0d1 [2026-05-21T20:10:43.022076] Rebuilding any native modules (STDOUT, STG)#
#2026 05 21 20:10:51.557#Z#DEBUG#fb7aa7c6-5550-11f1-be9f-eeee0a80e2d9.bookscapm-srv#flowable-async-job-executor-thread-8840#
[PollStageAppStatusExecution] c5b30daf-2eb2-465a-874b-302cfe83c0d1 [2026-05-21T20:10:43.911828] rebuilt dependencies successfully (STDOUT, STG)#
#2026 05 21 20:10:51.557#Z#DEBUG#fb7aa7c6-5550-11f1-be9f-eeee0a80e2d9.bookscapm-srv#flowable-async-job-executor-thread-8840#
[PollStageAppStatusExecution] c5b30daf-2eb2-465a-874b-302cfe83c0d1 [2026-05-21T20:10:43.913990] npm notice (STDOUT, STG)#
#2026 05 21 20:10:51.557#Z#DEBUG#fb7aa7c6-5550-11f1-be9f-eeee0a80e2d9.bookscapm-srv#flowable-async-job-executor-thread-8840#
[PollStageAppStatusExecution] c5b30daf-2eb2-465a-874b-302cfe83c0d1 [2026-05-21T20:10:43.914016] npm notice New minor version of npm available! 11.6.2 -> 11.15.0 (STDOUT, STG)#
#2026 05 21 20:10:51.557#Z#DEBUG#fb7aa7c6-5550-11f1-be9f-eeee0a80e2d9.bookscapm-srv#flowable-async-job-executor-thread-8840#
[PollStageAppStatusExecution] c5b30daf-2eb2-465a-874b-302cfe83c0d1 [2026-05-21T20:10:43.914021] npm notice Changelog: https://github.com/npm/cli/releases/tag/v11.15.0 (STDOUT, STG)#
#2026 05 21 20:10:51.557#Z#DEBUG#fb7aa7c6-5550-11f1-be9f-eeee0a80e2d9.bookscapm-srv#flowable-async-job-executor-thread-8840#
[PollStageAppStatusExecution] c5b30daf-2eb2-465a-874b-302cfe83c0d1 [2026-05-21T20:10:43.914024] npm notice To update run: npm install -g npm@11.15.0 (STDOUT, STG)#
#2026 05 21 20:10:51.557#Z#DEBUG#fb7aa7c6-5550-11f1-be9f-eeee0a80e2d9.bookscapm-srv#flowable-async-job-executor-thread-8840#
[PollStageAppStatusExecution] c5b30daf-2eb2-465a-874b-302cfe83c0d1 [2026-05-21T20:10:43.914026] npm notice (STDOUT, STG)#
#2026 05 21 20:10:51.557#Z#DEBUG#fb7aa7c6-5550-11f1-be9f-eeee0a80e2d9.bookscapm-srv#flowable-async-job-executor-thread-8840#
[PollStageAppStatusExecution] c5b30daf-2eb2-465a-874b-302cfe83c0d1 [2026-05-21T20:10:44.006303] Installing any new modules (package.json + package-lock.json) (STDOUT, STG)#
#2026 05 21 20:10:51.557#Z#DEBUG#fb7aa7c6-5550-11f1-be9f-eeee0a80e2d9.bookscapm-srv#flowable-async-job-executor-thread-8840#
[PollStageAppStatusExecution] c5b30daf-2eb2-465a-874b-302cfe83c0d1 [2026-05-21T20:10:45.022063] removed 12 packages in 917ms (STDOUT, STG)#
#2026 05 21 20:10:51.557#Z#DEBUG#fb7aa7c6-5550-11f1-be9f-eeee0a80e2d9.bookscapm-srv#flowable-async-job-executor-thread-8840#
[PollStageAppStatusExecution] c5b30daf-2eb2-465a-874b-302cfe83c0d1 [2026-05-21T20:10:45.022265] 24 packages are looking for funding (STDOUT, STG)#
#2026 05 21 20:10:51.557#Z#DEBUG#fb7aa7c6-5550-11f1-be9f-eeee0a80e2d9.bookscapm-srv#flowable-async-job-executor-thread-8840#
[PollStageAppStatusExecution] c5b30daf-2eb2-465a-874b-302cfe83c0d1 [2026-05-21T20:10:45.022349] run `npm fund` for details (STDOUT, STG)#
#2026 05 21 20:10:51.557#Z#DEBUG#fb7aa7c6-5550-11f1-be9f-eeee0a80e2d9.bookscapm-srv#flowable-async-job-executor-thread-8840#
[PollStageAppStatusExecution] c5b30daf-2eb2-465a-874b-302cfe83c0d1 [2026-05-21T20:10:46.103055] Contrast Security no credentials found. Will not write environment files. (STDOUT, STG)#
#2026 05 21 20:11:01.569#Z#DEBUG#fb7aa7c6-5550-11f1-be9f-eeee0a80e2d9.bookscapm-srv#flowable-async-job-executor-thread-8844#
[PollStageAppStatusExecution] c5b30daf-2eb2-465a-874b-302cfe83c0d1 [2026-05-21T20:10:56.381280] Exit status 0 (STDOUT, STG)#
#2026 05 21 20:11:01.569#Z#DEBUG#fb7aa7c6-5550-11f1-be9f-eeee0a80e2d9.bookscapm-srv#flowable-async-job-executor-thread-8844#
[PollStageAppStatusExecution] c5b30daf-2eb2-465a-874b-302cfe83c0d1 [2026-05-21T20:10:56.381375] Uploading droplet, build artifacts cache... (STDOUT, STG)#
#2026 05 21 20:11:01.569#Z#DEBUG#fb7aa7c6-5550-11f1-be9f-eeee0a80e2d9.bookscapm-srv#flowable-async-job-executor-thread-8844#
[PollStageAppStatusExecution] c5b30daf-2eb2-465a-874b-302cfe83c0d1 [2026-05-21T20:10:56.381491] Uploading droplet... (STDOUT, STG)#
#2026 05 21 20:11:01.569#Z#DEBUG#fb7aa7c6-5550-11f1-be9f-eeee0a80e2d9.bookscapm-srv#flowable-async-job-executor-thread-8844#
[PollStageAppStatusExecution] c5b30daf-2eb2-465a-874b-302cfe83c0d1 [2026-05-21T20:10:56.381537] Uploading build artifacts cache... (STDOUT, STG)#
#2026 05 21 20:11:01.569#Z#DEBUG#fb7aa7c6-5550-11f1-be9f-eeee0a80e2d9.bookscapm-srv#flowable-async-job-executor-thread-8844#
[PollStageAppStatusExecution] c5b30daf-2eb2-465a-874b-302cfe83c0d1 [2026-05-21T20:10:56.408480] Uploaded build artifacts cache (218B) (STDOUT, STG)#
#2026 05 21 20:11:01.569#Z#DEBUG#fb7aa7c6-5550-11f1-be9f-eeee0a80e2d9.bookscapm-srv#flowable-async-job-executor-thread-8844#
[PollStageAppStatusExecution] c5b30daf-2eb2-465a-874b-302cfe83c0d1 [2026-05-21T20:10:57.200789] Creating droplet for app with guid c5b30daf-2eb2-465a-874b-302cfe83c0d1 (STDOUT, API)#
#2026 05 21 20:11:11.594#Z#DEBUG#fb7aa7c6-5550-11f1-be9f-eeee0a80e2d9.bookscapm-srv#flowable-async-job-executor-thread-6585#
[PollStageAppStatusExecution] c5b30daf-2eb2-465a-874b-302cfe83c0d1 [2026-05-21T20:11:02.269569] Uploaded droplet (60.6M) (STDOUT, STG)#
#2026 05 21 20:11:11.594#Z#DEBUG#fb7aa7c6-5550-11f1-be9f-eeee0a80e2d9.bookscapm-srv#flowable-async-job-executor-thread-6585#
[PollStageAppStatusExecution] c5b30daf-2eb2-465a-874b-302cfe83c0d1 [2026-05-21T20:11:02.293832] Uploading complete (STDOUT, STG)#
#2026 05 21 20:11:11.594#Z#DEBUG#fb7aa7c6-5550-11f1-be9f-eeee0a80e2d9.bookscapm-srv#flowable-async-job-executor-thread-6585#
[PollStageAppStatusExecution] c5b30daf-2eb2-465a-874b-302cfe83c0d1 [2026-05-21T20:11:03.820839] Cell c839c7b1-088e-41af-b9b7-66256aacd457 stopping instance 895336ed-e685-4380-8479-728a910962cd (STDOUT, STG)#
#2026 05 21 20:11:11.594#Z#DEBUG#fb7aa7c6-5550-11f1-be9f-eeee0a80e2d9.bookscapm-srv#flowable-async-job-executor-thread-6585#
[PollStageAppStatusExecution] c5b30daf-2eb2-465a-874b-302cfe83c0d1 [2026-05-21T20:11:03.820877] Cell c839c7b1-088e-41af-b9b7-66256aacd457 destroying container for instance 895336ed-e685-4380-8479-728a910962cd (STDOUT, STG)#
#2026 05 21 20:11:11.594#Z#DEBUG#fb7aa7c6-5550-11f1-be9f-eeee0a80e2d9.bookscapm-srv#flowable-async-job-executor-thread-6585#
[PollStageAppStatusExecution] c5b30daf-2eb2-465a-874b-302cfe83c0d1 [2026-05-21T20:11:03.874703] Staging complete for build 895336ed-e685-4380-8479-728a910962cd (STDOUT, API)#
#2026 05 21 20:11:11.594#Z#DEBUG#fb7aa7c6-5550-11f1-be9f-eeee0a80e2d9.bookscapm-srv#flowable-async-job-executor-thread-6585#
[PollStageAppStatusExecution] c5b30daf-2eb2-465a-874b-302cfe83c0d1 [2026-05-21T20:11:06.904664] Cell c839c7b1-088e-41af-b9b7-66256aacd457 successfully destroyed container for instance 895336ed-e685-4380-8479-728a910962cd (STDOUT, STG)#
#2026 05 21 20:11:21.586#Z#DEBUG#fb7aa7c6-5550-11f1-be9f-eeee0a80e2d9.bookscapm-srv#flowable-async-job-executor-thread-8852#
[PollStartAppStatusExecution] c5b30daf-2eb2-465a-874b-302cfe83c0d1 [2026-05-21T20:11:11.671349] Updated app with guid c5b30daf-2eb2-465a-874b-302cfe83c0d1 ({:droplet_guid=>"8521510d-0868-4abd-8984-b8c8867c79c0"}) (STDOUT, API)#
#2026 05 21 20:11:21.586#Z#DEBUG#fb7aa7c6-5550-11f1-be9f-eeee0a80e2d9.bookscapm-srv#flowable-async-job-executor-thread-8852#
[PollStartAppStatusExecution] c5b30daf-2eb2-465a-874b-302cfe83c0d1 [2026-05-21T20:11:11.906980] Creating revision for app with guid c5b30daf-2eb2-465a-874b-302cfe83c0d1 (STDOUT, API)#
#2026 05 21 20:11:21.586#Z#DEBUG#fb7aa7c6-5550-11f1-be9f-eeee0a80e2d9.bookscapm-srv#flowable-async-job-executor-thread-8852#
[PollStartAppStatusExecution] c5b30daf-2eb2-465a-874b-302cfe83c0d1 [2026-05-21T20:11:11.945331] Starting app with guid c5b30daf-2eb2-465a-874b-302cfe83c0d1 (STDOUT, API)#
#2026 05 21 20:11:21.586#Z#DEBUG#fb7aa7c6-5550-11f1-be9f-eeee0a80e2d9.bookscapm-srv#flowable-async-job-executor-thread-8852#
[PollStartAppStatusExecution] c5b30daf-2eb2-465a-874b-302cfe83c0d1 [2026-05-21T20:11:12.179063] Cell c839c7b1-088e-41af-b9b7-66256aacd457 creating container for instance 73aaae95-ff1d-440f-5737-7db4 (STDOUT, CELL)#
#2026 05 21 20:11:21.586#Z#DEBUG#fb7aa7c6-5550-11f1-be9f-eeee0a80e2d9.bookscapm-srv#flowable-async-job-executor-thread-8852#
[PollStartAppStatusExecution] c5b30daf-2eb2-465a-874b-302cfe83c0d1 [2026-05-21T20:11:13.133710] Security group rules were updated (STDOUT, CELL)#
#2026 05 21 20:11:21.586#Z#DEBUG#fb7aa7c6-5550-11f1-be9f-eeee0a80e2d9.bookscapm-srv#flowable-async-job-executor-thread-8852#
[PollStartAppStatusExecution] c5b30daf-2eb2-465a-874b-302cfe83c0d1 [2026-05-21T20:11:13.249114] Cell c839c7b1-088e-41af-b9b7-66256aacd457 successfully created container for instance 73aaae95-ff1d-440f-5737-7db4 (STDOUT, CELL)#
#2026 05 21 20:11:21.586#Z#DEBUG#fb7aa7c6-5550-11f1-be9f-eeee0a80e2d9.bookscapm-srv#flowable-async-job-executor-thread-8852#
[PollStartAppStatusExecution] c5b30daf-2eb2-465a-874b-302cfe83c0d1 [2026-05-21T20:11:13.602505] Downloading droplet... (STDOUT, CELL)#
#2026 05 21 20:11:21.586#Z#DEBUG#fb7aa7c6-5550-11f1-be9f-eeee0a80e2d9.bookscapm-srv#flowable-async-job-executor-thread-8852#
[PollStartAppStatusExecution] c5b30daf-2eb2-465a-874b-302cfe83c0d1 [2026-05-21T20:11:18.196945] Downloaded droplet (60.6M) (STDOUT, CELL)#
#2026 05 21 20:11:21.586#Z#DEBUG#fb7aa7c6-5550-11f1-be9f-eeee0a80e2d9.bookscapm-srv#flowable-async-job-executor-thread-8852#
[PollStartAppStatusExecution] c5b30daf-2eb2-465a-874b-302cfe83c0d1 [2026-05-21T20:11:18.197412] Starting health monitoring of container (STDOUT, CELL)#
#2026 05 21 20:11:21.586#Z#DEBUG#fb7aa7c6-5550-11f1-be9f-eeee0a80e2d9.bookscapm-srv#flowable-async-job-executor-thread-8852#
[PollStartAppStatusExecution] c5b30daf-2eb2-465a-874b-302cfe83c0d1 [2026-05-21T20:11:18.355497] Invoking pre-start scripts. (STDOUT, APP/PROC/WEB)#
#2026 05 21 20:11:21.586#Z#DEBUG#fb7aa7c6-5550-11f1-be9f-eeee0a80e2d9.bookscapm-srv#flowable-async-job-executor-thread-8852#
[PollStartAppStatusExecution] c5b30daf-2eb2-465a-874b-302cfe83c0d1 [2026-05-21T20:11:18.600270] Invoking start command. (STDOUT, APP/PROC/WEB)#
#2026 05 21 20:11:21.586#Z#DEBUG#fb7aa7c6-5550-11f1-be9f-eeee0a80e2d9.bookscapm-srv#flowable-async-job-executor-thread-8852#
[PollStartAppStatusExecution] c5b30daf-2eb2-465a-874b-302cfe83c0d1 [2026-05-21T20:11:19.232201] > bookscapm@1.0.0 start (STDOUT, APP/PROC/WEB)#
#2026 05 21 20:11:21.586#Z#DEBUG#fb7aa7c6-5550-11f1-be9f-eeee0a80e2d9.bookscapm-srv#flowable-async-job-executor-thread-8852#
[PollStartAppStatusExecution] c5b30daf-2eb2-465a-874b-302cfe83c0d1 [2026-05-21T20:11:19.232233] > cds-serve (STDOUT, APP/PROC/WEB)#
#2026 05 21 20:11:21.586#Z#DEBUG#fb7aa7c6-5550-11f1-be9f-eeee0a80e2d9.bookscapm-srv#flowable-async-job-executor-thread-8852#
[PollStartAppStatusExecution] c5b30daf-2eb2-465a-874b-302cfe83c0d1 [2026-05-21T20:11:19.567243] {"level":"info","logger":"cds","timestamp":"2026-05-21T20:11:19.565Z","layer":"cds","component_type":"application","container_id":"10.32.2.6","component_id":"c5b30daf-2eb2-465a-874b-302cfe83c0d1","component_name":"bookscapm-srv","component_instance":0,"source_instance":0,"organization_name":"28d7c084trial","organization_id":"51676b3c-3669-44ee-8d82-d188a1d10898","space_name":"dev","space_id":"b60fe882-3fd1-4122-b7fc-833334cb72da","msg":"loaded model from 1 file(s):\n ","type":"log"} (STDOUT, APP/PROC/WEB)#
#2026 05 21 20:11:21.586#Z#DEBUG#fb7aa7c6-5550-11f1-be9f-eeee0a80e2d9.bookscapm-srv#flowable-async-job-executor-thread-8852#
[PollStartAppStatusExecution] c5b30daf-2eb2-465a-874b-302cfe83c0d1 [2026-05-21T20:11:19.567778] srv/csn.json (STDOUT, APP/PROC/WEB)#
#2026 05 21 20:11:21.586#Z#DEBUG#fb7aa7c6-5550-11f1-be9f-eeee0a80e2d9.bookscapm-srv#flowable-async-job-executor-thread-8852#
[PollStartAppStatusExecution] c5b30daf-2eb2-465a-874b-302cfe83c0d1 [2026-05-21T20:11:19.839357] {"level":"info","logger":"cds","timestamp":"2026-05-21T20:11:19.837Z","layer":"cds","component_type":"application","container_id":"10.32.2.6","component_id":"c5b30daf-2eb2-465a-874b-302cfe83c0d1","component_name":"bookscapm-srv","component_instance":0,"source_instance":0,"organization_name":"28d7c084trial","organization_id":"51676b3c-3669-44ee-8d82-d188a1d10898","space_name":"dev","space_id":"b60fe882-3fd1-4122-b7fc-833334cb72da","msg":"connect to db > hana {\n  database_id: '4ab8c67f-241d-4bb8-ad31-be6edfc8a42f',\n  host: '4ab8c67f-241d-4bb8-ad31-be6edfc8a42f.hna1.prod-us10.hanacloud.ondemand.com',\n  port: '443',\n  driver: 'com.sap.db.jdbc.Driver',\n  url: 'jdbc:sap://4ab8c67f-241d-4bb8-ad31-be6edfc8a42f.hna1.prod-us10.hanacloud.ondemand.com:443?encrypt=true&validateCertificate=true&currentschema=AC7C2DC930114F7B98B505CA48D4BD58',\n  schema: 'AC7C2DC930114F7B98B505CA48D4BD58',\n  certificate: '...',\n  hdi_user: 'AC7C2DC930114F7B98B505CA48D4BD58_EBJ3ZBXBNH7EC44YZNCMWIULD_DT',\n  hdi_password: '...',\n  user: 'AC7C2DC930114F7B98B505CA48D4BD58_EBJ3ZBXBNH7EC44YZNCMWIULD_RT',\n  password: '...'\n}","type":"log"} (STDOUT, APP/PROC/WEB)#
#2026 05 21 20:11:21.586#Z#DEBUG#fb7aa7c6-5550-11f1-be9f-eeee0a80e2d9.bookscapm-srv#flowable-async-job-executor-thread-8852#
[PollStartAppStatusExecution] c5b30daf-2eb2-465a-874b-302cfe83c0d1 [2026-05-21T20:11:19.891946] {"level":"info","logger":"cds","timestamp":"2026-05-21T20:11:19.891Z","layer":"cds","component_type":"application","container_id":"10.32.2.6","component_id":"c5b30daf-2eb2-465a-874b-302cfe83c0d1","component_name":"bookscapm-srv","component_instance":0,"source_instance":0,"organization_name":"28d7c084trial","organization_id":"51676b3c-3669-44ee-8d82-d188a1d10898","space_name":"dev","space_id":"b60fe882-3fd1-4122-b7fc-833334cb72da","msg":"using auth strategy { kind: 'jwt' }","type":"log"} (STDOUT, APP/PROC/WEB)#
#2026 05 21 20:11:21.586#Z#DEBUG#fb7aa7c6-5550-11f1-be9f-eeee0a80e2d9.bookscapm-srv#flowable-async-job-executor-thread-8852#
[PollStartAppStatusExecution] c5b30daf-2eb2-465a-874b-302cfe83c0d1 [2026-05-21T20:11:19.895977] node:internal/modules/cjs/loader:1421 (STDERR, APP/PROC/WEB)#
#2026 05 21 20:11:21.586#Z#DEBUG#fb7aa7c6-5550-11f1-be9f-eeee0a80e2d9.bookscapm-srv#flowable-async-job-executor-thread-8852#
[PollStartAppStatusExecution] c5b30daf-2eb2-465a-874b-302cfe83c0d1 [2026-05-21T20:11:19.896006] const err = new Error(message); (STDERR, APP/PROC/WEB)#
#2026 05 21 20:11:21.586#Z#DEBUG#fb7aa7c6-5550-11f1-be9f-eeee0a80e2d9.bookscapm-srv#flowable-async-job-executor-thread-8852#
[PollStartAppStatusExecution] c5b30daf-2eb2-465a-874b-302cfe83c0d1 [2026-05-21T20:11:19.896016] ^ (STDERR, APP/PROC/WEB)#
#2026 05 21 20:11:21.587#Z#DEBUG#fb7aa7c6-5550-11f1-be9f-eeee0a80e2d9.bookscapm-srv#flowable-async-job-executor-thread-8852#
[PollStartAppStatusExecution] c5b30daf-2eb2-465a-874b-302cfe83c0d1 [2026-05-21T20:11:19.896046] Error: Cannot find '@sap/xssec'. Make sure to install it with 'npm i @sap/xssec' (STDERR, APP/PROC/WEB)#
#2026 05 21 20:11:21.587#Z#DEBUG#fb7aa7c6-5550-11f1-be9f-eeee0a80e2d9.bookscapm-srv#flowable-async-job-executor-thread-8852#
[PollStartAppStatusExecution] c5b30daf-2eb2-465a-874b-302cfe83c0d1 [2026-05-21T20:11:19.896050] Cannot find module '@sap/xssec' (STDERR, APP/PROC/WEB)#
#2026 05 21 20:11:21.587#Z#DEBUG#fb7aa7c6-5550-11f1-be9f-eeee0a80e2d9.bookscapm-srv#flowable-async-job-executor-thread-8852#
[PollStartAppStatusExecution] c5b30daf-2eb2-465a-874b-302cfe83c0d1 [2026-05-21T20:11:19.896052] Require stack: (STDERR, APP/PROC/WEB)#
#2026 05 21 20:11:21.587#Z#DEBUG#fb7aa7c6-5550-11f1-be9f-eeee0a80e2d9.bookscapm-srv#flowable-async-job-executor-thread-8852#
[PollStartAppStatusExecution] c5b30daf-2eb2-465a-874b-302cfe83c0d1 [2026-05-21T20:11:19.896055] - /home/vcap/app/node_modules/@sap/cds/lib/srv/middlewares/auth/xssec.js (STDERR, APP/PROC/WEB)#
#2026 05 21 20:11:21.587#Z#DEBUG#fb7aa7c6-5550-11f1-be9f-eeee0a80e2d9.bookscapm-srv#flowable-async-job-executor-thread-8852#
[PollStartAppStatusExecution] c5b30daf-2eb2-465a-874b-302cfe83c0d1 [2026-05-21T20:11:19.896058] - /home/vcap/app/node_modules/@sap/cds/lib/srv/middlewares/auth/jwt-auth.js (STDERR, APP/PROC/WEB)#
#2026 05 21 20:11:21.587#Z#DEBUG#fb7aa7c6-5550-11f1-be9f-eeee0a80e2d9.bookscapm-srv#flowable-async-job-executor-thread-8852#
[PollStartAppStatusExecution] c5b30daf-2eb2-465a-874b-302cfe83c0d1 [2026-05-21T20:11:19.896060] - /home/vcap/app/node_modules/@sap/cds/lib/srv/middlewares/auth/index.js (STDERR, APP/PROC/WEB)#
#2026 05 21 20:11:21.587#Z#DEBUG#fb7aa7c6-5550-11f1-be9f-eeee0a80e2d9.bookscapm-srv#flowable-async-job-executor-thread-8852#
[PollStartAppStatusExecution] c5b30daf-2eb2-465a-874b-302cfe83c0d1 [2026-05-21T20:11:19.896062] - /home/vcap/app/node_modules/@sap/cds/lib/srv/middlewares/index.js (STDERR, APP/PROC/WEB)#
#2026 05 21 20:11:21.587#Z#DEBUG#fb7aa7c6-5550-11f1-be9f-eeee0a80e2d9.bookscapm-srv#flowable-async-job-executor-thread-8852#
[PollStartAppStatusExecution] c5b30daf-2eb2-465a-874b-302cfe83c0d1 [2026-05-21T20:11:19.896066] - /home/vcap/app/node_modules/@sap/cds/lib/index.js (STDERR, APP/PROC/WEB)#
#2026 05 21 20:11:21.587#Z#DEBUG#fb7aa7c6-5550-11f1-be9f-eeee0a80e2d9.bookscapm-srv#flowable-async-job-executor-thread-8852#
[PollStartAppStatusExecution] c5b30daf-2eb2-465a-874b-302cfe83c0d1 [2026-05-21T20:11:19.896074] - /home/vcap/app/node_modules/@sap/cds/bin/serve.js (STDERR, APP/PROC/WEB)#
#2026 05 21 20:11:21.587#Z#DEBUG#fb7aa7c6-5550-11f1-be9f-eeee0a80e2d9.bookscapm-srv#flowable-async-job-executor-thread-8852#
[PollStartAppStatusExecution] c5b30daf-2eb2-465a-874b-302cfe83c0d1 [2026-05-21T20:11:19.896076] at Module._resolveFilename (node:internal/modules/cjs/loader:1421:15) (STDERR, APP/PROC/WEB)#
#2026 05 21 20:11:21.587#Z#DEBUG#fb7aa7c6-5550-11f1-be9f-eeee0a80e2d9.bookscapm-srv#flowable-async-job-executor-thread-8852#
[PollStartAppStatusExecution] c5b30daf-2eb2-465a-874b-302cfe83c0d1 [2026-05-21T20:11:19.896078] at defaultResolveImpl (node:internal/modules/cjs/loader:1059:19) (STDERR, APP/PROC/WEB)#
#2026 05 21 20:11:21.587#Z#DEBUG#fb7aa7c6-5550-11f1-be9f-eeee0a80e2d9.bookscapm-srv#flowable-async-job-executor-thread-8852#
[PollStartAppStatusExecution] c5b30daf-2eb2-465a-874b-302cfe83c0d1 [2026-05-21T20:11:19.896080] at resolveForCJSWithHooks (node:internal/modules/cjs/loader:1064:22) (STDERR, APP/PROC/WEB)#
#2026 05 21 20:11:21.587#Z#DEBUG#fb7aa7c6-5550-11f1-be9f-eeee0a80e2d9.bookscapm-srv#flowable-async-job-executor-thread-8852#
[PollStartAppStatusExecution] c5b30daf-2eb2-465a-874b-302cfe83c0d1 [2026-05-21T20:11:19.896083] at Module._load (node:internal/modules/cjs/loader:1227:37) (STDERR, APP/PROC/WEB)#
#2026 05 21 20:11:21.587#Z#DEBUG#fb7aa7c6-5550-11f1-be9f-eeee0a80e2d9.bookscapm-srv#flowable-async-job-executor-thread-8852#
[PollStartAppStatusExecution] c5b30daf-2eb2-465a-874b-302cfe83c0d1 [2026-05-21T20:11:19.896085] at TracingChannel.traceSync (node:diagnostics_channel:328:14) (STDERR, APP/PROC/WEB)#
#2026 05 21 20:11:21.587#Z#DEBUG#fb7aa7c6-5550-11f1-be9f-eeee0a80e2d9.bookscapm-srv#flowable-async-job-executor-thread-8852#
[PollStartAppStatusExecution] c5b30daf-2eb2-465a-874b-302cfe83c0d1 [2026-05-21T20:11:19.896089] at wrapModuleLoad (node:internal/modules/cjs/loader:245:24) (STDERR, APP/PROC/WEB)#
#2026 05 21 20:11:21.587#Z#DEBUG#fb7aa7c6-5550-11f1-be9f-eeee0a80e2d9.bookscapm-srv#flowable-async-job-executor-thread-8852#
[PollStartAppStatusExecution] c5b30daf-2eb2-465a-874b-302cfe83c0d1 [2026-05-21T20:11:19.896092] at Module.require (node:internal/modules/cjs/loader:1504:12) (STDERR, APP/PROC/WEB)#
#2026 05 21 20:11:21.587#Z#DEBUG#fb7aa7c6-5550-11f1-be9f-eeee0a80e2d9.bookscapm-srv#flowable-async-job-executor-thread-8852#
[PollStartAppStatusExecution] c5b30daf-2eb2-465a-874b-302cfe83c0d1 [2026-05-21T20:11:19.896099] at require (node:internal/modules/helpers:152:16) (STDERR, APP/PROC/WEB)#
#2026 05 21 20:11:21.587#Z#DEBUG#fb7aa7c6-5550-11f1-be9f-eeee0a80e2d9.bookscapm-srv#flowable-async-job-executor-thread-8852#
[PollStartAppStatusExecution] c5b30daf-2eb2-465a-874b-302cfe83c0d1 [2026-05-21T20:11:19.896104] at Object.<anonymous> (/home/vcap/app/node_modules/@sap/cds/lib/srv/middlewares/auth/xssec.js:2:17) (STDERR, APP/PROC/WEB)#
#2026 05 21 20:11:21.587#Z#DEBUG#fb7aa7c6-5550-11f1-be9f-eeee0a80e2d9.bookscapm-srv#flowable-async-job-executor-thread-8852#
[PollStartAppStatusExecution] c5b30daf-2eb2-465a-874b-302cfe83c0d1 [2026-05-21T20:11:19.896107] at Module._compile (node:internal/modules/cjs/loader:1761:14) { (STDERR, APP/PROC/WEB)#
#2026 05 21 20:11:21.587#Z#DEBUG#fb7aa7c6-5550-11f1-be9f-eeee0a80e2d9.bookscapm-srv#flowable-async-job-executor-thread-8852#
[PollStartAppStatusExecution] c5b30daf-2eb2-465a-874b-302cfe83c0d1 [2026-05-21T20:11:19.896109] code: 'MODULE_NOT_FOUND', (STDERR, APP/PROC/WEB)#
#2026 05 21 20:11:21.587#Z#DEBUG#fb7aa7c6-5550-11f1-be9f-eeee0a80e2d9.bookscapm-srv#flowable-async-job-executor-thread-8852#
[PollStartAppStatusExecution] c5b30daf-2eb2-465a-874b-302cfe83c0d1 [2026-05-21T20:11:19.896113] requireStack: [ (STDERR, APP/PROC/WEB)#
#2026 05 21 20:11:21.587#Z#DEBUG#fb7aa7c6-5550-11f1-be9f-eeee0a80e2d9.bookscapm-srv#flowable-async-job-executor-thread-8852#
[PollStartAppStatusExecution] c5b30daf-2eb2-465a-874b-302cfe83c0d1 [2026-05-21T20:11:19.896116] '/home/vcap/app/node_modules/@sap/cds/lib/srv/middlewares/auth/xssec.js', (STDERR, APP/PROC/WEB)#
#2026 05 21 20:11:21.587#Z#DEBUG#fb7aa7c6-5550-11f1-be9f-eeee0a80e2d9.bookscapm-srv#flowable-async-job-executor-thread-8852#
[PollStartAppStatusExecution] c5b30daf-2eb2-465a-874b-302cfe83c0d1 [2026-05-21T20:11:19.896121] '/home/vcap/app/node_modules/@sap/cds/lib/srv/middlewares/auth/jwt-auth.js', (STDERR, APP/PROC/WEB)#
#2026 05 21 20:11:21.587#Z#DEBUG#fb7aa7c6-5550-11f1-be9f-eeee0a80e2d9.bookscapm-srv#flowable-async-job-executor-thread-8852#
[PollStartAppStatusExecution] c5b30daf-2eb2-465a-874b-302cfe83c0d1 [2026-05-21T20:11:19.896124] '/home/vcap/app/node_modules/@sap/cds/lib/srv/middlewares/auth/index.js', (STDERR, APP/PROC/WEB)#
#2026 05 21 20:11:21.587#Z#DEBUG#fb7aa7c6-5550-11f1-be9f-eeee0a80e2d9.bookscapm-srv#flowable-async-job-executor-thread-8852#
[PollStartAppStatusExecution] c5b30daf-2eb2-465a-874b-302cfe83c0d1 [2026-05-21T20:11:19.896130] '/home/vcap/app/node_modules/@sap/cds/lib/srv/middlewares/index.js', (STDERR, APP/PROC/WEB)#
#2026 05 21 20:11:21.587#Z#DEBUG#fb7aa7c6-5550-11f1-be9f-eeee0a80e2d9.bookscapm-srv#flowable-async-job-executor-thread-8852#
[PollStartAppStatusExecution] c5b30daf-2eb2-465a-874b-302cfe83c0d1 [2026-05-21T20:11:19.896135] '/home/vcap/app/node_modules/@sap/cds/lib/index.js', (STDERR, APP/PROC/WEB)#
#2026 05 21 20:11:21.587#Z#DEBUG#fb7aa7c6-5550-11f1-be9f-eeee0a80e2d9.bookscapm-srv#flowable-async-job-executor-thread-8852#
[PollStartAppStatusExecution] c5b30daf-2eb2-465a-874b-302cfe83c0d1 [2026-05-21T20:11:19.896140] '/home/vcap/app/node_modules/@sap/cds/bin/serve.js' (STDERR, APP/PROC/WEB)#
#2026 05 21 20:11:21.587#Z#DEBUG#fb7aa7c6-5550-11f1-be9f-eeee0a80e2d9.bookscapm-srv#flowable-async-job-executor-thread-8852#
[PollStartAppStatusExecution] c5b30daf-2eb2-465a-874b-302cfe83c0d1 [2026-05-21T20:11:19.896143] ] (STDERR, APP/PROC/WEB)#
#2026 05 21 20:11:21.587#Z#DEBUG#fb7aa7c6-5550-11f1-be9f-eeee0a80e2d9.bookscapm-srv#flowable-async-job-executor-thread-8852#
[PollStartAppStatusExecution] c5b30daf-2eb2-465a-874b-302cfe83c0d1 [2026-05-21T20:11:19.896146] } (STDERR, APP/PROC/WEB)#
#2026 05 21 20:11:21.587#Z#DEBUG#fb7aa7c6-5550-11f1-be9f-eeee0a80e2d9.bookscapm-srv#flowable-async-job-executor-thread-8852#
[PollStartAppStatusExecution] c5b30daf-2eb2-465a-874b-302cfe83c0d1 [2026-05-21T20:11:19.896152] Node.js v24.13.0 (STDERR, APP/PROC/WEB)#
#2026 05 21 20:11:21.587#Z#DEBUG#fb7aa7c6-5550-11f1-be9f-eeee0a80e2d9.bookscapm-srv#flowable-async-job-executor-thread-8852#
[PollStartAppStatusExecution] c5b30daf-2eb2-465a-874b-302cfe83c0d1 [2026-05-21T20:11:19.918729] npm notice (STDERR, APP/PROC/WEB)#
#2026 05 21 20:11:21.587#Z#DEBUG#fb7aa7c6-5550-11f1-be9f-eeee0a80e2d9.bookscapm-srv#flowable-async-job-executor-thread-8852#
[PollStartAppStatusExecution] c5b30daf-2eb2-465a-874b-302cfe83c0d1 [2026-05-21T20:11:19.918759] npm notice New minor version of npm available! 11.6.2 -> 11.15.0 (STDERR, APP/PROC/WEB)#
#2026 05 21 20:11:21.587#Z#DEBUG#fb7aa7c6-5550-11f1-be9f-eeee0a80e2d9.bookscapm-srv#flowable-async-job-executor-thread-8852#
[PollStartAppStatusExecution] c5b30daf-2eb2-465a-874b-302cfe83c0d1 [2026-05-21T20:11:19.918767] npm notice Changelog: https://github.com/npm/cli/releases/tag/v11.15.0 (STDERR, APP/PROC/WEB)#
#2026 05 21 20:11:21.587#Z#DEBUG#fb7aa7c6-5550-11f1-be9f-eeee0a80e2d9.bookscapm-srv#flowable-async-job-executor-thread-8852#
[PollStartAppStatusExecution] c5b30daf-2eb2-465a-874b-302cfe83c0d1 [2026-05-21T20:11:19.918769] npm notice To update run: npm install -g npm@11.15.0 (STDERR, APP/PROC/WEB)#
#2026 05 21 20:11:21.587#Z#DEBUG#fb7aa7c6-5550-11f1-be9f-eeee0a80e2d9.bookscapm-srv#flowable-async-job-executor-thread-8852#
[PollStartAppStatusExecution] c5b30daf-2eb2-465a-874b-302cfe83c0d1 [2026-05-21T20:11:19.918772] npm notice (STDERR, APP/PROC/WEB)#
#2026 05 21 20:11:21.587#Z#DEBUG#fb7aa7c6-5550-11f1-be9f-eeee0a80e2d9.bookscapm-srv#flowable-async-job-executor-thread-8852#
[PollStartAppStatusExecution] c5b30daf-2eb2-465a-874b-302cfe83c0d1 [2026-05-21T20:11:20.012854] Exit status 1 (STDOUT, APP/PROC/WEB)#
#2026 05 21 20:11:31.565#Z#DEBUG#fb7aa7c6-5550-11f1-be9f-eeee0a80e2d9.bookscapm-srv#flowable-async-job-executor-thread-8854#
[PollStartAppStatusExecution] c5b30daf-2eb2-465a-874b-302cfe83c0d1 [2026-05-21T20:11:26.903755] Cell c839c7b1-088e-41af-b9b7-66256aacd457 stopping instance 73aaae95-ff1d-440f-5737-7db4 (STDOUT, CELL)#
#2026 05 21 20:11:31.565#Z#DEBUG#fb7aa7c6-5550-11f1-be9f-eeee0a80e2d9.bookscapm-srv#flowable-async-job-executor-thread-8854#
[PollStartAppStatusExecution] c5b30daf-2eb2-465a-874b-302cfe83c0d1 [2026-05-21T20:11:26.903819] Cell c839c7b1-088e-41af-b9b7-66256aacd457 destroying container for instance 73aaae95-ff1d-440f-5737-7db4 (STDOUT, CELL)#
#2026 05 21 20:11:31.565#Z#DEBUG#fb7aa7c6-5550-11f1-be9f-eeee0a80e2d9.bookscapm-srv#flowable-async-job-executor-thread-8854#
[PollStartAppStatusExecution] c5b30daf-2eb2-465a-874b-302cfe83c0d1 [2026-05-21T20:11:26.909770] Process has crashed with type: "web" (STDOUT, API)#
#2026 05 21 20:11:31.565#Z#DEBUG#fb7aa7c6-5550-11f1-be9f-eeee0a80e2d9.bookscapm-srv#flowable-async-job-executor-thread-8854#
[PollStartAppStatusExecution] c5b30daf-2eb2-465a-874b-302cfe83c0d1 [2026-05-21T20:11:26.921005] App instance exited with guid c5b30daf-2eb2-465a-874b-302cfe83c0d1 payload: {"instance"=>"73aaae95-ff1d-440f-5737-7db4", "index"=>0, "cell_id"=>"c839c7b1-088e-41af-b9b7-66256aacd457", "reason"=>"CRASHED", "exit_description"=>"APP/PROC/WEB: Exited with status 1", "crash_count"=>1, "crash_timestamp"=>1779394286887033669, "version"=>"4cc3fccc-c4ea-488e-be10-882ef6f58957"} (STDOUT, API)#
#2026 05 21 20:11:31.565#Z#DEBUG#fb7aa7c6-5550-11f1-be9f-eeee0a80e2d9.bookscapm-srv#flowable-async-job-executor-thread-8854#
[PollStartAppStatusExecution] c5b30daf-2eb2-465a-874b-302cfe83c0d1 [2026-05-21T20:11:27.023049] Cell 684caff8-89cd-492b-be01-b3d0835f1763 creating container for instance 9e0467a6-12b9-4111-5936-4beb (STDOUT, CELL)#
#2026 05 21 20:11:31.565#Z#DEBUG#fb7aa7c6-5550-11f1-be9f-eeee0a80e2d9.bookscapm-srv#flowable-async-job-executor-thread-8854#
[PollStartAppStatusExecution] c5b30daf-2eb2-465a-874b-302cfe83c0d1 [2026-05-21T20:11:27.180711] Exit status 137 (STDOUT, PROXY)#
#2026 05 21 20:11:31.565#Z#DEBUG#fb7aa7c6-5550-11f1-be9f-eeee0a80e2d9.bookscapm-srv#flowable-async-job-executor-thread-8854#
[PollStartAppStatusExecution] c5b30daf-2eb2-465a-874b-302cfe83c0d1 [2026-05-21T20:11:28.015873] Security group rules were updated (STDOUT, CELL)#
#2026 05 21 20:11:31.565#Z#DEBUG#fb7aa7c6-5550-11f1-be9f-eeee0a80e2d9.bookscapm-srv#flowable-async-job-executor-thread-8854#
[PollStartAppStatusExecution] c5b30daf-2eb2-465a-874b-302cfe83c0d1 [2026-05-21T20:11:28.123425] Cell 684caff8-89cd-492b-be01-b3d0835f1763 successfully created container for instance 9e0467a6-12b9-4111-5936-4beb (STDOUT, CELL)#
#2026 05 21 20:11:31.565#Z#DEBUG#fb7aa7c6-5550-11f1-be9f-eeee0a80e2d9.bookscapm-srv#flowable-async-job-executor-thread-8854#
[PollStartAppStatusExecution] c5b30daf-2eb2-465a-874b-302cfe83c0d1 [2026-05-21T20:11:28.611951] Downloading droplet... (STDOUT, CELL)#
#2026 05 21 20:11:31.565#Z#DEBUG#fb7aa7c6-5550-11f1-be9f-eeee0a80e2d9.bookscapm-srv#flowable-async-job-executor-thread-8854#
[PollStartAppStatusExecution] c5b30daf-2eb2-465a-874b-302cfe83c0d1 [2026-05-21T20:11:29.526090] Cell c839c7b1-088e-41af-b9b7-66256aacd457 successfully destroyed container for instance 73aaae95-ff1d-440f-5737-7db4 (STDOUT, CELL)#
#2026 05 21 20:11:41.581#Z#DEBUG#fb7aa7c6-5550-11f1-be9f-eeee0a80e2d9.bookscapm-srv#flowable-async-job-executor-thread-8856#
[PollStartAppStatusExecution] c5b30daf-2eb2-465a-874b-302cfe83c0d1 [2026-05-21T20:11:33.469209] Downloaded droplet (60.6M) (STDOUT, CELL)#
#2026 05 21 20:11:41.581#Z#DEBUG#fb7aa7c6-5550-11f1-be9f-eeee0a80e2d9.bookscapm-srv#flowable-async-job-executor-thread-8856#
[PollStartAppStatusExecution] c5b30daf-2eb2-465a-874b-302cfe83c0d1 [2026-05-21T20:11:33.469577] Starting health monitoring of container (STDOUT, CELL)#
#2026 05 21 20:11:41.581#Z#DEBUG#fb7aa7c6-5550-11f1-be9f-eeee0a80e2d9.bookscapm-srv#flowable-async-job-executor-thread-8856#
[PollStartAppStatusExecution] c5b30daf-2eb2-465a-874b-302cfe83c0d1 [2026-05-21T20:11:33.625335] Invoking pre-start scripts. (STDOUT, APP/PROC/WEB)#
#2026 05 21 20:11:41.581#Z#DEBUG#fb7aa7c6-5550-11f1-be9f-eeee0a80e2d9.bookscapm-srv#flowable-async-job-executor-thread-8856#
[PollStartAppStatusExecution] c5b30daf-2eb2-465a-874b-302cfe83c0d1 [2026-05-21T20:11:33.866864] Invoking start command. (STDOUT, APP/PROC/WEB)#
#2026 05 21 20:11:41.581#Z#DEBUG#fb7aa7c6-5550-11f1-be9f-eeee0a80e2d9.bookscapm-srv#flowable-async-job-executor-thread-8856#
[PollStartAppStatusExecution] c5b30daf-2eb2-465a-874b-302cfe83c0d1 [2026-05-21T20:11:34.402332] > bookscapm@1.0.0 start (STDOUT, APP/PROC/WEB)#
#2026 05 21 20:11:41.581#Z#DEBUG#fb7aa7c6-5550-11f1-be9f-eeee0a80e2d9.bookscapm-srv#flowable-async-job-executor-thread-8856#
[PollStartAppStatusExecution] c5b30daf-2eb2-465a-874b-302cfe83c0d1 [2026-05-21T20:11:34.402359] > cds-serve (STDOUT, APP/PROC/WEB)#
#2026 05 21 20:11:41.581#Z#DEBUG#fb7aa7c6-5550-11f1-be9f-eeee0a80e2d9.bookscapm-srv#flowable-async-job-executor-thread-8856#
[PollStartAppStatusExecution] c5b30daf-2eb2-465a-874b-302cfe83c0d1 [2026-05-21T20:11:34.706979] {"level":"info","logger":"cds","timestamp":"2026-05-21T20:11:34.705Z","layer":"cds","component_type":"application","container_id":"10.32.1.6","component_id":"c5b30daf-2eb2-465a-874b-302cfe83c0d1","component_name":"bookscapm-srv","component_instance":0,"source_instance":0,"organization_name":"28d7c084trial","organization_id":"51676b3c-3669-44ee-8d82-d188a1d10898","space_name":"dev","space_id":"b60fe882-3fd1-4122-b7fc-833334cb72da","msg":"loaded model from 1 file(s):\n ","type":"log"} (STDOUT, APP/PROC/WEB)#
#2026 05 21 20:11:41.581#Z#DEBUG#fb7aa7c6-5550-11f1-be9f-eeee0a80e2d9.bookscapm-srv#flowable-async-job-executor-thread-8856#
[PollStartAppStatusExecution] c5b30daf-2eb2-465a-874b-302cfe83c0d1 [2026-05-21T20:11:34.707534] srv/csn.json (STDOUT, APP/PROC/WEB)#
#2026 05 21 20:11:41.581#Z#DEBUG#fb7aa7c6-5550-11f1-be9f-eeee0a80e2d9.bookscapm-srv#flowable-async-job-executor-thread-8856#
[PollStartAppStatusExecution] c5b30daf-2eb2-465a-874b-302cfe83c0d1 [2026-05-21T20:11:34.968346] {"level":"info","logger":"cds","timestamp":"2026-05-21T20:11:34.967Z","layer":"cds","component_type":"application","container_id":"10.32.1.6","component_id":"c5b30daf-2eb2-465a-874b-302cfe83c0d1","component_name":"bookscapm-srv","component_instance":0,"source_instance":0,"organization_name":"28d7c084trial","organization_id":"51676b3c-3669-44ee-8d82-d188a1d10898","space_name":"dev","space_id":"b60fe882-3fd1-4122-b7fc-833334cb72da","msg":"connect to db > hana {\n  database_id: '4ab8c67f-241d-4bb8-ad31-be6edfc8a42f',\n  host: '4ab8c67f-241d-4bb8-ad31-be6edfc8a42f.hna1.prod-us10.hanacloud.ondemand.com',\n  port: '443',\n  driver: 'com.sap.db.jdbc.Driver',\n  url: 'jdbc:sap://4ab8c67f-241d-4bb8-ad31-be6edfc8a42f.hna1.prod-us10.hanacloud.ondemand.com:443?encrypt=true&validateCertificate=true&currentschema=AC7C2DC930114F7B98B505CA48D4BD58',\n  schema: 'AC7C2DC930114F7B98B505CA48D4BD58',\n  certificate: '...',\n  hdi_user: 'AC7C2DC930114F7B98B505CA48D4BD58_EBJ3ZBXBNH7EC44YZNCMWIULD_DT',\n  hdi_password: '...',\n  user: 'AC7C2DC930114F7B98B505CA48D4BD58_EBJ3ZBXBNH7EC44YZNCMWIULD_RT',\n  password: '...'\n}","type":"log"} (STDOUT, APP/PROC/WEB)#
#2026 05 21 20:11:41.581#Z#DEBUG#fb7aa7c6-5550-11f1-be9f-eeee0a80e2d9.bookscapm-srv#flowable-async-job-executor-thread-8856#
[PollStartAppStatusExecution] c5b30daf-2eb2-465a-874b-302cfe83c0d1 [2026-05-21T20:11:35.009456] {"level":"info","logger":"cds","timestamp":"2026-05-21T20:11:35.008Z","layer":"cds","component_type":"application","container_id":"10.32.1.6","component_id":"c5b30daf-2eb2-465a-874b-302cfe83c0d1","component_name":"bookscapm-srv","component_instance":0,"source_instance":0,"organization_name":"28d7c084trial","organization_id":"51676b3c-3669-44ee-8d82-d188a1d10898","space_name":"dev","space_id":"b60fe882-3fd1-4122-b7fc-833334cb72da","msg":"using auth strategy { kind: 'jwt' }","type":"log"} (STDOUT, APP/PROC/WEB)#
#2026 05 21 20:11:41.581#Z#DEBUG#fb7aa7c6-5550-11f1-be9f-eeee0a80e2d9.bookscapm-srv#flowable-async-job-executor-thread-8856#
[PollStartAppStatusExecution] c5b30daf-2eb2-465a-874b-302cfe83c0d1 [2026-05-21T20:11:35.011248] node:internal/modules/cjs/loader:1421 (STDERR, APP/PROC/WEB)#
#2026 05 21 20:11:41.581#Z#DEBUG#fb7aa7c6-5550-11f1-be9f-eeee0a80e2d9.bookscapm-srv#flowable-async-job-executor-thread-8856#
[PollStartAppStatusExecution] c5b30daf-2eb2-465a-874b-302cfe83c0d1 [2026-05-21T20:11:35.011279] const err = new Error(message); (STDERR, APP/PROC/WEB)#
#2026 05 21 20:11:41.581#Z#DEBUG#fb7aa7c6-5550-11f1-be9f-eeee0a80e2d9.bookscapm-srv#flowable-async-job-executor-thread-8856#
[PollStartAppStatusExecution] c5b30daf-2eb2-465a-874b-302cfe83c0d1 [2026-05-21T20:11:35.011284] ^ (STDERR, APP/PROC/WEB)#
#2026 05 21 20:11:41.581#Z#DEBUG#fb7aa7c6-5550-11f1-be9f-eeee0a80e2d9.bookscapm-srv#flowable-async-job-executor-thread-8856#
[PollStartAppStatusExecution] c5b30daf-2eb2-465a-874b-302cfe83c0d1 [2026-05-21T20:11:35.011289] Error: Cannot find '@sap/xssec'. Make sure to install it with 'npm i @sap/xssec' (STDERR, APP/PROC/WEB)#
#2026 05 21 20:11:41.581#Z#DEBUG#fb7aa7c6-5550-11f1-be9f-eeee0a80e2d9.bookscapm-srv#flowable-async-job-executor-thread-8856#
[PollStartAppStatusExecution] c5b30daf-2eb2-465a-874b-302cfe83c0d1 [2026-05-21T20:11:35.011294] Cannot find module '@sap/xssec' (STDERR, APP/PROC/WEB)#
#2026 05 21 20:11:41.581#Z#DEBUG#fb7aa7c6-5550-11f1-be9f-eeee0a80e2d9.bookscapm-srv#flowable-async-job-executor-thread-8856#
[PollStartAppStatusExecution] c5b30daf-2eb2-465a-874b-302cfe83c0d1 [2026-05-21T20:11:35.011297] Require stack: (STDERR, APP/PROC/WEB)#
#2026 05 21 20:11:41.581#Z#DEBUG#fb7aa7c6-5550-11f1-be9f-eeee0a80e2d9.bookscapm-srv#flowable-async-job-executor-thread-8856#
[PollStartAppStatusExecution] c5b30daf-2eb2-465a-874b-302cfe83c0d1 [2026-05-21T20:11:35.011300] - /home/vcap/app/node_modules/@sap/cds/lib/srv/middlewares/auth/xssec.js (STDERR, APP/PROC/WEB)#
#2026 05 21 20:11:41.581#Z#DEBUG#fb7aa7c6-5550-11f1-be9f-eeee0a80e2d9.bookscapm-srv#flowable-async-job-executor-thread-8856#
[PollStartAppStatusExecution] c5b30daf-2eb2-465a-874b-302cfe83c0d1 [2026-05-21T20:11:35.011302] - /home/vcap/app/node_modules/@sap/cds/lib/srv/middlewares/auth/jwt-auth.js (STDERR, APP/PROC/WEB)#
#2026 05 21 20:11:41.581#Z#DEBUG#fb7aa7c6-5550-11f1-be9f-eeee0a80e2d9.bookscapm-srv#flowable-async-job-executor-thread-8856#
[PollStartAppStatusExecution] c5b30daf-2eb2-465a-874b-302cfe83c0d1 [2026-05-21T20:11:35.011304] - /home/vcap/app/node_modules/@sap/cds/lib/srv/middlewares/auth/index.js (STDERR, APP/PROC/WEB)#
#2026 05 21 20:11:41.581#Z#DEBUG#fb7aa7c6-5550-11f1-be9f-eeee0a80e2d9.bookscapm-srv#flowable-async-job-executor-thread-8856#
[PollStartAppStatusExecution] c5b30daf-2eb2-465a-874b-302cfe83c0d1 [2026-05-21T20:11:35.011306] - /home/vcap/app/node_modules/@sap/cds/lib/srv/middlewares/index.js (STDERR, APP/PROC/WEB)#
#2026 05 21 20:11:41.581#Z#DEBUG#fb7aa7c6-5550-11f1-be9f-eeee0a80e2d9.bookscapm-srv#flowable-async-job-executor-thread-8856#
[PollStartAppStatusExecution] c5b30daf-2eb2-465a-874b-302cfe83c0d1 [2026-05-21T20:11:35.011310] - /home/vcap/app/node_modules/@sap/cds/lib/index.js (STDERR, APP/PROC/WEB)#
#2026 05 21 20:11:41.581#Z#DEBUG#fb7aa7c6-5550-11f1-be9f-eeee0a80e2d9.bookscapm-srv#flowable-async-job-executor-thread-8856#
[PollStartAppStatusExecution] c5b30daf-2eb2-465a-874b-302cfe83c0d1 [2026-05-21T20:11:35.011312] - /home/vcap/app/node_modules/@sap/cds/bin/serve.js (STDERR, APP/PROC/WEB)#
#2026 05 21 20:11:41.581#Z#DEBUG#fb7aa7c6-5550-11f1-be9f-eeee0a80e2d9.bookscapm-srv#flowable-async-job-executor-thread-8856#
[PollStartAppStatusExecution] c5b30daf-2eb2-465a-874b-302cfe83c0d1 [2026-05-21T20:11:35.011314] at Module._resolveFilename (node:internal/modules/cjs/loader:1421:15) (STDERR, APP/PROC/WEB)#
#2026 05 21 20:11:41.581#Z#DEBUG#fb7aa7c6-5550-11f1-be9f-eeee0a80e2d9.bookscapm-srv#flowable-async-job-executor-thread-8856#
[PollStartAppStatusExecution] c5b30daf-2eb2-465a-874b-302cfe83c0d1 [2026-05-21T20:11:35.011319] at defaultResolveImpl (node:internal/modules/cjs/loader:1059:19) (STDERR, APP/PROC/WEB)#
#2026 05 21 20:11:41.581#Z#DEBUG#fb7aa7c6-5550-11f1-be9f-eeee0a80e2d9.bookscapm-srv#flowable-async-job-executor-thread-8856#
[PollStartAppStatusExecution] c5b30daf-2eb2-465a-874b-302cfe83c0d1 [2026-05-21T20:11:35.011322] at resolveForCJSWithHooks (node:internal/modules/cjs/loader:1064:22) (STDERR, APP/PROC/WEB)#
#2026 05 21 20:11:41.581#Z#DEBUG#fb7aa7c6-5550-11f1-be9f-eeee0a80e2d9.bookscapm-srv#flowable-async-job-executor-thread-8856#
[PollStartAppStatusExecution] c5b30daf-2eb2-465a-874b-302cfe83c0d1 [2026-05-21T20:11:35.011325] at Module._load (node:internal/modules/cjs/loader:1227:37) (STDERR, APP/PROC/WEB)#
#2026 05 21 20:11:41.581#Z#DEBUG#fb7aa7c6-5550-11f1-be9f-eeee0a80e2d9.bookscapm-srv#flowable-async-job-executor-thread-8856#
[PollStartAppStatusExecution] c5b30daf-2eb2-465a-874b-302cfe83c0d1 [2026-05-21T20:11:35.011327] at TracingChannel.traceSync (node:diagnostics_channel:328:14) (STDERR, APP/PROC/WEB)#
#2026 05 21 20:11:41.581#Z#DEBUG#fb7aa7c6-5550-11f1-be9f-eeee0a80e2d9.bookscapm-srv#flowable-async-job-executor-thread-8856#
[PollStartAppStatusExecution] c5b30daf-2eb2-465a-874b-302cfe83c0d1 [2026-05-21T20:11:35.011330] at wrapModuleLoad (node:internal/modules/cjs/loader:245:24) (STDERR, APP/PROC/WEB)#
#2026 05 21 20:11:41.581#Z#DEBUG#fb7aa7c6-5550-11f1-be9f-eeee0a80e2d9.bookscapm-srv#flowable-async-job-executor-thread-8856#
[PollStartAppStatusExecution] c5b30daf-2eb2-465a-874b-302cfe83c0d1 [2026-05-21T20:11:35.011332] at Module.require (node:internal/modules/cjs/loader:1504:12) (STDERR, APP/PROC/WEB)#
#2026 05 21 20:11:41.581#Z#DEBUG#fb7aa7c6-5550-11f1-be9f-eeee0a80e2d9.bookscapm-srv#flowable-async-job-executor-thread-8856#
[PollStartAppStatusExecution] c5b30daf-2eb2-465a-874b-302cfe83c0d1 [2026-05-21T20:11:35.011334] at require (node:internal/modules/helpers:152:16) (STDERR, APP/PROC/WEB)#
#2026 05 21 20:11:41.581#Z#DEBUG#fb7aa7c6-5550-11f1-be9f-eeee0a80e2d9.bookscapm-srv#flowable-async-job-executor-thread-8856#
[PollStartAppStatusExecution] c5b30daf-2eb2-465a-874b-302cfe83c0d1 [2026-05-21T20:11:35.011338] at Object.<anonymous> (/home/vcap/app/node_modules/@sap/cds/lib/srv/middlewares/auth/xssec.js:2:17) (STDERR, APP/PROC/WEB)#
#2026 05 21 20:11:41.581#Z#DEBUG#fb7aa7c6-5550-11f1-be9f-eeee0a80e2d9.bookscapm-srv#flowable-async-job-executor-thread-8856#
[PollStartAppStatusExecution] c5b30daf-2eb2-465a-874b-302cfe83c0d1 [2026-05-21T20:11:35.011340] at Module._compile (node:internal/modules/cjs/loader:1761:14) { (STDERR, APP/PROC/WEB)#
#2026 05 21 20:11:41.581#Z#DEBUG#fb7aa7c6-5550-11f1-be9f-eeee0a80e2d9.bookscapm-srv#flowable-async-job-executor-thread-8856#
[PollStartAppStatusExecution] c5b30daf-2eb2-465a-874b-302cfe83c0d1 [2026-05-21T20:11:35.011345] code: 'MODULE_NOT_FOUND', (STDERR, APP/PROC/WEB)#
#2026 05 21 20:11:41.581#Z#DEBUG#fb7aa7c6-5550-11f1-be9f-eeee0a80e2d9.bookscapm-srv#flowable-async-job-executor-thread-8856#
[PollStartAppStatusExecution] c5b30daf-2eb2-465a-874b-302cfe83c0d1 [2026-05-21T20:11:35.011354] requireStack: [ (STDERR, APP/PROC/WEB)#
#2026 05 21 20:11:41.581#Z#DEBUG#fb7aa7c6-5550-11f1-be9f-eeee0a80e2d9.bookscapm-srv#flowable-async-job-executor-thread-8856#
[PollStartAppStatusExecution] c5b30daf-2eb2-465a-874b-302cfe83c0d1 [2026-05-21T20:11:35.011357] '/home/vcap/app/node_modules/@sap/cds/lib/srv/middlewares/auth/xssec.js', (STDERR, APP/PROC/WEB)#
#2026 05 21 20:11:41.581#Z#DEBUG#fb7aa7c6-5550-11f1-be9f-eeee0a80e2d9.bookscapm-srv#flowable-async-job-executor-thread-8856#
[PollStartAppStatusExecution] c5b30daf-2eb2-465a-874b-302cfe83c0d1 [2026-05-21T20:11:35.011359] '/home/vcap/app/node_modules/@sap/cds/lib/srv/middlewares/auth/jwt-auth.js', (STDERR, APP/PROC/WEB)#
#2026 05 21 20:11:41.581#Z#DEBUG#fb7aa7c6-5550-11f1-be9f-eeee0a80e2d9.bookscapm-srv#flowable-async-job-executor-thread-8856#
[PollStartAppStatusExecution] c5b30daf-2eb2-465a-874b-302cfe83c0d1 [2026-05-21T20:11:35.011362] '/home/vcap/app/node_modules/@sap/cds/lib/srv/middlewares/auth/index.js', (STDERR, APP/PROC/WEB)#
#2026 05 21 20:11:41.581#Z#DEBUG#fb7aa7c6-5550-11f1-be9f-eeee0a80e2d9.bookscapm-srv#flowable-async-job-executor-thread-8856#
[PollStartAppStatusExecution] c5b30daf-2eb2-465a-874b-302cfe83c0d1 [2026-05-21T20:11:35.011364] '/home/vcap/app/node_modules/@sap/cds/lib/srv/middlewares/index.js', (STDERR, APP/PROC/WEB)#
#2026 05 21 20:11:41.581#Z#DEBUG#fb7aa7c6-5550-11f1-be9f-eeee0a80e2d9.bookscapm-srv#flowable-async-job-executor-thread-8856#
[PollStartAppStatusExecution] c5b30daf-2eb2-465a-874b-302cfe83c0d1 [2026-05-21T20:11:35.011366] '/home/vcap/app/node_modules/@sap/cds/lib/index.js', (STDERR, APP/PROC/WEB)#
#2026 05 21 20:11:41.581#Z#DEBUG#fb7aa7c6-5550-11f1-be9f-eeee0a80e2d9.bookscapm-srv#flowable-async-job-executor-thread-8856#
[PollStartAppStatusExecution] c5b30daf-2eb2-465a-874b-302cfe83c0d1 [2026-05-21T20:11:35.011369] '/home/vcap/app/node_modules/@sap/cds/bin/serve.js' (STDERR, APP/PROC/WEB)#
#2026 05 21 20:11:41.581#Z#DEBUG#fb7aa7c6-5550-11f1-be9f-eeee0a80e2d9.bookscapm-srv#flowable-async-job-executor-thread-8856#
[PollStartAppStatusExecution] c5b30daf-2eb2-465a-874b-302cfe83c0d1 [2026-05-21T20:11:35.011371] ] (STDERR, APP/PROC/WEB)#
#2026 05 21 20:11:41.581#Z#DEBUG#fb7aa7c6-5550-11f1-be9f-eeee0a80e2d9.bookscapm-srv#flowable-async-job-executor-thread-8856#
[PollStartAppStatusExecution] c5b30daf-2eb2-465a-874b-302cfe83c0d1 [2026-05-21T20:11:35.011373] } (STDERR, APP/PROC/WEB)#
#2026 05 21 20:11:41.581#Z#DEBUG#fb7aa7c6-5550-11f1-be9f-eeee0a80e2d9.bookscapm-srv#flowable-async-job-executor-thread-8856#
[PollStartAppStatusExecution] c5b30daf-2eb2-465a-874b-302cfe83c0d1 [2026-05-21T20:11:35.011375] Node.js v24.13.0 (STDERR, APP/PROC/WEB)#
#2026 05 21 20:11:41.581#Z#DEBUG#fb7aa7c6-5550-11f1-be9f-eeee0a80e2d9.bookscapm-srv#flowable-async-job-executor-thread-8856#
[PollStartAppStatusExecution] c5b30daf-2eb2-465a-874b-302cfe83c0d1 [2026-05-21T20:11:35.031956] npm notice (STDERR, APP/PROC/WEB)#
#2026 05 21 20:11:41.581#Z#DEBUG#fb7aa7c6-5550-11f1-be9f-eeee0a80e2d9.bookscapm-srv#flowable-async-job-executor-thread-8856#
[PollStartAppStatusExecution] c5b30daf-2eb2-465a-874b-302cfe83c0d1 [2026-05-21T20:11:35.031988] npm notice New minor version of npm available! 11.6.2 -> 11.15.0 (STDERR, APP/PROC/WEB)#
#2026 05 21 20:11:41.581#Z#DEBUG#fb7aa7c6-5550-11f1-be9f-eeee0a80e2d9.bookscapm-srv#flowable-async-job-executor-thread-8856#
[PollStartAppStatusExecution] c5b30daf-2eb2-465a-874b-302cfe83c0d1 [2026-05-21T20:11:35.031994] npm notice Changelog: https://github.com/npm/cli/releases/tag/v11.15.0 (STDERR, APP/PROC/WEB)#
#2026 05 21 20:11:41.581#Z#DEBUG#fb7aa7c6-5550-11f1-be9f-eeee0a80e2d9.bookscapm-srv#flowable-async-job-executor-thread-8856#
[PollStartAppStatusExecution] c5b30daf-2eb2-465a-874b-302cfe83c0d1 [2026-05-21T20:11:35.031996] npm notice To update run: npm install -g npm@11.15.0 (STDERR, APP/PROC/WEB)#
#2026 05 21 20:11:41.581#Z#DEBUG#fb7aa7c6-5550-11f1-be9f-eeee0a80e2d9.bookscapm-srv#flowable-async-job-executor-thread-8856#
[PollStartAppStatusExecution] c5b30daf-2eb2-465a-874b-302cfe83c0d1 [2026-05-21T20:11:35.031998] npm notice (STDERR, APP/PROC/WEB)#
#2026 05 21 20:11:41.581#Z#DEBUG#fb7aa7c6-5550-11f1-be9f-eeee0a80e2d9.bookscapm-srv#flowable-async-job-executor-thread-8856#
[PollStartAppStatusExecution] c5b30daf-2eb2-465a-874b-302cfe83c0d1 [2026-05-21T20:11:35.125204] Exit status 1 (STDOUT, APP/PROC/WEB)#
#2026 05 21 20:11:51.611#Z#DEBUG#fb7aa7c6-5550-11f1-be9f-eeee0a80e2d9.bookscapm-srv#flowable-async-job-executor-thread-8858#
[PollStartAppStatusExecution] c5b30daf-2eb2-465a-874b-302cfe83c0d1 [2026-05-21T20:11:41.423736] Cell 684caff8-89cd-492b-be01-b3d0835f1763 stopping instance 9e0467a6-12b9-4111-5936-4beb (STDOUT, CELL)#
#2026 05 21 20:11:51.611#Z#DEBUG#fb7aa7c6-5550-11f1-be9f-eeee0a80e2d9.bookscapm-srv#flowable-async-job-executor-thread-8858#
[PollStartAppStatusExecution] c5b30daf-2eb2-465a-874b-302cfe83c0d1 [2026-05-21T20:11:41.423787] Cell 684caff8-89cd-492b-be01-b3d0835f1763 destroying container for instance 9e0467a6-12b9-4111-5936-4beb (STDOUT, CELL)#
#2026 05 21 20:11:51.611#Z#DEBUG#fb7aa7c6-5550-11f1-be9f-eeee0a80e2d9.bookscapm-srv#flowable-async-job-executor-thread-8858#
[PollStartAppStatusExecution] c5b30daf-2eb2-465a-874b-302cfe83c0d1 [2026-05-21T20:11:41.444161] Process has crashed with type: "web" (STDOUT, API)#
#2026 05 21 20:11:51.611#Z#DEBUG#fb7aa7c6-5550-11f1-be9f-eeee0a80e2d9.bookscapm-srv#flowable-async-job-executor-thread-8858#
[PollStartAppStatusExecution] c5b30daf-2eb2-465a-874b-302cfe83c0d1 [2026-05-21T20:11:41.457180] App instance exited with guid c5b30daf-2eb2-465a-874b-302cfe83c0d1 payload: {"instance"=>"9e0467a6-12b9-4111-5936-4beb", "index"=>0, "cell_id"=>"684caff8-89cd-492b-be01-b3d0835f1763", "reason"=>"CRASHED", "exit_description"=>"APP/PROC/WEB: Exited with status 1", "crash_count"=>2, "crash_timestamp"=>1779394301406425509, "version"=>"4cc3fccc-c4ea-488e-be10-882ef6f58957"} (STDOUT, API)#
#2026 05 21 20:11:51.611#Z#DEBUG#fb7aa7c6-5550-11f1-be9f-eeee0a80e2d9.bookscapm-srv#flowable-async-job-executor-thread-8858#
[PollStartAppStatusExecution] c5b30daf-2eb2-465a-874b-302cfe83c0d1 [2026-05-21T20:11:41.546523] Cell c839c7b1-088e-41af-b9b7-66256aacd457 creating container for instance daebb7b2-1ab2-48c7-4837-ab8a (STDOUT, CELL)#
#2026 05 21 20:11:51.611#Z#DEBUG#fb7aa7c6-5550-11f1-be9f-eeee0a80e2d9.bookscapm-srv#flowable-async-job-executor-thread-8858#
[PollStartAppStatusExecution] c5b30daf-2eb2-465a-874b-302cfe83c0d1 [2026-05-21T20:11:41.692308] Exit status 137 (STDOUT, PROXY)#
#2026 05 21 20:11:51.611#Z#DEBUG#fb7aa7c6-5550-11f1-be9f-eeee0a80e2d9.bookscapm-srv#flowable-async-job-executor-thread-8858#
[PollStartAppStatusExecution] c5b30daf-2eb2-465a-874b-302cfe83c0d1 [2026-05-21T20:11:42.454225] Security group rules were updated (STDOUT, CELL)#
#2026 05 21 20:11:51.611#Z#DEBUG#fb7aa7c6-5550-11f1-be9f-eeee0a80e2d9.bookscapm-srv#flowable-async-job-executor-thread-8858#
[PollStartAppStatusExecution] c5b30daf-2eb2-465a-874b-302cfe83c0d1 [2026-05-21T20:11:42.572735] Cell c839c7b1-088e-41af-b9b7-66256aacd457 successfully created container for instance daebb7b2-1ab2-48c7-4837-ab8a (STDOUT, CELL)#
#2026 05 21 20:11:51.611#Z#DEBUG#fb7aa7c6-5550-11f1-be9f-eeee0a80e2d9.bookscapm-srv#flowable-async-job-executor-thread-8858#
[PollStartAppStatusExecution] c5b30daf-2eb2-465a-874b-302cfe83c0d1 [2026-05-21T20:11:42.970772] Downloading droplet... (STDOUT, CELL)#
#2026 05 21 20:11:51.611#Z#DEBUG#fb7aa7c6-5550-11f1-be9f-eeee0a80e2d9.bookscapm-srv#flowable-async-job-executor-thread-8858#
[PollStartAppStatusExecution] c5b30daf-2eb2-465a-874b-302cfe83c0d1 [2026-05-21T20:11:44.141494] Cell 684caff8-89cd-492b-be01-b3d0835f1763 successfully destroyed container for instance 9e0467a6-12b9-4111-5936-4beb (STDOUT, CELL)#
#2026 05 21 20:11:51.611#Z#DEBUG#fb7aa7c6-5550-11f1-be9f-eeee0a80e2d9.bookscapm-srv#flowable-async-job-executor-thread-8858#
[PollStartAppStatusExecution] c5b30daf-2eb2-465a-874b-302cfe83c0d1 [2026-05-21T20:11:44.943470] Downloaded droplet (STDOUT, CELL)#
#2026 05 21 20:11:51.611#Z#DEBUG#fb7aa7c6-5550-11f1-be9f-eeee0a80e2d9.bookscapm-srv#flowable-async-job-executor-thread-8858#
[PollStartAppStatusExecution] c5b30daf-2eb2-465a-874b-302cfe83c0d1 [2026-05-21T20:11:44.943616] Starting health monitoring of container (STDOUT, CELL)#
#2026 05 21 20:11:51.611#Z#DEBUG#fb7aa7c6-5550-11f1-be9f-eeee0a80e2d9.bookscapm-srv#flowable-async-job-executor-thread-8858#
[PollStartAppStatusExecution] c5b30daf-2eb2-465a-874b-302cfe83c0d1 [2026-05-21T20:11:45.100521] Invoking pre-start scripts. (STDOUT, APP/PROC/WEB)#
#2026 05 21 20:11:51.611#Z#DEBUG#fb7aa7c6-5550-11f1-be9f-eeee0a80e2d9.bookscapm-srv#flowable-async-job-executor-thread-8858#
[PollStartAppStatusExecution] c5b30daf-2eb2-465a-874b-302cfe83c0d1 [2026-05-21T20:11:45.328478] Invoking start command. (STDOUT, APP/PROC/WEB)#
#2026 05 21 20:11:51.611#Z#DEBUG#fb7aa7c6-5550-11f1-be9f-eeee0a80e2d9.bookscapm-srv#flowable-async-job-executor-thread-8858#
[PollStartAppStatusExecution] c5b30daf-2eb2-465a-874b-302cfe83c0d1 [2026-05-21T20:11:45.870531] > bookscapm@1.0.0 start (STDOUT, APP/PROC/WEB)#
#2026 05 21 20:11:51.611#Z#DEBUG#fb7aa7c6-5550-11f1-be9f-eeee0a80e2d9.bookscapm-srv#flowable-async-job-executor-thread-8858#
[PollStartAppStatusExecution] c5b30daf-2eb2-465a-874b-302cfe83c0d1 [2026-05-21T20:11:45.870573] > cds-serve (STDOUT, APP/PROC/WEB)#
#2026 05 21 20:11:51.611#Z#DEBUG#fb7aa7c6-5550-11f1-be9f-eeee0a80e2d9.bookscapm-srv#flowable-async-job-executor-thread-8858#
[PollStartAppStatusExecution] c5b30daf-2eb2-465a-874b-302cfe83c0d1 [2026-05-21T20:11:46.201843] {"level":"info","logger":"cds","timestamp":"2026-05-21T20:11:46.200Z","layer":"cds","component_type":"application","container_id":"10.32.2.6","component_id":"c5b30daf-2eb2-465a-874b-302cfe83c0d1","component_name":"bookscapm-srv","component_instance":0,"source_instance":0,"organization_name":"28d7c084trial","organization_id":"51676b3c-3669-44ee-8d82-d188a1d10898","space_name":"dev","space_id":"b60fe882-3fd1-4122-b7fc-833334cb72da","msg":"loaded model from 1 file(s):\n ","type":"log"} (STDOUT, APP/PROC/WEB)#
#2026 05 21 20:11:51.611#Z#DEBUG#fb7aa7c6-5550-11f1-be9f-eeee0a80e2d9.bookscapm-srv#flowable-async-job-executor-thread-8858#
[PollStartAppStatusExecution] c5b30daf-2eb2-465a-874b-302cfe83c0d1 [2026-05-21T20:11:46.203529] srv/csn.json (STDOUT, APP/PROC/WEB)#
#2026 05 21 20:11:51.611#Z#DEBUG#fb7aa7c6-5550-11f1-be9f-eeee0a80e2d9.bookscapm-srv#flowable-async-job-executor-thread-8858#
[PollStartAppStatusExecution] c5b30daf-2eb2-465a-874b-302cfe83c0d1 [2026-05-21T20:11:46.457337] {"level":"info","logger":"cds","timestamp":"2026-05-21T20:11:46.456Z","layer":"cds","component_type":"application","container_id":"10.32.2.6","component_id":"c5b30daf-2eb2-465a-874b-302cfe83c0d1","component_name":"bookscapm-srv","component_instance":0,"source_instance":0,"organization_name":"28d7c084trial","organization_id":"51676b3c-3669-44ee-8d82-d188a1d10898","space_name":"dev","space_id":"b60fe882-3fd1-4122-b7fc-833334cb72da","msg":"connect to db > hana {\n  database_id: '4ab8c67f-241d-4bb8-ad31-be6edfc8a42f',\n  host: '4ab8c67f-241d-4bb8-ad31-be6edfc8a42f.hna1.prod-us10.hanacloud.ondemand.com',\n  port: '443',\n  driver: 'com.sap.db.jdbc.Driver',\n  url: 'jdbc:sap://4ab8c67f-241d-4bb8-ad31-be6edfc8a42f.hna1.prod-us10.hanacloud.ondemand.com:443?encrypt=true&validateCertificate=true&currentschema=AC7C2DC930114F7B98B505CA48D4BD58',\n  schema: 'AC7C2DC930114F7B98B505CA48D4BD58',\n  certificate: '...',\n  hdi_user: 'AC7C2DC930114F7B98B505CA48D4BD58_EBJ3ZBXBNH7EC44YZNCMWIULD_DT',\n  hdi_password: '...',\n  user: 'AC7C2DC930114F7B98B505CA48D4BD58_EBJ3ZBXBNH7EC44YZNCMWIULD_RT',\n  password: '...'\n}","type":"log"} (STDOUT, APP/PROC/WEB)#
#2026 05 21 20:11:51.611#Z#DEBUG#fb7aa7c6-5550-11f1-be9f-eeee0a80e2d9.bookscapm-srv#flowable-async-job-executor-thread-8858#
[PollStartAppStatusExecution] c5b30daf-2eb2-465a-874b-302cfe83c0d1 [2026-05-21T20:11:46.499553] {"level":"info","logger":"cds","timestamp":"2026-05-21T20:11:46.498Z","layer":"cds","component_type":"application","container_id":"10.32.2.6","component_id":"c5b30daf-2eb2-465a-874b-302cfe83c0d1","component_name":"bookscapm-srv","component_instance":0,"source_instance":0,"organization_name":"28d7c084trial","organization_id":"51676b3c-3669-44ee-8d82-d188a1d10898","space_name":"dev","space_id":"b60fe882-3fd1-4122-b7fc-833334cb72da","msg":"using auth strategy { kind: 'jwt' }","type":"log"} (STDOUT, APP/PROC/WEB)#
#2026 05 21 20:11:51.611#Z#DEBUG#fb7aa7c6-5550-11f1-be9f-eeee0a80e2d9.bookscapm-srv#flowable-async-job-executor-thread-8858#
[PollStartAppStatusExecution] c5b30daf-2eb2-465a-874b-302cfe83c0d1 [2026-05-21T20:11:46.502025] node:internal/modules/cjs/loader:1421 (STDERR, APP/PROC/WEB)#
#2026 05 21 20:11:51.611#Z#DEBUG#fb7aa7c6-5550-11f1-be9f-eeee0a80e2d9.bookscapm-srv#flowable-async-job-executor-thread-8858#
[PollStartAppStatusExecution] c5b30daf-2eb2-465a-874b-302cfe83c0d1 [2026-05-21T20:11:46.502052] const err = new Error(message); (STDERR, APP/PROC/WEB)#
#2026 05 21 20:11:51.611#Z#DEBUG#fb7aa7c6-5550-11f1-be9f-eeee0a80e2d9.bookscapm-srv#flowable-async-job-executor-thread-8858#
[PollStartAppStatusExecution] c5b30daf-2eb2-465a-874b-302cfe83c0d1 [2026-05-21T20:11:46.502057] ^ (STDERR, APP/PROC/WEB)#
#2026 05 21 20:11:51.611#Z#DEBUG#fb7aa7c6-5550-11f1-be9f-eeee0a80e2d9.bookscapm-srv#flowable-async-job-executor-thread-8858#
[PollStartAppStatusExecution] c5b30daf-2eb2-465a-874b-302cfe83c0d1 [2026-05-21T20:11:46.502063] Error: Cannot find '@sap/xssec'. Make sure to install it with 'npm i @sap/xssec' (STDERR, APP/PROC/WEB)#
#2026 05 21 20:11:51.611#Z#DEBUG#fb7aa7c6-5550-11f1-be9f-eeee0a80e2d9.bookscapm-srv#flowable-async-job-executor-thread-8858#
[PollStartAppStatusExecution] c5b30daf-2eb2-465a-874b-302cfe83c0d1 [2026-05-21T20:11:46.502073] Cannot find module '@sap/xssec' (STDERR, APP/PROC/WEB)#
#2026 05 21 20:11:51.611#Z#DEBUG#fb7aa7c6-5550-11f1-be9f-eeee0a80e2d9.bookscapm-srv#flowable-async-job-executor-thread-8858#
[PollStartAppStatusExecution] c5b30daf-2eb2-465a-874b-302cfe83c0d1 [2026-05-21T20:11:46.502075] Require stack: (STDERR, APP/PROC/WEB)#
#2026 05 21 20:11:51.611#Z#DEBUG#fb7aa7c6-5550-11f1-be9f-eeee0a80e2d9.bookscapm-srv#flowable-async-job-executor-thread-8858#
[PollStartAppStatusExecution] c5b30daf-2eb2-465a-874b-302cfe83c0d1 [2026-05-21T20:11:46.502078] - /home/vcap/app/node_modules/@sap/cds/lib/srv/middlewares/auth/xssec.js (STDERR, APP/PROC/WEB)#
#2026 05 21 20:11:51.611#Z#DEBUG#fb7aa7c6-5550-11f1-be9f-eeee0a80e2d9.bookscapm-srv#flowable-async-job-executor-thread-8858#
[PollStartAppStatusExecution] c5b30daf-2eb2-465a-874b-302cfe83c0d1 [2026-05-21T20:11:46.502080] - /home/vcap/app/node_modules/@sap/cds/lib/srv/middlewares/auth/jwt-auth.js (STDERR, APP/PROC/WEB)#
#2026 05 21 20:11:51.611#Z#DEBUG#fb7aa7c6-5550-11f1-be9f-eeee0a80e2d9.bookscapm-srv#flowable-async-job-executor-thread-8858#
[PollStartAppStatusExecution] c5b30daf-2eb2-465a-874b-302cfe83c0d1 [2026-05-21T20:11:46.502083] - /home/vcap/app/node_modules/@sap/cds/lib/srv/middlewares/auth/index.js (STDERR, APP/PROC/WEB)#
#2026 05 21 20:11:51.611#Z#DEBUG#fb7aa7c6-5550-11f1-be9f-eeee0a80e2d9.bookscapm-srv#flowable-async-job-executor-thread-8858#
[PollStartAppStatusExecution] c5b30daf-2eb2-465a-874b-302cfe83c0d1 [2026-05-21T20:11:46.502086] - /home/vcap/app/node_modules/@sap/cds/lib/srv/middlewares/index.js (STDERR, APP/PROC/WEB)#
#2026 05 21 20:11:51.611#Z#DEBUG#fb7aa7c6-5550-11f1-be9f-eeee0a80e2d9.bookscapm-srv#flowable-async-job-executor-thread-8858#
[PollStartAppStatusExecution] c5b30daf-2eb2-465a-874b-302cfe83c0d1 [2026-05-21T20:11:46.502090] - /home/vcap/app/node_modules/@sap/cds/lib/index.js (STDERR, APP/PROC/WEB)#
#2026 05 21 20:11:51.611#Z#DEBUG#fb7aa7c6-5550-11f1-be9f-eeee0a80e2d9.bookscapm-srv#flowable-async-job-executor-thread-8858#
[PollStartAppStatusExecution] c5b30daf-2eb2-465a-874b-302cfe83c0d1 [2026-05-21T20:11:46.502092] - /home/vcap/app/node_modules/@sap/cds/bin/serve.js (STDERR, APP/PROC/WEB)#
#2026 05 21 20:11:51.611#Z#DEBUG#fb7aa7c6-5550-11f1-be9f-eeee0a80e2d9.bookscapm-srv#flowable-async-job-executor-thread-8858#
[PollStartAppStatusExecution] c5b30daf-2eb2-465a-874b-302cfe83c0d1 [2026-05-21T20:11:46.502096] at Module._resolveFilename (node:internal/modules/cjs/loader:1421:15) (STDERR, APP/PROC/WEB)#
#2026 05 21 20:11:51.611#Z#DEBUG#fb7aa7c6-5550-11f1-be9f-eeee0a80e2d9.bookscapm-srv#flowable-async-job-executor-thread-8858#
[PollStartAppStatusExecution] c5b30daf-2eb2-465a-874b-302cfe83c0d1 [2026-05-21T20:11:46.502098] at defaultResolveImpl (node:internal/modules/cjs/loader:1059:19) (STDERR, APP/PROC/WEB)#
#2026 05 21 20:11:51.611#Z#DEBUG#fb7aa7c6-5550-11f1-be9f-eeee0a80e2d9.bookscapm-srv#flowable-async-job-executor-thread-8858#
[PollStartAppStatusExecution] c5b30daf-2eb2-465a-874b-302cfe83c0d1 [2026-05-21T20:11:46.502101] at resolveForCJSWithHooks (node:internal/modules/cjs/loader:1064:22) (STDERR, APP/PROC/WEB)#
#2026 05 21 20:11:51.611#Z#DEBUG#fb7aa7c6-5550-11f1-be9f-eeee0a80e2d9.bookscapm-srv#flowable-async-job-executor-thread-8858#
[PollStartAppStatusExecution] c5b30daf-2eb2-465a-874b-302cfe83c0d1 [2026-05-21T20:11:46.502107] at Module._load (node:internal/modules/cjs/loader:1227:37) (STDERR, APP/PROC/WEB)#
#2026 05 21 20:11:51.611#Z#DEBUG#fb7aa7c6-5550-11f1-be9f-eeee0a80e2d9.bookscapm-srv#flowable-async-job-executor-thread-8858#
[PollStartAppStatusExecution] c5b30daf-2eb2-465a-874b-302cfe83c0d1 [2026-05-21T20:11:46.502110] at TracingChannel.traceSync (node:diagnostics_channel:328:14) (STDERR, APP/PROC/WEB)#
#2026 05 21 20:11:51.611#Z#DEBUG#fb7aa7c6-5550-11f1-be9f-eeee0a80e2d9.bookscapm-srv#flowable-async-job-executor-thread-8858#
[PollStartAppStatusExecution] c5b30daf-2eb2-465a-874b-302cfe83c0d1 [2026-05-21T20:11:46.502112] at wrapModuleLoad (node:internal/modules/cjs/loader:245:24) (STDERR, APP/PROC/WEB)#
#2026 05 21 20:11:51.611#Z#DEBUG#fb7aa7c6-5550-11f1-be9f-eeee0a80e2d9.bookscapm-srv#flowable-async-job-executor-thread-8858#
[PollStartAppStatusExecution] c5b30daf-2eb2-465a-874b-302cfe83c0d1 [2026-05-21T20:11:46.502115] at Module.require (node:internal/modules/cjs/loader:1504:12) (STDERR, APP/PROC/WEB)#
#2026 05 21 20:11:51.611#Z#DEBUG#fb7aa7c6-5550-11f1-be9f-eeee0a80e2d9.bookscapm-srv#flowable-async-job-executor-thread-8858#
[PollStartAppStatusExecution] c5b30daf-2eb2-465a-874b-302cfe83c0d1 [2026-05-21T20:11:46.502117] at require (node:internal/modules/helpers:152:16) (STDERR, APP/PROC/WEB)#
#2026 05 21 20:11:51.611#Z#DEBUG#fb7aa7c6-5550-11f1-be9f-eeee0a80e2d9.bookscapm-srv#flowable-async-job-executor-thread-8858#
[PollStartAppStatusExecution] c5b30daf-2eb2-465a-874b-302cfe83c0d1 [2026-05-21T20:11:46.502123] at Object.<anonymous> (/home/vcap/app/node_modules/@sap/cds/lib/srv/middlewares/auth/xssec.js:2:17) (STDERR, APP/PROC/WEB)#
#2026 05 21 20:11:51.611#Z#DEBUG#fb7aa7c6-5550-11f1-be9f-eeee0a80e2d9.bookscapm-srv#flowable-async-job-executor-thread-8858#
[PollStartAppStatusExecution] c5b30daf-2eb2-465a-874b-302cfe83c0d1 [2026-05-21T20:11:46.502125] at Module._compile (node:internal/modules/cjs/loader:1761:14) { (STDERR, APP/PROC/WEB)#
#2026 05 21 20:11:51.611#Z#DEBUG#fb7aa7c6-5550-11f1-be9f-eeee0a80e2d9.bookscapm-srv#flowable-async-job-executor-thread-8858#
[PollStartAppStatusExecution] c5b30daf-2eb2-465a-874b-302cfe83c0d1 [2026-05-21T20:11:46.502128] code: 'MODULE_NOT_FOUND', (STDERR, APP/PROC/WEB)#
#2026 05 21 20:11:51.611#Z#DEBUG#fb7aa7c6-5550-11f1-be9f-eeee0a80e2d9.bookscapm-srv#flowable-async-job-executor-thread-8858#
[PollStartAppStatusExecution] c5b30daf-2eb2-465a-874b-302cfe83c0d1 [2026-05-21T20:11:46.502130] requireStack: [ (STDERR, APP/PROC/WEB)#
#2026 05 21 20:11:51.611#Z#DEBUG#fb7aa7c6-5550-11f1-be9f-eeee0a80e2d9.bookscapm-srv#flowable-async-job-executor-thread-8858#
[PollStartAppStatusExecution] c5b30daf-2eb2-465a-874b-302cfe83c0d1 [2026-05-21T20:11:46.502132] '/home/vcap/app/node_modules/@sap/cds/lib/srv/middlewares/auth/xssec.js', (STDERR, APP/PROC/WEB)#
#2026 05 21 20:11:51.611#Z#DEBUG#fb7aa7c6-5550-11f1-be9f-eeee0a80e2d9.bookscapm-srv#flowable-async-job-executor-thread-8858#
[PollStartAppStatusExecution] c5b30daf-2eb2-465a-874b-302cfe83c0d1 [2026-05-21T20:11:46.502135] '/home/vcap/app/node_modules/@sap/cds/lib/srv/middlewares/auth/jwt-auth.js', (STDERR, APP/PROC/WEB)#
#2026 05 21 20:11:51.611#Z#DEBUG#fb7aa7c6-5550-11f1-be9f-eeee0a80e2d9.bookscapm-srv#flowable-async-job-executor-thread-8858#
[PollStartAppStatusExecution] c5b30daf-2eb2-465a-874b-302cfe83c0d1 [2026-05-21T20:11:46.502137] '/home/vcap/app/node_modules/@sap/cds/lib/srv/middlewares/auth/index.js', (STDERR, APP/PROC/WEB)#
#2026 05 21 20:11:51.611#Z#DEBUG#fb7aa7c6-5550-11f1-be9f-eeee0a80e2d9.bookscapm-srv#flowable-async-job-executor-thread-8858#
[PollStartAppStatusExecution] c5b30daf-2eb2-465a-874b-302cfe83c0d1 [2026-05-21T20:11:46.502139] '/home/vcap/app/node_modules/@sap/cds/lib/srv/middlewares/index.js', (STDERR, APP/PROC/WEB)#
#2026 05 21 20:11:51.611#Z#DEBUG#fb7aa7c6-5550-11f1-be9f-eeee0a80e2d9.bookscapm-srv#flowable-async-job-executor-thread-8858#
[PollStartAppStatusExecution] c5b30daf-2eb2-465a-874b-302cfe83c0d1 [2026-05-21T20:11:46.502141] '/home/vcap/app/node_modules/@sap/cds/lib/index.js', (STDERR, APP/PROC/WEB)#
#2026 05 21 20:11:51.611#Z#DEBUG#fb7aa7c6-5550-11f1-be9f-eeee0a80e2d9.bookscapm-srv#flowable-async-job-executor-thread-8858#
[PollStartAppStatusExecution] c5b30daf-2eb2-465a-874b-302cfe83c0d1 [2026-05-21T20:11:46.502143] '/home/vcap/app/node_modules/@sap/cds/bin/serve.js' (STDERR, APP/PROC/WEB)#
#2026 05 21 20:11:51.611#Z#DEBUG#fb7aa7c6-5550-11f1-be9f-eeee0a80e2d9.bookscapm-srv#flowable-async-job-executor-thread-8858#
[PollStartAppStatusExecution] c5b30daf-2eb2-465a-874b-302cfe83c0d1 [2026-05-21T20:11:46.502145] ] (STDERR, APP/PROC/WEB)#
#2026 05 21 20:11:51.611#Z#DEBUG#fb7aa7c6-5550-11f1-be9f-eeee0a80e2d9.bookscapm-srv#flowable-async-job-executor-thread-8858#
[PollStartAppStatusExecution] c5b30daf-2eb2-465a-874b-302cfe83c0d1 [2026-05-21T20:11:46.502148] } (STDERR, APP/PROC/WEB)#
#2026 05 21 20:11:51.611#Z#DEBUG#fb7aa7c6-5550-11f1-be9f-eeee0a80e2d9.bookscapm-srv#flowable-async-job-executor-thread-8858#
[PollStartAppStatusExecution] c5b30daf-2eb2-465a-874b-302cfe83c0d1 [2026-05-21T20:11:46.502151] Node.js v24.13.0 (STDERR, APP/PROC/WEB)#
#2026 05 21 20:11:51.611#Z#DEBUG#fb7aa7c6-5550-11f1-be9f-eeee0a80e2d9.bookscapm-srv#flowable-async-job-executor-thread-8858#
[PollStartAppStatusExecution] c5b30daf-2eb2-465a-874b-302cfe83c0d1 [2026-05-21T20:11:46.521980] npm notice (STDERR, APP/PROC/WEB)#
#2026 05 21 20:11:51.611#Z#DEBUG#fb7aa7c6-5550-11f1-be9f-eeee0a80e2d9.bookscapm-srv#flowable-async-job-executor-thread-8858#
[PollStartAppStatusExecution] c5b30daf-2eb2-465a-874b-302cfe83c0d1 [2026-05-21T20:11:46.522020] npm notice New minor version of npm available! 11.6.2 -> 11.15.0 (STDERR, APP/PROC/WEB)#
#2026 05 21 20:11:51.611#Z#DEBUG#fb7aa7c6-5550-11f1-be9f-eeee0a80e2d9.bookscapm-srv#flowable-async-job-executor-thread-8858#
[PollStartAppStatusExecution] c5b30daf-2eb2-465a-874b-302cfe83c0d1 [2026-05-21T20:11:46.522024] npm notice Changelog: https://github.com/npm/cli/releases/tag/v11.15.0 (STDERR, APP/PROC/WEB)#
#2026 05 21 20:11:51.611#Z#DEBUG#fb7aa7c6-5550-11f1-be9f-eeee0a80e2d9.bookscapm-srv#flowable-async-job-executor-thread-8858#
[PollStartAppStatusExecution] c5b30daf-2eb2-465a-874b-302cfe83c0d1 [2026-05-21T20:11:46.522027] npm notice To update run: npm install -g npm@11.15.0 (STDERR, APP/PROC/WEB)#
#2026 05 21 20:11:51.611#Z#DEBUG#fb7aa7c6-5550-11f1-be9f-eeee0a80e2d9.bookscapm-srv#flowable-async-job-executor-thread-8858#
[PollStartAppStatusExecution] c5b30daf-2eb2-465a-874b-302cfe83c0d1 [2026-05-21T20:11:46.522030] npm notice (STDERR, APP/PROC/WEB)#
#2026 05 21 20:11:51.611#Z#DEBUG#fb7aa7c6-5550-11f1-be9f-eeee0a80e2d9.bookscapm-srv#flowable-async-job-executor-thread-8858#
[PollStartAppStatusExecution] c5b30daf-2eb2-465a-874b-302cfe83c0d1 [2026-05-21T20:11:46.619563] Exit status 1 (STDOUT, APP/PROC/WEB)#
#2026 05 21 20:12:01.614#Z#DEBUG#fb7aa7c6-5550-11f1-be9f-eeee0a80e2d9.bookscapm-srv#flowable-async-job-executor-thread-8860#
[PollStartAppStatusExecution] c5b30daf-2eb2-465a-874b-302cfe83c0d1 [2026-05-21T20:11:52.698317] Cell c839c7b1-088e-41af-b9b7-66256aacd457 stopping instance daebb7b2-1ab2-48c7-4837-ab8a (STDOUT, CELL)#
#2026 05 21 20:12:01.614#Z#DEBUG#fb7aa7c6-5550-11f1-be9f-eeee0a80e2d9.bookscapm-srv#flowable-async-job-executor-thread-8860#
[PollStartAppStatusExecution] c5b30daf-2eb2-465a-874b-302cfe83c0d1 [2026-05-21T20:11:52.698357] Cell c839c7b1-088e-41af-b9b7-66256aacd457 destroying container for instance daebb7b2-1ab2-48c7-4837-ab8a (STDOUT, CELL)#
#2026 05 21 20:12:01.614#Z#DEBUG#fb7aa7c6-5550-11f1-be9f-eeee0a80e2d9.bookscapm-srv#flowable-async-job-executor-thread-8860#
[PollStartAppStatusExecution] c5b30daf-2eb2-465a-874b-302cfe83c0d1 [2026-05-21T20:11:52.720625] Process has crashed with type: "web" (STDOUT, API)#
#2026 05 21 20:12:01.614#Z#DEBUG#fb7aa7c6-5550-11f1-be9f-eeee0a80e2d9.bookscapm-srv#flowable-async-job-executor-thread-8860#
[PollStartAppStatusExecution] c5b30daf-2eb2-465a-874b-302cfe83c0d1 [2026-05-21T20:11:52.732806] App instance exited with guid c5b30daf-2eb2-465a-874b-302cfe83c0d1 payload: {"instance"=>"daebb7b2-1ab2-48c7-4837-ab8a", "index"=>0, "cell_id"=>"c839c7b1-088e-41af-b9b7-66256aacd457", "reason"=>"CRASHED", "exit_description"=>"APP/PROC/WEB: Exited with status 1", "crash_count"=>3, "crash_timestamp"=>1779394312694399267, "version"=>"4cc3fccc-c4ea-488e-be10-882ef6f58957"} (STDOUT, API)#
#2026 05 21 20:12:01.614#Z#DEBUG#fb7aa7c6-5550-11f1-be9f-eeee0a80e2d9.bookscapm-srv#flowable-async-job-executor-thread-8860#
[PollStartAppStatusExecution] c5b30daf-2eb2-465a-874b-302cfe83c0d1 [2026-05-21T20:11:52.966980] Exit status 137 (STDOUT, PROXY)#
#2026 05 21 20:12:01.614#Z#DEBUG#fb7aa7c6-5550-11f1-be9f-eeee0a80e2d9.bookscapm-srv#flowable-async-job-executor-thread-8860#
[PollStartAppStatusExecution] c5b30daf-2eb2-465a-874b-302cfe83c0d1 [2026-05-21T20:11:55.264954] Cell c839c7b1-088e-41af-b9b7-66256aacd457 successfully destroyed container for instance daebb7b2-1ab2-48c7-4837-ab8a (STDOUT, CELL)#
#2026 05 21 20:12:11.662#Z#DEBUG#fb7aa7c6-5550-11f1-be9f-eeee0a80e2d9.bookscapm-srv#flowable-async-job-executor-thread-8862#
[PollStartAppStatusExecution] c5b30daf-2eb2-465a-874b-302cfe83c0d1 [2026-05-21T20:11:52.698317] Cell c839c7b1-088e-41af-b9b7-66256aacd457 stopping instance daebb7b2-1ab2-48c7-4837-ab8a (STDOUT, CELL)#
#2026 05 21 20:12:11.662#Z#DEBUG#fb7aa7c6-5550-11f1-be9f-eeee0a80e2d9.bookscapm-srv#flowable-async-job-executor-thread-8862#
[PollStartAppStatusExecution] c5b30daf-2eb2-465a-874b-302cfe83c0d1 [2026-05-21T20:11:52.698357] Cell c839c7b1-088e-41af-b9b7-66256aacd457 destroying container for instance daebb7b2-1ab2-48c7-4837-ab8a (STDOUT, CELL)#
#2026 05 21 20:12:11.662#Z#DEBUG#fb7aa7c6-5550-11f1-be9f-eeee0a80e2d9.bookscapm-srv#flowable-async-job-executor-thread-8862#
[PollStartAppStatusExecution] c5b30daf-2eb2-465a-874b-302cfe83c0d1 [2026-05-21T20:11:52.720625] Process has crashed with type: "web" (STDOUT, API)#
#2026 05 21 20:12:11.662#Z#DEBUG#fb7aa7c6-5550-11f1-be9f-eeee0a80e2d9.bookscapm-srv#flowable-async-job-executor-thread-8862#
[PollStartAppStatusExecution] c5b30daf-2eb2-465a-874b-302cfe83c0d1 [2026-05-21T20:11:52.732806] App instance exited with guid c5b30daf-2eb2-465a-874b-302cfe83c0d1 payload: {"instance"=>"daebb7b2-1ab2-48c7-4837-ab8a", "index"=>0, "cell_id"=>"c839c7b1-088e-41af-b9b7-66256aacd457", "reason"=>"CRASHED", "exit_description"=>"APP/PROC/WEB: Exited with status 1", "crash_count"=>3, "crash_timestamp"=>1779394312694399267, "version"=>"4cc3fccc-c4ea-488e-be10-882ef6f58957"} (STDOUT, API)#
#2026 05 21 20:12:11.662#Z#DEBUG#fb7aa7c6-5550-11f1-be9f-eeee0a80e2d9.bookscapm-srv#flowable-async-job-executor-thread-8862#
[PollStartAppStatusExecution] c5b30daf-2eb2-465a-874b-302cfe83c0d1 [2026-05-21T20:11:52.966980] Exit status 137 (STDOUT, PROXY)#
#2026 05 21 20:12:11.662#Z#DEBUG#fb7aa7c6-5550-11f1-be9f-eeee0a80e2d9.bookscapm-srv#flowable-async-job-executor-thread-8862#
[PollStartAppStatusExecution] c5b30daf-2eb2-465a-874b-302cfe83c0d1 [2026-05-21T20:11:55.264954] Cell c839c7b1-088e-41af-b9b7-66256aacd457 successfully destroyed container for instance daebb7b2-1ab2-48c7-4837-ab8a (STDOUT, CELL)#
#2026 05 21 20:12:11.662#Z#DEBUG#fb7aa7c6-5550-11f1-be9f-eeee0a80e2d9.bookscapm-srv#flowable-async-job-executor-thread-8862#
[PollStartAppStatusExecution] c5b30daf-2eb2-465a-874b-302cfe83c0d1 [2026-05-21T20:12:04.478122] Stopping app with guid c5b30daf-2eb2-465a-874b-302cfe83c0d1 (STDOUT, API)#
#2026 05 21 20:12:11.662#Z#DEBUG#fb7aa7c6-5550-11f1-be9f-eeee0a80e2d9.bookscapm-srv#flowable-async-job-executor-thread-8862#
[PollStartAppStatusExecution] c5b30daf-2eb2-465a-874b-302cfe83c0d1 [2026-05-21T20:12:04.647201] Starting app with guid c5b30daf-2eb2-465a-874b-302cfe83c0d1 (STDOUT, API)#
#2026 05 21 20:12:11.662#Z#DEBUG#fb7aa7c6-5550-11f1-be9f-eeee0a80e2d9.bookscapm-srv#flowable-async-job-executor-thread-8862#
[PollStartAppStatusExecution] c5b30daf-2eb2-465a-874b-302cfe83c0d1 [2026-05-21T20:12:04.930525] Cell c839c7b1-088e-41af-b9b7-66256aacd457 creating container for instance 584eba43-68a0-42d6-6187-530b (STDOUT, CELL)#
#2026 05 21 20:12:11.662#Z#DEBUG#fb7aa7c6-5550-11f1-be9f-eeee0a80e2d9.bookscapm-srv#flowable-async-job-executor-thread-8862#
[PollStartAppStatusExecution] c5b30daf-2eb2-465a-874b-302cfe83c0d1 [2026-05-21T20:12:05.933601] Security group rules were updated (STDOUT, CELL)#
#2026 05 21 20:12:11.662#Z#DEBUG#fb7aa7c6-5550-11f1-be9f-eeee0a80e2d9.bookscapm-srv#flowable-async-job-executor-thread-8862#
[PollStartAppStatusExecution] c5b30daf-2eb2-465a-874b-302cfe83c0d1 [2026-05-21T20:12:06.039646] Cell c839c7b1-088e-41af-b9b7-66256aacd457 successfully created container for instance 584eba43-68a0-42d6-6187-530b (STDOUT, CELL)#
#2026 05 21 20:12:11.662#Z#DEBUG#fb7aa7c6-5550-11f1-be9f-eeee0a80e2d9.bookscapm-srv#flowable-async-job-executor-thread-8862#
[PollStartAppStatusExecution] c5b30daf-2eb2-465a-874b-302cfe83c0d1 [2026-05-21T20:12:06.488386] Downloading droplet... (STDOUT, CELL)#
#2026 05 21 20:12:21.632#Z#DEBUG#fb7aa7c6-5550-11f1-be9f-eeee0a80e2d9.bookscapm-srv#flowable-async-job-executor-thread-8864#
[PollStartAppStatusExecution] c5b30daf-2eb2-465a-874b-302cfe83c0d1 [2026-05-21T20:12:12.085371] Downloaded droplet (60.6M) (STDOUT, CELL)#
#2026 05 21 20:12:21.632#Z#DEBUG#fb7aa7c6-5550-11f1-be9f-eeee0a80e2d9.bookscapm-srv#flowable-async-job-executor-thread-8864#
[PollStartAppStatusExecution] c5b30daf-2eb2-465a-874b-302cfe83c0d1 [2026-05-21T20:12:12.085536] Starting health monitoring of container (STDOUT, CELL)#
#2026 05 21 20:12:21.632#Z#DEBUG#fb7aa7c6-5550-11f1-be9f-eeee0a80e2d9.bookscapm-srv#flowable-async-job-executor-thread-8864#
[PollStartAppStatusExecution] c5b30daf-2eb2-465a-874b-302cfe83c0d1 [2026-05-21T20:12:12.223859] Invoking pre-start scripts. (STDOUT, APP/PROC/WEB)#
#2026 05 21 20:12:21.632#Z#DEBUG#fb7aa7c6-5550-11f1-be9f-eeee0a80e2d9.bookscapm-srv#flowable-async-job-executor-thread-8864#
[PollStartAppStatusExecution] c5b30daf-2eb2-465a-874b-302cfe83c0d1 [2026-05-21T20:12:12.477979] Invoking start command. (STDOUT, APP/PROC/WEB)#
#2026 05 21 20:12:21.632#Z#DEBUG#fb7aa7c6-5550-11f1-be9f-eeee0a80e2d9.bookscapm-srv#flowable-async-job-executor-thread-8864#
[PollStartAppStatusExecution] c5b30daf-2eb2-465a-874b-302cfe83c0d1 [2026-05-21T20:12:13.032637] > bookscapm@1.0.0 start (STDOUT, APP/PROC/WEB)#
#2026 05 21 20:12:21.632#Z#DEBUG#fb7aa7c6-5550-11f1-be9f-eeee0a80e2d9.bookscapm-srv#flowable-async-job-executor-thread-8864#
[PollStartAppStatusExecution] c5b30daf-2eb2-465a-874b-302cfe83c0d1 [2026-05-21T20:12:13.032664] > cds-serve (STDOUT, APP/PROC/WEB)#
#2026 05 21 20:12:21.632#Z#DEBUG#fb7aa7c6-5550-11f1-be9f-eeee0a80e2d9.bookscapm-srv#flowable-async-job-executor-thread-8864#
[PollStartAppStatusExecution] c5b30daf-2eb2-465a-874b-302cfe83c0d1 [2026-05-21T20:12:13.335818] {"level":"info","logger":"cds","timestamp":"2026-05-21T20:12:13.334Z","layer":"cds","component_type":"application","container_id":"10.32.2.6","component_id":"c5b30daf-2eb2-465a-874b-302cfe83c0d1","component_name":"bookscapm-srv","component_instance":0,"source_instance":0,"organization_name":"28d7c084trial","organization_id":"51676b3c-3669-44ee-8d82-d188a1d10898","space_name":"dev","space_id":"b60fe882-3fd1-4122-b7fc-833334cb72da","msg":"loaded model from 1 file(s):\n ","type":"log"} (STDOUT, APP/PROC/WEB)#
#2026 05 21 20:12:21.632#Z#DEBUG#fb7aa7c6-5550-11f1-be9f-eeee0a80e2d9.bookscapm-srv#flowable-async-job-executor-thread-8864#
[PollStartAppStatusExecution] c5b30daf-2eb2-465a-874b-302cfe83c0d1 [2026-05-21T20:12:13.336380] srv/csn.json (STDOUT, APP/PROC/WEB)#
#2026 05 21 20:12:21.632#Z#DEBUG#fb7aa7c6-5550-11f1-be9f-eeee0a80e2d9.bookscapm-srv#flowable-async-job-executor-thread-8864#
[PollStartAppStatusExecution] c5b30daf-2eb2-465a-874b-302cfe83c0d1 [2026-05-21T20:12:13.580051] {"level":"info","logger":"cds","timestamp":"2026-05-21T20:12:13.578Z","layer":"cds","component_type":"application","container_id":"10.32.2.6","component_id":"c5b30daf-2eb2-465a-874b-302cfe83c0d1","component_name":"bookscapm-srv","component_instance":0,"source_instance":0,"organization_name":"28d7c084trial","organization_id":"51676b3c-3669-44ee-8d82-d188a1d10898","space_name":"dev","space_id":"b60fe882-3fd1-4122-b7fc-833334cb72da","msg":"connect to db > hana {\n  database_id: '4ab8c67f-241d-4bb8-ad31-be6edfc8a42f',\n  host: '4ab8c67f-241d-4bb8-ad31-be6edfc8a42f.hna1.prod-us10.hanacloud.ondemand.com',\n  port: '443',\n  driver: 'com.sap.db.jdbc.Driver',\n  url: 'jdbc:sap://4ab8c67f-241d-4bb8-ad31-be6edfc8a42f.hna1.prod-us10.hanacloud.ondemand.com:443?encrypt=true&validateCertificate=true&currentschema=AC7C2DC930114F7B98B505CA48D4BD58',\n  schema: 'AC7C2DC930114F7B98B505CA48D4BD58',\n  certificate: '...',\n  hdi_user: 'AC7C2DC930114F7B98B505CA48D4BD58_EBJ3ZBXBNH7EC44YZNCMWIULD_DT',\n  hdi_password: '...',\n  user: 'AC7C2DC930114F7B98B505CA48D4BD58_EBJ3ZBXBNH7EC44YZNCMWIULD_RT',\n  password: '...'\n}","type":"log"} (STDOUT, APP/PROC/WEB)#
#2026 05 21 20:12:21.632#Z#DEBUG#fb7aa7c6-5550-11f1-be9f-eeee0a80e2d9.bookscapm-srv#flowable-async-job-executor-thread-8864#
[PollStartAppStatusExecution] c5b30daf-2eb2-465a-874b-302cfe83c0d1 [2026-05-21T20:12:13.626081] {"level":"info","logger":"cds","timestamp":"2026-05-21T20:12:13.625Z","layer":"cds","component_type":"application","container_id":"10.32.2.6","component_id":"c5b30daf-2eb2-465a-874b-302cfe83c0d1","component_name":"bookscapm-srv","component_instance":0,"source_instance":0,"organization_name":"28d7c084trial","organization_id":"51676b3c-3669-44ee-8d82-d188a1d10898","space_name":"dev","space_id":"b60fe882-3fd1-4122-b7fc-833334cb72da","msg":"using auth strategy { kind: 'jwt' }","type":"log"} (STDOUT, APP/PROC/WEB)#
#2026 05 21 20:12:21.632#Z#DEBUG#fb7aa7c6-5550-11f1-be9f-eeee0a80e2d9.bookscapm-srv#flowable-async-job-executor-thread-8864#
[PollStartAppStatusExecution] c5b30daf-2eb2-465a-874b-302cfe83c0d1 [2026-05-21T20:12:13.628221] node:internal/modules/cjs/loader:1421 (STDERR, APP/PROC/WEB)#
#2026 05 21 20:12:21.632#Z#DEBUG#fb7aa7c6-5550-11f1-be9f-eeee0a80e2d9.bookscapm-srv#flowable-async-job-executor-thread-8864#
[PollStartAppStatusExecution] c5b30daf-2eb2-465a-874b-302cfe83c0d1 [2026-05-21T20:12:13.628244] const err = new Error(message); (STDERR, APP/PROC/WEB)#
#2026 05 21 20:12:21.632#Z#DEBUG#fb7aa7c6-5550-11f1-be9f-eeee0a80e2d9.bookscapm-srv#flowable-async-job-executor-thread-8864#
[PollStartAppStatusExecution] c5b30daf-2eb2-465a-874b-302cfe83c0d1 [2026-05-21T20:12:13.628248] ^ (STDERR, APP/PROC/WEB)#
#2026 05 21 20:12:21.632#Z#DEBUG#fb7aa7c6-5550-11f1-be9f-eeee0a80e2d9.bookscapm-srv#flowable-async-job-executor-thread-8864#
[PollStartAppStatusExecution] c5b30daf-2eb2-465a-874b-302cfe83c0d1 [2026-05-21T20:12:13.628254] Error: Cannot find '@sap/xssec'. Make sure to install it with 'npm i @sap/xssec' (STDERR, APP/PROC/WEB)#
#2026 05 21 20:12:21.632#Z#DEBUG#fb7aa7c6-5550-11f1-be9f-eeee0a80e2d9.bookscapm-srv#flowable-async-job-executor-thread-8864#
[PollStartAppStatusExecution] c5b30daf-2eb2-465a-874b-302cfe83c0d1 [2026-05-21T20:12:13.628257] Cannot find module '@sap/xssec' (STDERR, APP/PROC/WEB)#
#2026 05 21 20:12:21.632#Z#DEBUG#fb7aa7c6-5550-11f1-be9f-eeee0a80e2d9.bookscapm-srv#flowable-async-job-executor-thread-8864#
[PollStartAppStatusExecution] c5b30daf-2eb2-465a-874b-302cfe83c0d1 [2026-05-21T20:12:13.628260] Require stack: (STDERR, APP/PROC/WEB)#
#2026 05 21 20:12:21.632#Z#DEBUG#fb7aa7c6-5550-11f1-be9f-eeee0a80e2d9.bookscapm-srv#flowable-async-job-executor-thread-8864#
[PollStartAppStatusExecution] c5b30daf-2eb2-465a-874b-302cfe83c0d1 [2026-05-21T20:12:13.628262] - /home/vcap/app/node_modules/@sap/cds/lib/srv/middlewares/auth/xssec.js (STDERR, APP/PROC/WEB)#
#2026 05 21 20:12:21.632#Z#DEBUG#fb7aa7c6-5550-11f1-be9f-eeee0a80e2d9.bookscapm-srv#flowable-async-job-executor-thread-8864#
[PollStartAppStatusExecution] c5b30daf-2eb2-465a-874b-302cfe83c0d1 [2026-05-21T20:12:13.628264] - /home/vcap/app/node_modules/@sap/cds/lib/srv/middlewares/auth/jwt-auth.js (STDERR, APP/PROC/WEB)#
#2026 05 21 20:12:21.632#Z#DEBUG#fb7aa7c6-5550-11f1-be9f-eeee0a80e2d9.bookscapm-srv#flowable-async-job-executor-thread-8864#
[PollStartAppStatusExecution] c5b30daf-2eb2-465a-874b-302cfe83c0d1 [2026-05-21T20:12:13.628266] - /home/vcap/app/node_modules/@sap/cds/lib/srv/middlewares/auth/index.js (STDERR, APP/PROC/WEB)#
#2026 05 21 20:12:21.632#Z#DEBUG#fb7aa7c6-5550-11f1-be9f-eeee0a80e2d9.bookscapm-srv#flowable-async-job-executor-thread-8864#
[PollStartAppStatusExecution] c5b30daf-2eb2-465a-874b-302cfe83c0d1 [2026-05-21T20:12:13.628268] - /home/vcap/app/node_modules/@sap/cds/lib/srv/middlewares/index.js (STDERR, APP/PROC/WEB)#
#2026 05 21 20:12:21.632#Z#DEBUG#fb7aa7c6-5550-11f1-be9f-eeee0a80e2d9.bookscapm-srv#flowable-async-job-executor-thread-8864#
[PollStartAppStatusExecution] c5b30daf-2eb2-465a-874b-302cfe83c0d1 [2026-05-21T20:12:13.628272] - /home/vcap/app/node_modules/@sap/cds/lib/index.js (STDERR, APP/PROC/WEB)#
#2026 05 21 20:12:21.632#Z#DEBUG#fb7aa7c6-5550-11f1-be9f-eeee0a80e2d9.bookscapm-srv#flowable-async-job-executor-thread-8864#
[PollStartAppStatusExecution] c5b30daf-2eb2-465a-874b-302cfe83c0d1 [2026-05-21T20:12:13.628277] - /home/vcap/app/node_modules/@sap/cds/bin/serve.js (STDERR, APP/PROC/WEB)#
#2026 05 21 20:12:21.632#Z#DEBUG#fb7aa7c6-5550-11f1-be9f-eeee0a80e2d9.bookscapm-srv#flowable-async-job-executor-thread-8864#
[PollStartAppStatusExecution] c5b30daf-2eb2-465a-874b-302cfe83c0d1 [2026-05-21T20:12:13.628279] at Module._resolveFilename (node:internal/modules/cjs/loader:1421:15) (STDERR, APP/PROC/WEB)#
#2026 05 21 20:12:21.632#Z#DEBUG#fb7aa7c6-5550-11f1-be9f-eeee0a80e2d9.bookscapm-srv#flowable-async-job-executor-thread-8864#
[PollStartAppStatusExecution] c5b30daf-2eb2-465a-874b-302cfe83c0d1 [2026-05-21T20:12:13.628281] at defaultResolveImpl (node:internal/modules/cjs/loader:1059:19) (STDERR, APP/PROC/WEB)#
#2026 05 21 20:12:21.632#Z#DEBUG#fb7aa7c6-5550-11f1-be9f-eeee0a80e2d9.bookscapm-srv#flowable-async-job-executor-thread-8864#
[PollStartAppStatusExecution] c5b30daf-2eb2-465a-874b-302cfe83c0d1 [2026-05-21T20:12:13.628283] at resolveForCJSWithHooks (node:internal/modules/cjs/loader:1064:22) (STDERR, APP/PROC/WEB)#
#2026 05 21 20:12:21.632#Z#DEBUG#fb7aa7c6-5550-11f1-be9f-eeee0a80e2d9.bookscapm-srv#flowable-async-job-executor-thread-8864#
[PollStartAppStatusExecution] c5b30daf-2eb2-465a-874b-302cfe83c0d1 [2026-05-21T20:12:13.628286] at Module._load (node:internal/modules/cjs/loader:1227:37) (STDERR, APP/PROC/WEB)#
#2026 05 21 20:12:21.632#Z#DEBUG#fb7aa7c6-5550-11f1-be9f-eeee0a80e2d9.bookscapm-srv#flowable-async-job-executor-thread-8864#
[PollStartAppStatusExecution] c5b30daf-2eb2-465a-874b-302cfe83c0d1 [2026-05-21T20:12:13.628287] at TracingChannel.traceSync (node:diagnostics_channel:328:14) (STDERR, APP/PROC/WEB)#
#2026 05 21 20:12:21.632#Z#DEBUG#fb7aa7c6-5550-11f1-be9f-eeee0a80e2d9.bookscapm-srv#flowable-async-job-executor-thread-8864#
[PollStartAppStatusExecution] c5b30daf-2eb2-465a-874b-302cfe83c0d1 [2026-05-21T20:12:13.628290] at wrapModuleLoad (node:internal/modules/cjs/loader:245:24) (STDERR, APP/PROC/WEB)#
#2026 05 21 20:12:21.632#Z#DEBUG#fb7aa7c6-5550-11f1-be9f-eeee0a80e2d9.bookscapm-srv#flowable-async-job-executor-thread-8864#
[PollStartAppStatusExecution] c5b30daf-2eb2-465a-874b-302cfe83c0d1 [2026-05-21T20:12:13.628298] at Module.require (node:internal/modules/cjs/loader:1504:12) (STDERR, APP/PROC/WEB)#
#2026 05 21 20:12:21.632#Z#DEBUG#fb7aa7c6-5550-11f1-be9f-eeee0a80e2d9.bookscapm-srv#flowable-async-job-executor-thread-8864#
[PollStartAppStatusExecution] c5b30daf-2eb2-465a-874b-302cfe83c0d1 [2026-05-21T20:12:13.628300] at require (node:internal/modules/helpers:152:16) (STDERR, APP/PROC/WEB)#
#2026 05 21 20:12:21.632#Z#DEBUG#fb7aa7c6-5550-11f1-be9f-eeee0a80e2d9.bookscapm-srv#flowable-async-job-executor-thread-8864#
[PollStartAppStatusExecution] c5b30daf-2eb2-465a-874b-302cfe83c0d1 [2026-05-21T20:12:13.628303] at Object.<anonymous> (/home/vcap/app/node_modules/@sap/cds/lib/srv/middlewares/auth/xssec.js:2:17) (STDERR, APP/PROC/WEB)#
#2026 05 21 20:12:21.632#Z#DEBUG#fb7aa7c6-5550-11f1-be9f-eeee0a80e2d9.bookscapm-srv#flowable-async-job-executor-thread-8864#
[PollStartAppStatusExecution] c5b30daf-2eb2-465a-874b-302cfe83c0d1 [2026-05-21T20:12:13.628306] at Module._compile (node:internal/modules/cjs/loader:1761:14) { (STDERR, APP/PROC/WEB)#
#2026 05 21 20:12:21.632#Z#DEBUG#fb7aa7c6-5550-11f1-be9f-eeee0a80e2d9.bookscapm-srv#flowable-async-job-executor-thread-8864#
[PollStartAppStatusExecution] c5b30daf-2eb2-465a-874b-302cfe83c0d1 [2026-05-21T20:12:13.628308] code: 'MODULE_NOT_FOUND', (STDERR, APP/PROC/WEB)#
#2026 05 21 20:12:21.632#Z#DEBUG#fb7aa7c6-5550-11f1-be9f-eeee0a80e2d9.bookscapm-srv#flowable-async-job-executor-thread-8864#
[PollStartAppStatusExecution] c5b30daf-2eb2-465a-874b-302cfe83c0d1 [2026-05-21T20:12:13.628311] requireStack: [ (STDERR, APP/PROC/WEB)#
#2026 05 21 20:12:21.632#Z#DEBUG#fb7aa7c6-5550-11f1-be9f-eeee0a80e2d9.bookscapm-srv#flowable-async-job-executor-thread-8864#
[PollStartAppStatusExecution] c5b30daf-2eb2-465a-874b-302cfe83c0d1 [2026-05-21T20:12:13.628313] '/home/vcap/app/node_modules/@sap/cds/lib/srv/middlewares/auth/xssec.js', (STDERR, APP/PROC/WEB)#
#2026 05 21 20:12:21.632#Z#DEBUG#fb7aa7c6-5550-11f1-be9f-eeee0a80e2d9.bookscapm-srv#flowable-async-job-executor-thread-8864#
[PollStartAppStatusExecution] c5b30daf-2eb2-465a-874b-302cfe83c0d1 [2026-05-21T20:12:13.628315] '/home/vcap/app/node_modules/@sap/cds/lib/srv/middlewares/auth/jwt-auth.js', (STDERR, APP/PROC/WEB)#
#2026 05 21 20:12:21.632#Z#DEBUG#fb7aa7c6-5550-11f1-be9f-eeee0a80e2d9.bookscapm-srv#flowable-async-job-executor-thread-8864#
[PollStartAppStatusExecution] c5b30daf-2eb2-465a-874b-302cfe83c0d1 [2026-05-21T20:12:13.628317] '/home/vcap/app/node_modules/@sap/cds/lib/srv/middlewares/auth/index.js', (STDERR, APP/PROC/WEB)#
#2026 05 21 20:12:21.632#Z#DEBUG#fb7aa7c6-5550-11f1-be9f-eeee0a80e2d9.bookscapm-srv#flowable-async-job-executor-thread-8864#
[PollStartAppStatusExecution] c5b30daf-2eb2-465a-874b-302cfe83c0d1 [2026-05-21T20:12:13.628319] '/home/vcap/app/node_modules/@sap/cds/lib/srv/middlewares/index.js', (STDERR, APP/PROC/WEB)#
#2026 05 21 20:12:21.632#Z#DEBUG#fb7aa7c6-5550-11f1-be9f-eeee0a80e2d9.bookscapm-srv#flowable-async-job-executor-thread-8864#
[PollStartAppStatusExecution] c5b30daf-2eb2-465a-874b-302cfe83c0d1 [2026-05-21T20:12:13.628320] '/home/vcap/app/node_modules/@sap/cds/lib/index.js', (STDERR, APP/PROC/WEB)#
#2026 05 21 20:12:21.632#Z#DEBUG#fb7aa7c6-5550-11f1-be9f-eeee0a80e2d9.bookscapm-srv#flowable-async-job-executor-thread-8864#
[PollStartAppStatusExecution] c5b30daf-2eb2-465a-874b-302cfe83c0d1 [2026-05-21T20:12:13.628322] '/home/vcap/app/node_modules/@sap/cds/bin/serve.js' (STDERR, APP/PROC/WEB)#
#2026 05 21 20:12:21.632#Z#DEBUG#fb7aa7c6-5550-11f1-be9f-eeee0a80e2d9.bookscapm-srv#flowable-async-job-executor-thread-8864#
[PollStartAppStatusExecution] c5b30daf-2eb2-465a-874b-302cfe83c0d1 [2026-05-21T20:12:13.628324] ] (STDERR, APP/PROC/WEB)#
#2026 05 21 20:12:21.632#Z#DEBUG#fb7aa7c6-5550-11f1-be9f-eeee0a80e2d9.bookscapm-srv#flowable-async-job-executor-thread-8864#
[PollStartAppStatusExecution] c5b30daf-2eb2-465a-874b-302cfe83c0d1 [2026-05-21T20:12:13.628326] } (STDERR, APP/PROC/WEB)#
#2026 05 21 20:12:21.632#Z#DEBUG#fb7aa7c6-5550-11f1-be9f-eeee0a80e2d9.bookscapm-srv#flowable-async-job-executor-thread-8864#
[PollStartAppStatusExecution] c5b30daf-2eb2-465a-874b-302cfe83c0d1 [2026-05-21T20:12:13.628330] Node.js v24.13.0 (STDERR, APP/PROC/WEB)#
#2026 05 21 20:12:21.632#Z#DEBUG#fb7aa7c6-5550-11f1-be9f-eeee0a80e2d9.bookscapm-srv#flowable-async-job-executor-thread-8864#
[PollStartAppStatusExecution] c5b30daf-2eb2-465a-874b-302cfe83c0d1 [2026-05-21T20:12:13.648046] npm notice (STDERR, APP/PROC/WEB)#
#2026 05 21 20:12:21.632#Z#DEBUG#fb7aa7c6-5550-11f1-be9f-eeee0a80e2d9.bookscapm-srv#flowable-async-job-executor-thread-8864#
[PollStartAppStatusExecution] c5b30daf-2eb2-465a-874b-302cfe83c0d1 [2026-05-21T20:12:13.648075] npm notice New minor version of npm available! 11.6.2 -> 11.15.0 (STDERR, APP/PROC/WEB)#
#2026 05 21 20:12:21.632#Z#DEBUG#fb7aa7c6-5550-11f1-be9f-eeee0a80e2d9.bookscapm-srv#flowable-async-job-executor-thread-8864#
[PollStartAppStatusExecution] c5b30daf-2eb2-465a-874b-302cfe83c0d1 [2026-05-21T20:12:13.648080] npm notice Changelog: https://github.com/npm/cli/releases/tag/v11.15.0 (STDERR, APP/PROC/WEB)#
#2026 05 21 20:12:21.632#Z#DEBUG#fb7aa7c6-5550-11f1-be9f-eeee0a80e2d9.bookscapm-srv#flowable-async-job-executor-thread-8864#
[PollStartAppStatusExecution] c5b30daf-2eb2-465a-874b-302cfe83c0d1 [2026-05-21T20:12:13.648083] npm notice To update run: npm install -g npm@11.15.0 (STDERR, APP/PROC/WEB)#
#2026 05 21 20:12:21.632#Z#DEBUG#fb7aa7c6-5550-11f1-be9f-eeee0a80e2d9.bookscapm-srv#flowable-async-job-executor-thread-8864#
[PollStartAppStatusExecution] c5b30daf-2eb2-465a-874b-302cfe83c0d1 [2026-05-21T20:12:13.648085] npm notice (STDERR, APP/PROC/WEB)#
#2026 05 21 20:12:21.632#Z#DEBUG#fb7aa7c6-5550-11f1-be9f-eeee0a80e2d9.bookscapm-srv#flowable-async-job-executor-thread-8864#
[PollStartAppStatusExecution] c5b30daf-2eb2-465a-874b-302cfe83c0d1 [2026-05-21T20:12:13.735369] Exit status 1 (STDOUT, APP/PROC/WEB)#
#2026 05 21 20:12:21.632#Z#DEBUG#fb7aa7c6-5550-11f1-be9f-eeee0a80e2d9.bookscapm-srv#flowable-async-job-executor-thread-8864#
[PollStartAppStatusExecution] c5b30daf-2eb2-465a-874b-302cfe83c0d1 [2026-05-21T20:12:20.018099] Cell c839c7b1-088e-41af-b9b7-66256aacd457 stopping instance 584eba43-68a0-42d6-6187-530b (STDOUT, CELL)#
#2026 05 21 20:12:21.632#Z#DEBUG#fb7aa7c6-5550-11f1-be9f-eeee0a80e2d9.bookscapm-srv#flowable-async-job-executor-thread-8864#
[PollStartAppStatusExecution] c5b30daf-2eb2-465a-874b-302cfe83c0d1 [2026-05-21T20:12:20.018145] Cell c839c7b1-088e-41af-b9b7-66256aacd457 destroying container for instance 584eba43-68a0-42d6-6187-530b (STDOUT, CELL)#
#2026 05 21 20:12:21.632#Z#DEBUG#fb7aa7c6-5550-11f1-be9f-eeee0a80e2d9.bookscapm-srv#flowable-async-job-executor-thread-8864#
[PollStartAppStatusExecution] c5b30daf-2eb2-465a-874b-302cfe83c0d1 [2026-05-21T20:12:20.023105] Process has crashed with type: "web" (STDOUT, API)#
#2026 05 21 20:12:21.632#Z#DEBUG#fb7aa7c6-5550-11f1-be9f-eeee0a80e2d9.bookscapm-srv#flowable-async-job-executor-thread-8864#
[PollStartAppStatusExecution] c5b30daf-2eb2-465a-874b-302cfe83c0d1 [2026-05-21T20:12:20.035774] App instance exited with guid c5b30daf-2eb2-465a-874b-302cfe83c0d1 payload: {"instance"=>"584eba43-68a0-42d6-6187-530b", "index"=>0, "cell_id"=>"c839c7b1-088e-41af-b9b7-66256aacd457", "reason"=>"CRASHED", "exit_description"=>"APP/PROC/WEB: Exited with status 1", "crash_count"=>1, "crash_timestamp"=>1779394339996886666, "version"=>"26bb85c3-4ef7-4db0-8413-53143f288d48"} (STDOUT, API)#
#2026 05 21 20:12:21.632#Z#DEBUG#fb7aa7c6-5550-11f1-be9f-eeee0a80e2d9.bookscapm-srv#flowable-async-job-executor-thread-8864#
[PollStartAppStatusExecution] c5b30daf-2eb2-465a-874b-302cfe83c0d1 [2026-05-21T20:12:20.199282] Cell d1cc041a-d5a1-41d6-b9f6-6cda736ce3f0 creating container for instance 14717b71-ef0d-42fb-6fe1-13bc (STDOUT, CELL)#
#2026 05 21 20:12:21.632#Z#DEBUG#fb7aa7c6-5550-11f1-be9f-eeee0a80e2d9.bookscapm-srv#flowable-async-job-executor-thread-8864#
[PollStartAppStatusExecution] c5b30daf-2eb2-465a-874b-302cfe83c0d1 [2026-05-21T20:12:20.316769] Exit status 137 (STDOUT, PROXY)#
#2026 05 21 20:12:21.632#Z#DEBUG#fb7aa7c6-5550-11f1-be9f-eeee0a80e2d9.bookscapm-srv#flowable-async-job-executor-thread-8864#
[PollStartAppStatusExecution] c5b30daf-2eb2-465a-874b-302cfe83c0d1 [2026-05-21T20:12:21.142168] Security group rules were updated (STDOUT, CELL)#
#2026 05 21 20:12:21.632#Z#DEBUG#fb7aa7c6-5550-11f1-be9f-eeee0a80e2d9.bookscapm-srv#flowable-async-job-executor-thread-8864#
[PollStartAppStatusExecution] c5b30daf-2eb2-465a-874b-302cfe83c0d1 [2026-05-21T20:12:21.258497] Cell d1cc041a-d5a1-41d6-b9f6-6cda736ce3f0 successfully created container for instance 14717b71-ef0d-42fb-6fe1-13bc (STDOUT, CELL)#
#2026 05 21 20:12:31.627#Z#DEBUG#fb7aa7c6-5550-11f1-be9f-eeee0a80e2d9.bookscapm-srv#flowable-async-job-executor-thread-8866#
[PollStartAppStatusExecution] c5b30daf-2eb2-465a-874b-302cfe83c0d1 [2026-05-21T20:12:21.859258] Downloading droplet... (STDOUT, CELL)#
#2026 05 21 20:12:31.627#Z#DEBUG#fb7aa7c6-5550-11f1-be9f-eeee0a80e2d9.bookscapm-srv#flowable-async-job-executor-thread-8866#
[PollStartAppStatusExecution] c5b30daf-2eb2-465a-874b-302cfe83c0d1 [2026-05-21T20:12:22.621444] Cell c839c7b1-088e-41af-b9b7-66256aacd457 successfully destroyed container for instance 584eba43-68a0-42d6-6187-530b (STDOUT, CELL)#
#2026 05 21 20:12:31.627#Z#DEBUG#fb7aa7c6-5550-11f1-be9f-eeee0a80e2d9.bookscapm-srv#flowable-async-job-executor-thread-8866#
[PollStartAppStatusExecution] c5b30daf-2eb2-465a-874b-302cfe83c0d1 [2026-05-21T20:12:26.605144] Downloaded droplet (60.6M) (STDOUT, CELL)#
#2026 05 21 20:12:31.627#Z#DEBUG#fb7aa7c6-5550-11f1-be9f-eeee0a80e2d9.bookscapm-srv#flowable-async-job-executor-thread-8866#
[PollStartAppStatusExecution] c5b30daf-2eb2-465a-874b-302cfe83c0d1 [2026-05-21T20:12:26.605299] Starting health monitoring of container (STDOUT, CELL)#
#2026 05 21 20:12:31.627#Z#DEBUG#fb7aa7c6-5550-11f1-be9f-eeee0a80e2d9.bookscapm-srv#flowable-async-job-executor-thread-8866#
[PollStartAppStatusExecution] c5b30daf-2eb2-465a-874b-302cfe83c0d1 [2026-05-21T20:12:26.755994] Invoking pre-start scripts. (STDOUT, APP/PROC/WEB)#
#2026 05 21 20:12:31.627#Z#DEBUG#fb7aa7c6-5550-11f1-be9f-eeee0a80e2d9.bookscapm-srv#flowable-async-job-executor-thread-8866#
[PollStartAppStatusExecution] c5b30daf-2eb2-465a-874b-302cfe83c0d1 [2026-05-21T20:12:26.996589] Invoking start command. (STDOUT, APP/PROC/WEB)#
#2026 05 21 20:12:31.627#Z#DEBUG#fb7aa7c6-5550-11f1-be9f-eeee0a80e2d9.bookscapm-srv#flowable-async-job-executor-thread-8866#
[PollStartAppStatusExecution] c5b30daf-2eb2-465a-874b-302cfe83c0d1 [2026-05-21T20:12:27.589028] > bookscapm@1.0.0 start (STDOUT, APP/PROC/WEB)#
#2026 05 21 20:12:31.627#Z#DEBUG#fb7aa7c6-5550-11f1-be9f-eeee0a80e2d9.bookscapm-srv#flowable-async-job-executor-thread-8866#
[PollStartAppStatusExecution] c5b30daf-2eb2-465a-874b-302cfe83c0d1 [2026-05-21T20:12:27.589075] > cds-serve (STDOUT, APP/PROC/WEB)#
#2026 05 21 20:12:31.627#Z#DEBUG#fb7aa7c6-5550-11f1-be9f-eeee0a80e2d9.bookscapm-srv#flowable-async-job-executor-thread-8866#
[PollStartAppStatusExecution] c5b30daf-2eb2-465a-874b-302cfe83c0d1 [2026-05-21T20:12:27.899463] {"level":"info","logger":"cds","timestamp":"2026-05-21T20:12:27.897Z","layer":"cds","component_type":"application","container_id":"10.32.1.5","component_id":"c5b30daf-2eb2-465a-874b-302cfe83c0d1","component_name":"bookscapm-srv","component_instance":0,"source_instance":0,"organization_name":"28d7c084trial","organization_id":"51676b3c-3669-44ee-8d82-d188a1d10898","space_name":"dev","space_id":"b60fe882-3fd1-4122-b7fc-833334cb72da","msg":"loaded model from 1 file(s):\n ","type":"log"} (STDOUT, APP/PROC/WEB)#
#2026 05 21 20:12:31.627#Z#DEBUG#fb7aa7c6-5550-11f1-be9f-eeee0a80e2d9.bookscapm-srv#flowable-async-job-executor-thread-8866#
[PollStartAppStatusExecution] c5b30daf-2eb2-465a-874b-302cfe83c0d1 [2026-05-21T20:12:27.899830] srv/csn.json (STDOUT, APP/PROC/WEB)#
#2026 05 21 20:12:31.627#Z#DEBUG#fb7aa7c6-5550-11f1-be9f-eeee0a80e2d9.bookscapm-srv#flowable-async-job-executor-thread-8866#
[PollStartAppStatusExecution] c5b30daf-2eb2-465a-874b-302cfe83c0d1 [2026-05-21T20:12:28.151577] {"level":"info","logger":"cds","timestamp":"2026-05-21T20:12:28.150Z","layer":"cds","component_type":"application","container_id":"10.32.1.5","component_id":"c5b30daf-2eb2-465a-874b-302cfe83c0d1","component_name":"bookscapm-srv","component_instance":0,"source_instance":0,"organization_name":"28d7c084trial","organization_id":"51676b3c-3669-44ee-8d82-d188a1d10898","space_name":"dev","space_id":"b60fe882-3fd1-4122-b7fc-833334cb72da","msg":"connect to db > hana {\n  database_id: '4ab8c67f-241d-4bb8-ad31-be6edfc8a42f',\n  host: '4ab8c67f-241d-4bb8-ad31-be6edfc8a42f.hna1.prod-us10.hanacloud.ondemand.com',\n  port: '443',\n  driver: 'com.sap.db.jdbc.Driver',\n  url: 'jdbc:sap://4ab8c67f-241d-4bb8-ad31-be6edfc8a42f.hna1.prod-us10.hanacloud.ondemand.com:443?encrypt=true&validateCertificate=true&currentschema=AC7C2DC930114F7B98B505CA48D4BD58',\n  schema: 'AC7C2DC930114F7B98B505CA48D4BD58',\n  certificate: '...',\n  hdi_user: 'AC7C2DC930114F7B98B505CA48D4BD58_EBJ3ZBXBNH7EC44YZNCMWIULD_DT',\n  hdi_password: '...',\n  user: 'AC7C2DC930114F7B98B505CA48D4BD58_EBJ3ZBXBNH7EC44YZNCMWIULD_RT',\n  password: '...'\n}","type":"log"} (STDOUT, APP/PROC/WEB)#
#2026 05 21 20:12:31.627#Z#DEBUG#fb7aa7c6-5550-11f1-be9f-eeee0a80e2d9.bookscapm-srv#flowable-async-job-executor-thread-8866#
[PollStartAppStatusExecution] c5b30daf-2eb2-465a-874b-302cfe83c0d1 [2026-05-21T20:12:28.190096] {"level":"info","logger":"cds","timestamp":"2026-05-21T20:12:28.189Z","layer":"cds","component_type":"application","container_id":"10.32.1.5","component_id":"c5b30daf-2eb2-465a-874b-302cfe83c0d1","component_name":"bookscapm-srv","component_instance":0,"source_instance":0,"organization_name":"28d7c084trial","organization_id":"51676b3c-3669-44ee-8d82-d188a1d10898","space_name":"dev","space_id":"b60fe882-3fd1-4122-b7fc-833334cb72da","msg":"using auth strategy { kind: 'jwt' }","type":"log"} (STDOUT, APP/PROC/WEB)#
#2026 05 21 20:12:31.627#Z#DEBUG#fb7aa7c6-5550-11f1-be9f-eeee0a80e2d9.bookscapm-srv#flowable-async-job-executor-thread-8866#
[PollStartAppStatusExecution] c5b30daf-2eb2-465a-874b-302cfe83c0d1 [2026-05-21T20:12:28.192439] node:internal/modules/cjs/loader:1421 (STDERR, APP/PROC/WEB)#
#2026 05 21 20:12:31.627#Z#DEBUG#fb7aa7c6-5550-11f1-be9f-eeee0a80e2d9.bookscapm-srv#flowable-async-job-executor-thread-8866#
[PollStartAppStatusExecution] c5b30daf-2eb2-465a-874b-302cfe83c0d1 [2026-05-21T20:12:28.192471] const err = new Error(message); (STDERR, APP/PROC/WEB)#
#2026 05 21 20:12:31.627#Z#DEBUG#fb7aa7c6-5550-11f1-be9f-eeee0a80e2d9.bookscapm-srv#flowable-async-job-executor-thread-8866#
[PollStartAppStatusExecution] c5b30daf-2eb2-465a-874b-302cfe83c0d1 [2026-05-21T20:12:28.192476] ^ (STDERR, APP/PROC/WEB)#
#2026 05 21 20:12:31.627#Z#DEBUG#fb7aa7c6-5550-11f1-be9f-eeee0a80e2d9.bookscapm-srv#flowable-async-job-executor-thread-8866#
[PollStartAppStatusExecution] c5b30daf-2eb2-465a-874b-302cfe83c0d1 [2026-05-21T20:12:28.192488] Error: Cannot find '@sap/xssec'. Make sure to install it with 'npm i @sap/xssec' (STDERR, APP/PROC/WEB)#
#2026 05 21 20:12:31.627#Z#DEBUG#fb7aa7c6-5550-11f1-be9f-eeee0a80e2d9.bookscapm-srv#flowable-async-job-executor-thread-8866#
[PollStartAppStatusExecution] c5b30daf-2eb2-465a-874b-302cfe83c0d1 [2026-05-21T20:12:28.192492] Cannot find module '@sap/xssec' (STDERR, APP/PROC/WEB)#
#2026 05 21 20:12:31.627#Z#DEBUG#fb7aa7c6-5550-11f1-be9f-eeee0a80e2d9.bookscapm-srv#flowable-async-job-executor-thread-8866#
[PollStartAppStatusExecution] c5b30daf-2eb2-465a-874b-302cfe83c0d1 [2026-05-21T20:12:28.192495] Require stack: (STDERR, APP/PROC/WEB)#
#2026 05 21 20:12:31.627#Z#DEBUG#fb7aa7c6-5550-11f1-be9f-eeee0a80e2d9.bookscapm-srv#flowable-async-job-executor-thread-8866#
[PollStartAppStatusExecution] c5b30daf-2eb2-465a-874b-302cfe83c0d1 [2026-05-21T20:12:28.192498] - /home/vcap/app/node_modules/@sap/cds/lib/srv/middlewares/auth/xssec.js (STDERR, APP/PROC/WEB)#
#2026 05 21 20:12:31.627#Z#DEBUG#fb7aa7c6-5550-11f1-be9f-eeee0a80e2d9.bookscapm-srv#flowable-async-job-executor-thread-8866#
[PollStartAppStatusExecution] c5b30daf-2eb2-465a-874b-302cfe83c0d1 [2026-05-21T20:12:28.192504] - /home/vcap/app/node_modules/@sap/cds/lib/srv/middlewares/auth/jwt-auth.js (STDERR, APP/PROC/WEB)#
#2026 05 21 20:12:31.627#Z#DEBUG#fb7aa7c6-5550-11f1-be9f-eeee0a80e2d9.bookscapm-srv#flowable-async-job-executor-thread-8866#
[PollStartAppStatusExecution] c5b30daf-2eb2-465a-874b-302cfe83c0d1 [2026-05-21T20:12:28.192514] - /home/vcap/app/node_modules/@sap/cds/lib/srv/middlewares/auth/index.js (STDERR, APP/PROC/WEB)#
#2026 05 21 20:12:31.627#Z#DEBUG#fb7aa7c6-5550-11f1-be9f-eeee0a80e2d9.bookscapm-srv#flowable-async-job-executor-thread-8866#
[PollStartAppStatusExecution] c5b30daf-2eb2-465a-874b-302cfe83c0d1 [2026-05-21T20:12:28.192516] - /home/vcap/app/node_modules/@sap/cds/lib/srv/middlewares/index.js (STDERR, APP/PROC/WEB)#
#2026 05 21 20:12:31.627#Z#DEBUG#fb7aa7c6-5550-11f1-be9f-eeee0a80e2d9.bookscapm-srv#flowable-async-job-executor-thread-8866#
[PollStartAppStatusExecution] c5b30daf-2eb2-465a-874b-302cfe83c0d1 [2026-05-21T20:12:28.192520] - /home/vcap/app/node_modules/@sap/cds/lib/index.js (STDERR, APP/PROC/WEB)#
#2026 05 21 20:12:31.627#Z#DEBUG#fb7aa7c6-5550-11f1-be9f-eeee0a80e2d9.bookscapm-srv#flowable-async-job-executor-thread-8866#
[PollStartAppStatusExecution] c5b30daf-2eb2-465a-874b-302cfe83c0d1 [2026-05-21T20:12:28.192522] - /home/vcap/app/node_modules/@sap/cds/bin/serve.js (STDERR, APP/PROC/WEB)#
#2026 05 21 20:12:31.627#Z#DEBUG#fb7aa7c6-5550-11f1-be9f-eeee0a80e2d9.bookscapm-srv#flowable-async-job-executor-thread-8866#
[PollStartAppStatusExecution] c5b30daf-2eb2-465a-874b-302cfe83c0d1 [2026-05-21T20:12:28.192524] at Module._resolveFilename (node:internal/modules/cjs/loader:1421:15) (STDERR, APP/PROC/WEB)#
#2026 05 21 20:12:31.627#Z#DEBUG#fb7aa7c6-5550-11f1-be9f-eeee0a80e2d9.bookscapm-srv#flowable-async-job-executor-thread-8866#
[PollStartAppStatusExecution] c5b30daf-2eb2-465a-874b-302cfe83c0d1 [2026-05-21T20:12:28.192527] at defaultResolveImpl (node:internal/modules/cjs/loader:1059:19) (STDERR, APP/PROC/WEB)#
#2026 05 21 20:12:31.627#Z#DEBUG#fb7aa7c6-5550-11f1-be9f-eeee0a80e2d9.bookscapm-srv#flowable-async-job-executor-thread-8866#
[PollStartAppStatusExecution] c5b30daf-2eb2-465a-874b-302cfe83c0d1 [2026-05-21T20:12:28.192529] at resolveForCJSWithHooks (node:internal/modules/cjs/loader:1064:22) (STDERR, APP/PROC/WEB)#
#2026 05 21 20:12:31.627#Z#DEBUG#fb7aa7c6-5550-11f1-be9f-eeee0a80e2d9.bookscapm-srv#flowable-async-job-executor-thread-8866#
[PollStartAppStatusExecution] c5b30daf-2eb2-465a-874b-302cfe83c0d1 [2026-05-21T20:12:28.192530] at Module._load (node:internal/modules/cjs/loader:1227:37) (STDERR, APP/PROC/WEB)#
#2026 05 21 20:12:31.627#Z#DEBUG#fb7aa7c6-5550-11f1-be9f-eeee0a80e2d9.bookscapm-srv#flowable-async-job-executor-thread-8866#
[PollStartAppStatusExecution] c5b30daf-2eb2-465a-874b-302cfe83c0d1 [2026-05-21T20:12:28.192532] at TracingChannel.traceSync (node:diagnostics_channel:328:14) (STDERR, APP/PROC/WEB)#
#2026 05 21 20:12:31.627#Z#DEBUG#fb7aa7c6-5550-11f1-be9f-eeee0a80e2d9.bookscapm-srv#flowable-async-job-executor-thread-8866#
[PollStartAppStatusExecution] c5b30daf-2eb2-465a-874b-302cfe83c0d1 [2026-05-21T20:12:28.192536] at wrapModuleLoad (node:internal/modules/cjs/loader:245:24) (STDERR, APP/PROC/WEB)#
#2026 05 21 20:12:31.627#Z#DEBUG#fb7aa7c6-5550-11f1-be9f-eeee0a80e2d9.bookscapm-srv#flowable-async-job-executor-thread-8866#
[PollStartAppStatusExecution] c5b30daf-2eb2-465a-874b-302cfe83c0d1 [2026-05-21T20:12:28.192538] at Module.require (node:internal/modules/cjs/loader:1504:12) (STDERR, APP/PROC/WEB)#
#2026 05 21 20:12:31.627#Z#DEBUG#fb7aa7c6-5550-11f1-be9f-eeee0a80e2d9.bookscapm-srv#flowable-async-job-executor-thread-8866#
[PollStartAppStatusExecution] c5b30daf-2eb2-465a-874b-302cfe83c0d1 [2026-05-21T20:12:28.192540] at require (node:internal/modules/helpers:152:16) (STDERR, APP/PROC/WEB)#
#2026 05 21 20:12:31.627#Z#DEBUG#fb7aa7c6-5550-11f1-be9f-eeee0a80e2d9.bookscapm-srv#flowable-async-job-executor-thread-8866#
[PollStartAppStatusExecution] c5b30daf-2eb2-465a-874b-302cfe83c0d1 [2026-05-21T20:12:28.192544] at Object.<anonymous> (/home/vcap/app/node_modules/@sap/cds/lib/srv/middlewares/auth/xssec.js:2:17) (STDERR, APP/PROC/WEB)#
#2026 05 21 20:12:31.627#Z#DEBUG#fb7aa7c6-5550-11f1-be9f-eeee0a80e2d9.bookscapm-srv#flowable-async-job-executor-thread-8866#
[PollStartAppStatusExecution] c5b30daf-2eb2-465a-874b-302cfe83c0d1 [2026-05-21T20:12:28.192545] at Module._compile (node:internal/modules/cjs/loader:1761:14) { (STDERR, APP/PROC/WEB)#
#2026 05 21 20:12:31.627#Z#DEBUG#fb7aa7c6-5550-11f1-be9f-eeee0a80e2d9.bookscapm-srv#flowable-async-job-executor-thread-8866#
[PollStartAppStatusExecution] c5b30daf-2eb2-465a-874b-302cfe83c0d1 [2026-05-21T20:12:28.192547] code: 'MODULE_NOT_FOUND', (STDERR, APP/PROC/WEB)#
#2026 05 21 20:12:31.627#Z#DEBUG#fb7aa7c6-5550-11f1-be9f-eeee0a80e2d9.bookscapm-srv#flowable-async-job-executor-thread-8866#
[PollStartAppStatusExecution] c5b30daf-2eb2-465a-874b-302cfe83c0d1 [2026-05-21T20:12:28.192550] requireStack: [ (STDERR, APP/PROC/WEB)#
#2026 05 21 20:12:31.627#Z#DEBUG#fb7aa7c6-5550-11f1-be9f-eeee0a80e2d9.bookscapm-srv#flowable-async-job-executor-thread-8866#
[PollStartAppStatusExecution] c5b30daf-2eb2-465a-874b-302cfe83c0d1 [2026-05-21T20:12:28.192552] '/home/vcap/app/node_modules/@sap/cds/lib/srv/middlewares/auth/xssec.js', (STDERR, APP/PROC/WEB)#
#2026 05 21 20:12:31.627#Z#DEBUG#fb7aa7c6-5550-11f1-be9f-eeee0a80e2d9.bookscapm-srv#flowable-async-job-executor-thread-8866#
[PollStartAppStatusExecution] c5b30daf-2eb2-465a-874b-302cfe83c0d1 [2026-05-21T20:12:28.192554] '/home/vcap/app/node_modules/@sap/cds/lib/srv/middlewares/auth/jwt-auth.js', (STDERR, APP/PROC/WEB)#
#2026 05 21 20:12:31.627#Z#DEBUG#fb7aa7c6-5550-11f1-be9f-eeee0a80e2d9.bookscapm-srv#flowable-async-job-executor-thread-8866#
[PollStartAppStatusExecution] c5b30daf-2eb2-465a-874b-302cfe83c0d1 [2026-05-21T20:12:28.192557] '/home/vcap/app/node_modules/@sap/cds/lib/srv/middlewares/auth/index.js', (STDERR, APP/PROC/WEB)#
#2026 05 21 20:12:31.627#Z#DEBUG#fb7aa7c6-5550-11f1-be9f-eeee0a80e2d9.bookscapm-srv#flowable-async-job-executor-thread-8866#
[PollStartAppStatusExecution] c5b30daf-2eb2-465a-874b-302cfe83c0d1 [2026-05-21T20:12:28.192559] '/home/vcap/app/node_modules/@sap/cds/lib/srv/middlewares/index.js', (STDERR, APP/PROC/WEB)#
#2026 05 21 20:12:31.627#Z#DEBUG#fb7aa7c6-5550-11f1-be9f-eeee0a80e2d9.bookscapm-srv#flowable-async-job-executor-thread-8866#
[PollStartAppStatusExecution] c5b30daf-2eb2-465a-874b-302cfe83c0d1 [2026-05-21T20:12:28.192562] '/home/vcap/app/node_modules/@sap/cds/lib/index.js', (STDERR, APP/PROC/WEB)#
#2026 05 21 20:12:31.627#Z#DEBUG#fb7aa7c6-5550-11f1-be9f-eeee0a80e2d9.bookscapm-srv#flowable-async-job-executor-thread-8866#
[PollStartAppStatusExecution] c5b30daf-2eb2-465a-874b-302cfe83c0d1 [2026-05-21T20:12:28.192563] '/home/vcap/app/node_modules/@sap/cds/bin/serve.js' (STDERR, APP/PROC/WEB)#
#2026 05 21 20:12:31.627#Z#DEBUG#fb7aa7c6-5550-11f1-be9f-eeee0a80e2d9.bookscapm-srv#flowable-async-job-executor-thread-8866#
[PollStartAppStatusExecution] c5b30daf-2eb2-465a-874b-302cfe83c0d1 [2026-05-21T20:12:28.192565] ] (STDERR, APP/PROC/WEB)#
#2026 05 21 20:12:31.627#Z#DEBUG#fb7aa7c6-5550-11f1-be9f-eeee0a80e2d9.bookscapm-srv#flowable-async-job-executor-thread-8866#
[PollStartAppStatusExecution] c5b30daf-2eb2-465a-874b-302cfe83c0d1 [2026-05-21T20:12:28.192569] } (STDERR, APP/PROC/WEB)#
#2026 05 21 20:12:31.627#Z#DEBUG#fb7aa7c6-5550-11f1-be9f-eeee0a80e2d9.bookscapm-srv#flowable-async-job-executor-thread-8866#
[PollStartAppStatusExecution] c5b30daf-2eb2-465a-874b-302cfe83c0d1 [2026-05-21T20:12:28.192572] Node.js v24.13.0 (STDERR, APP/PROC/WEB)#
#2026 05 21 20:12:31.627#Z#DEBUG#fb7aa7c6-5550-11f1-be9f-eeee0a80e2d9.bookscapm-srv#flowable-async-job-executor-thread-8866#
[PollStartAppStatusExecution] c5b30daf-2eb2-465a-874b-302cfe83c0d1 [2026-05-21T20:12:28.211680] npm notice (STDERR, APP/PROC/WEB)#
#2026 05 21 20:12:31.627#Z#DEBUG#fb7aa7c6-5550-11f1-be9f-eeee0a80e2d9.bookscapm-srv#flowable-async-job-executor-thread-8866#
[PollStartAppStatusExecution] c5b30daf-2eb2-465a-874b-302cfe83c0d1 [2026-05-21T20:12:28.211718] npm notice New minor version of npm available! 11.6.2 -> 11.15.0 (STDERR, APP/PROC/WEB)#
#2026 05 21 20:12:31.627#Z#DEBUG#fb7aa7c6-5550-11f1-be9f-eeee0a80e2d9.bookscapm-srv#flowable-async-job-executor-thread-8866#
[PollStartAppStatusExecution] c5b30daf-2eb2-465a-874b-302cfe83c0d1 [2026-05-21T20:12:28.211722] npm notice Changelog: https://github.com/npm/cli/releases/tag/v11.15.0 (STDERR, APP/PROC/WEB)#
#2026 05 21 20:12:31.627#Z#DEBUG#fb7aa7c6-5550-11f1-be9f-eeee0a80e2d9.bookscapm-srv#flowable-async-job-executor-thread-8866#
[PollStartAppStatusExecution] c5b30daf-2eb2-465a-874b-302cfe83c0d1 [2026-05-21T20:12:28.211725] npm notice To update run: npm install -g npm@11.15.0 (STDERR, APP/PROC/WEB)#
#2026 05 21 20:12:31.627#Z#DEBUG#fb7aa7c6-5550-11f1-be9f-eeee0a80e2d9.bookscapm-srv#flowable-async-job-executor-thread-8866#
[PollStartAppStatusExecution] c5b30daf-2eb2-465a-874b-302cfe83c0d1 [2026-05-21T20:12:28.211727] npm notice (STDERR, APP/PROC/WEB)#
#2026 05 21 20:12:31.627#Z#DEBUG#fb7aa7c6-5550-11f1-be9f-eeee0a80e2d9.bookscapm-srv#flowable-async-job-executor-thread-8866#
[PollStartAppStatusExecution] c5b30daf-2eb2-465a-874b-302cfe83c0d1 [2026-05-21T20:12:28.303735] Exit status 1 (STDOUT, APP/PROC/WEB)#
#2026 05 21 20:12:41.637#Z#DEBUG#fb7aa7c6-5550-11f1-be9f-eeee0a80e2d9.bookscapm-srv#flowable-async-job-executor-thread-8868#
[PollStartAppStatusExecution] c5b30daf-2eb2-465a-874b-302cfe83c0d1 [2026-05-21T20:12:34.788611] Cell d1cc041a-d5a1-41d6-b9f6-6cda736ce3f0 stopping instance 14717b71-ef0d-42fb-6fe1-13bc (STDOUT, CELL)#
#2026 05 21 20:12:41.637#Z#DEBUG#fb7aa7c6-5550-11f1-be9f-eeee0a80e2d9.bookscapm-srv#flowable-async-job-executor-thread-8868#
[PollStartAppStatusExecution] c5b30daf-2eb2-465a-874b-302cfe83c0d1 [2026-05-21T20:12:34.788648] Cell d1cc041a-d5a1-41d6-b9f6-6cda736ce3f0 destroying container for instance 14717b71-ef0d-42fb-6fe1-13bc (STDOUT, CELL)#
#2026 05 21 20:12:41.637#Z#DEBUG#fb7aa7c6-5550-11f1-be9f-eeee0a80e2d9.bookscapm-srv#flowable-async-job-executor-thread-8868#
[PollStartAppStatusExecution] c5b30daf-2eb2-465a-874b-302cfe83c0d1 [2026-05-21T20:12:34.799973] Process has crashed with type: "web" (STDOUT, API)#
#2026 05 21 20:12:41.637#Z#DEBUG#fb7aa7c6-5550-11f1-be9f-eeee0a80e2d9.bookscapm-srv#flowable-async-job-executor-thread-8868#
[PollStartAppStatusExecution] c5b30daf-2eb2-465a-874b-302cfe83c0d1 [2026-05-21T20:12:34.813787] App instance exited with guid c5b30daf-2eb2-465a-874b-302cfe83c0d1 payload: {"instance"=>"14717b71-ef0d-42fb-6fe1-13bc", "index"=>0, "cell_id"=>"d1cc041a-d5a1-41d6-b9f6-6cda736ce3f0", "reason"=>"CRASHED", "exit_description"=>"APP/PROC/WEB: Exited with status 1", "crash_count"=>2, "crash_timestamp"=>1779394354771487628, "version"=>"26bb85c3-4ef7-4db0-8413-53143f288d48"} (STDOUT, API)#
#2026 05 21 20:12:41.637#Z#DEBUG#fb7aa7c6-5550-11f1-be9f-eeee0a80e2d9.bookscapm-srv#flowable-async-job-executor-thread-8868#
[PollStartAppStatusExecution] c5b30daf-2eb2-465a-874b-302cfe83c0d1 [2026-05-21T20:12:34.910414] Cell 77283d80-dfa7-40ba-ba4e-265aef112085 creating container for instance 89a3a7e2-b77a-472a-4817-c0b4 (STDOUT, CELL)#
#2026 05 21 20:12:41.637#Z#DEBUG#fb7aa7c6-5550-11f1-be9f-eeee0a80e2d9.bookscapm-srv#flowable-async-job-executor-thread-8868#
[PollStartAppStatusExecution] c5b30daf-2eb2-465a-874b-302cfe83c0d1 [2026-05-21T20:12:35.040389] Exit status 137 (STDOUT, PROXY)#
#2026 05 21 20:12:41.637#Z#DEBUG#fb7aa7c6-5550-11f1-be9f-eeee0a80e2d9.bookscapm-srv#flowable-async-job-executor-thread-8868#
[PollStartAppStatusExecution] c5b30daf-2eb2-465a-874b-302cfe83c0d1 [2026-05-21T20:12:35.870556] Security group rules were updated (STDOUT, CELL)#
#2026 05 21 20:12:41.637#Z#DEBUG#fb7aa7c6-5550-11f1-be9f-eeee0a80e2d9.bookscapm-srv#flowable-async-job-executor-thread-8868#
[PollStartAppStatusExecution] c5b30daf-2eb2-465a-874b-302cfe83c0d1 [2026-05-21T20:12:35.973316] Cell 77283d80-dfa7-40ba-ba4e-265aef112085 successfully created container for instance 89a3a7e2-b77a-472a-4817-c0b4 (STDOUT, CELL)#
#2026 05 21 20:12:41.637#Z#DEBUG#fb7aa7c6-5550-11f1-be9f-eeee0a80e2d9.bookscapm-srv#flowable-async-job-executor-thread-8868#
[PollStartAppStatusExecution] c5b30daf-2eb2-465a-874b-302cfe83c0d1 [2026-05-21T20:12:36.140825] Downloading droplet... (STDOUT, CELL)#
#2026 05 21 20:12:41.637#Z#DEBUG#fb7aa7c6-5550-11f1-be9f-eeee0a80e2d9.bookscapm-srv#flowable-async-job-executor-thread-8868#
[PollStartAppStatusExecution] c5b30daf-2eb2-465a-874b-302cfe83c0d1 [2026-05-21T20:12:37.424109] Cell d1cc041a-d5a1-41d6-b9f6-6cda736ce3f0 successfully destroyed container for instance 14717b71-ef0d-42fb-6fe1-13bc (STDOUT, CELL)#
#2026 05 21 20:12:41.637#Z#DEBUG#fb7aa7c6-5550-11f1-be9f-eeee0a80e2d9.bookscapm-srv#flowable-async-job-executor-thread-8868#
[PollStartAppStatusExecution] c5b30daf-2eb2-465a-874b-302cfe83c0d1 [2026-05-21T20:12:40.663920] Downloaded droplet (60.6M) (STDOUT, CELL)#
#2026 05 21 20:12:41.637#Z#DEBUG#fb7aa7c6-5550-11f1-be9f-eeee0a80e2d9.bookscapm-srv#flowable-async-job-executor-thread-8868#
[PollStartAppStatusExecution] c5b30daf-2eb2-465a-874b-302cfe83c0d1 [2026-05-21T20:12:40.664088] Starting health monitoring of container (STDOUT, CELL)#
#2026 05 21 20:12:41.637#Z#DEBUG#fb7aa7c6-5550-11f1-be9f-eeee0a80e2d9.bookscapm-srv#flowable-async-job-executor-thread-8868#
[PollStartAppStatusExecution] c5b30daf-2eb2-465a-874b-302cfe83c0d1 [2026-05-21T20:12:40.816711] Invoking pre-start scripts. (STDOUT, APP/PROC/WEB)#
#2026 05 21 20:12:41.637#Z#DEBUG#fb7aa7c6-5550-11f1-be9f-eeee0a80e2d9.bookscapm-srv#flowable-async-job-executor-thread-8868#
[PollStartAppStatusExecution] c5b30daf-2eb2-465a-874b-302cfe83c0d1 [2026-05-21T20:12:41.087554] Invoking start command. (STDOUT, APP/PROC/WEB)#
#2026 05 21 20:12:51.700#Z#DEBUG#fb7aa7c6-5550-11f1-be9f-eeee0a80e2d9.bookscapm-srv#flowable-async-job-executor-thread-6508#
[PollStartAppStatusExecution] c5b30daf-2eb2-465a-874b-302cfe83c0d1 [2026-05-21T20:12:41.653573] > bookscapm@1.0.0 start (STDOUT, APP/PROC/WEB)#
#2026 05 21 20:12:51.700#Z#DEBUG#fb7aa7c6-5550-11f1-be9f-eeee0a80e2d9.bookscapm-srv#flowable-async-job-executor-thread-6508#
[PollStartAppStatusExecution] c5b30daf-2eb2-465a-874b-302cfe83c0d1 [2026-05-21T20:12:41.653605] > cds-serve (STDOUT, APP/PROC/WEB)#
#2026 05 21 20:12:51.700#Z#DEBUG#fb7aa7c6-5550-11f1-be9f-eeee0a80e2d9.bookscapm-srv#flowable-async-job-executor-thread-6508#
[PollStartAppStatusExecution] c5b30daf-2eb2-465a-874b-302cfe83c0d1 [2026-05-21T20:12:42.012208] {"level":"info","logger":"cds","timestamp":"2026-05-21T20:12:42.010Z","layer":"cds","component_type":"application","container_id":"10.32.3.6","component_id":"c5b30daf-2eb2-465a-874b-302cfe83c0d1","component_name":"bookscapm-srv","component_instance":0,"source_instance":0,"organization_name":"28d7c084trial","organization_id":"51676b3c-3669-44ee-8d82-d188a1d10898","space_name":"dev","space_id":"b60fe882-3fd1-4122-b7fc-833334cb72da","msg":"loaded model from 1 file(s):\n ","type":"log"} (STDOUT, APP/PROC/WEB)#
#2026 05 21 20:12:51.700#Z#DEBUG#fb7aa7c6-5550-11f1-be9f-eeee0a80e2d9.bookscapm-srv#flowable-async-job-executor-thread-6508#
[PollStartAppStatusExecution] c5b30daf-2eb2-465a-874b-302cfe83c0d1 [2026-05-21T20:12:42.012841] srv/csn.json (STDOUT, APP/PROC/WEB)#
#2026 05 21 20:12:51.700#Z#DEBUG#fb7aa7c6-5550-11f1-be9f-eeee0a80e2d9.bookscapm-srv#flowable-async-job-executor-thread-6508#
[PollStartAppStatusExecution] c5b30daf-2eb2-465a-874b-302cfe83c0d1 [2026-05-21T20:12:42.305864] {"level":"info","logger":"cds","timestamp":"2026-05-21T20:12:42.304Z","layer":"cds","component_type":"application","container_id":"10.32.3.6","component_id":"c5b30daf-2eb2-465a-874b-302cfe83c0d1","component_name":"bookscapm-srv","component_instance":0,"source_instance":0,"organization_name":"28d7c084trial","organization_id":"51676b3c-3669-44ee-8d82-d188a1d10898","space_name":"dev","space_id":"b60fe882-3fd1-4122-b7fc-833334cb72da","msg":"connect to db > hana {\n  database_id: '4ab8c67f-241d-4bb8-ad31-be6edfc8a42f',\n  host: '4ab8c67f-241d-4bb8-ad31-be6edfc8a42f.hna1.prod-us10.hanacloud.ondemand.com',\n  port: '443',\n  driver: 'com.sap.db.jdbc.Driver',\n  url: 'jdbc:sap://4ab8c67f-241d-4bb8-ad31-be6edfc8a42f.hna1.prod-us10.hanacloud.ondemand.com:443?encrypt=true&validateCertificate=true&currentschema=AC7C2DC930114F7B98B505CA48D4BD58',\n  schema: 'AC7C2DC930114F7B98B505CA48D4BD58',\n  certificate: '...',\n  hdi_user: 'AC7C2DC930114F7B98B505CA48D4BD58_EBJ3ZBXBNH7EC44YZNCMWIULD_DT',\n  hdi_password: '...',\n  user: 'AC7C2DC930114F7B98B505CA48D4BD58_EBJ3ZBXBNH7EC44YZNCMWIULD_RT',\n  password: '...'\n}","type":"log"} (STDOUT, APP/PROC/WEB)#
#2026 05 21 20:12:51.700#Z#DEBUG#fb7aa7c6-5550-11f1-be9f-eeee0a80e2d9.bookscapm-srv#flowable-async-job-executor-thread-6508#
[PollStartAppStatusExecution] c5b30daf-2eb2-465a-874b-302cfe83c0d1 [2026-05-21T20:12:42.348947] {"level":"info","logger":"cds","timestamp":"2026-05-21T20:12:42.348Z","layer":"cds","component_type":"application","container_id":"10.32.3.6","component_id":"c5b30daf-2eb2-465a-874b-302cfe83c0d1","component_name":"bookscapm-srv","component_instance":0,"source_instance":0,"organization_name":"28d7c084trial","organization_id":"51676b3c-3669-44ee-8d82-d188a1d10898","space_name":"dev","space_id":"b60fe882-3fd1-4122-b7fc-833334cb72da","msg":"using auth strategy { kind: 'jwt' }","type":"log"} (STDOUT, APP/PROC/WEB)#
#2026 05 21 20:12:51.700#Z#DEBUG#fb7aa7c6-5550-11f1-be9f-eeee0a80e2d9.bookscapm-srv#flowable-async-job-executor-thread-6508#
[PollStartAppStatusExecution] c5b30daf-2eb2-465a-874b-302cfe83c0d1 [2026-05-21T20:12:42.351210] node:internal/modules/cjs/loader:1421 (STDERR, APP/PROC/WEB)#
#2026 05 21 20:12:51.700#Z#DEBUG#fb7aa7c6-5550-11f1-be9f-eeee0a80e2d9.bookscapm-srv#flowable-async-job-executor-thread-6508#
[PollStartAppStatusExecution] c5b30daf-2eb2-465a-874b-302cfe83c0d1 [2026-05-21T20:12:42.351237] const err = new Error(message); (STDERR, APP/PROC/WEB)#
#2026 05 21 20:12:51.700#Z#DEBUG#fb7aa7c6-5550-11f1-be9f-eeee0a80e2d9.bookscapm-srv#flowable-async-job-executor-thread-6508#
[PollStartAppStatusExecution] c5b30daf-2eb2-465a-874b-302cfe83c0d1 [2026-05-21T20:12:42.351242] ^ (STDERR, APP/PROC/WEB)#
#2026 05 21 20:12:51.700#Z#DEBUG#fb7aa7c6-5550-11f1-be9f-eeee0a80e2d9.bookscapm-srv#flowable-async-job-executor-thread-6508#
[PollStartAppStatusExecution] c5b30daf-2eb2-465a-874b-302cfe83c0d1 [2026-05-21T20:12:42.351246] Error: Cannot find '@sap/xssec'. Make sure to install it with 'npm i @sap/xssec' (STDERR, APP/PROC/WEB)#
#2026 05 21 20:12:51.700#Z#DEBUG#fb7aa7c6-5550-11f1-be9f-eeee0a80e2d9.bookscapm-srv#flowable-async-job-executor-thread-6508#
[PollStartAppStatusExecution] c5b30daf-2eb2-465a-874b-302cfe83c0d1 [2026-05-21T20:12:42.351250] Cannot find module '@sap/xssec' (STDERR, APP/PROC/WEB)#
#2026 05 21 20:12:51.700#Z#DEBUG#fb7aa7c6-5550-11f1-be9f-eeee0a80e2d9.bookscapm-srv#flowable-async-job-executor-thread-6508#
[PollStartAppStatusExecution] c5b30daf-2eb2-465a-874b-302cfe83c0d1 [2026-05-21T20:12:42.351253] Require stack: (STDERR, APP/PROC/WEB)#
#2026 05 21 20:12:51.700#Z#DEBUG#fb7aa7c6-5550-11f1-be9f-eeee0a80e2d9.bookscapm-srv#flowable-async-job-executor-thread-6508#
[PollStartAppStatusExecution] c5b30daf-2eb2-465a-874b-302cfe83c0d1 [2026-05-21T20:12:42.351255] - /home/vcap/app/node_modules/@sap/cds/lib/srv/middlewares/auth/xssec.js (STDERR, APP/PROC/WEB)#
#2026 05 21 20:12:51.700#Z#DEBUG#fb7aa7c6-5550-11f1-be9f-eeee0a80e2d9.bookscapm-srv#flowable-async-job-executor-thread-6508#
[PollStartAppStatusExecution] c5b30daf-2eb2-465a-874b-302cfe83c0d1 [2026-05-21T20:12:42.351259] - /home/vcap/app/node_modules/@sap/cds/lib/srv/middlewares/auth/jwt-auth.js (STDERR, APP/PROC/WEB)#
#2026 05 21 20:12:51.700#Z#DEBUG#fb7aa7c6-5550-11f1-be9f-eeee0a80e2d9.bookscapm-srv#flowable-async-job-executor-thread-6508#
[PollStartAppStatusExecution] c5b30daf-2eb2-465a-874b-302cfe83c0d1 [2026-05-21T20:12:42.351262] - /home/vcap/app/node_modules/@sap/cds/lib/srv/middlewares/auth/index.js (STDERR, APP/PROC/WEB)#
#2026 05 21 20:12:51.700#Z#DEBUG#fb7aa7c6-5550-11f1-be9f-eeee0a80e2d9.bookscapm-srv#flowable-async-job-executor-thread-6508#
[PollStartAppStatusExecution] c5b30daf-2eb2-465a-874b-302cfe83c0d1 [2026-05-21T20:12:42.351265] - /home/vcap/app/node_modules/@sap/cds/lib/srv/middlewares/index.js (STDERR, APP/PROC/WEB)#
#2026 05 21 20:12:51.700#Z#DEBUG#fb7aa7c6-5550-11f1-be9f-eeee0a80e2d9.bookscapm-srv#flowable-async-job-executor-thread-6508#
[PollStartAppStatusExecution] c5b30daf-2eb2-465a-874b-302cfe83c0d1 [2026-05-21T20:12:42.351269] - /home/vcap/app/node_modules/@sap/cds/lib/index.js (STDERR, APP/PROC/WEB)#
#2026 05 21 20:12:51.700#Z#DEBUG#fb7aa7c6-5550-11f1-be9f-eeee0a80e2d9.bookscapm-srv#flowable-async-job-executor-thread-6508#
[PollStartAppStatusExecution] c5b30daf-2eb2-465a-874b-302cfe83c0d1 [2026-05-21T20:12:42.351271] - /home/vcap/app/node_modules/@sap/cds/bin/serve.js (STDERR, APP/PROC/WEB)#
#2026 05 21 20:12:51.700#Z#DEBUG#fb7aa7c6-5550-11f1-be9f-eeee0a80e2d9.bookscapm-srv#flowable-async-job-executor-thread-6508#
[PollStartAppStatusExecution] c5b30daf-2eb2-465a-874b-302cfe83c0d1 [2026-05-21T20:12:42.351274] at Module._resolveFilename (node:internal/modules/cjs/loader:1421:15) (STDERR, APP/PROC/WEB)#
#2026 05 21 20:12:51.700#Z#DEBUG#fb7aa7c6-5550-11f1-be9f-eeee0a80e2d9.bookscapm-srv#flowable-async-job-executor-thread-6508#
[PollStartAppStatusExecution] c5b30daf-2eb2-465a-874b-302cfe83c0d1 [2026-05-21T20:12:42.351281] at defaultResolveImpl (node:internal/modules/cjs/loader:1059:19) (STDERR, APP/PROC/WEB)#
#2026 05 21 20:12:51.700#Z#DEBUG#fb7aa7c6-5550-11f1-be9f-eeee0a80e2d9.bookscapm-srv#flowable-async-job-executor-thread-6508#
[PollStartAppStatusExecution] c5b30daf-2eb2-465a-874b-302cfe83c0d1 [2026-05-21T20:12:42.351288] at resolveForCJSWithHooks (node:internal/modules/cjs/loader:1064:22) (STDERR, APP/PROC/WEB)#
#2026 05 21 20:12:51.700#Z#DEBUG#fb7aa7c6-5550-11f1-be9f-eeee0a80e2d9.bookscapm-srv#flowable-async-job-executor-thread-6508#
[PollStartAppStatusExecution] c5b30daf-2eb2-465a-874b-302cfe83c0d1 [2026-05-21T20:12:42.351291] at Module._load (node:internal/modules/cjs/loader:1227:37) (STDERR, APP/PROC/WEB)#
#2026 05 21 20:12:51.700#Z#DEBUG#fb7aa7c6-5550-11f1-be9f-eeee0a80e2d9.bookscapm-srv#flowable-async-job-executor-thread-6508#
[PollStartAppStatusExecution] c5b30daf-2eb2-465a-874b-302cfe83c0d1 [2026-05-21T20:12:42.351296] at TracingChannel.traceSync (node:diagnostics_channel:328:14) (STDERR, APP/PROC/WEB)#
#2026 05 21 20:12:51.700#Z#DEBUG#fb7aa7c6-5550-11f1-be9f-eeee0a80e2d9.bookscapm-srv#flowable-async-job-executor-thread-6508#
[PollStartAppStatusExecution] c5b30daf-2eb2-465a-874b-302cfe83c0d1 [2026-05-21T20:12:42.351298] at wrapModuleLoad (node:internal/modules/cjs/loader:245:24) (STDERR, APP/PROC/WEB)#
#2026 05 21 20:12:51.700#Z#DEBUG#fb7aa7c6-5550-11f1-be9f-eeee0a80e2d9.bookscapm-srv#flowable-async-job-executor-thread-6508#
[PollStartAppStatusExecution] c5b30daf-2eb2-465a-874b-302cfe83c0d1 [2026-05-21T20:12:42.351301] at Module.require (node:internal/modules/cjs/loader:1504:12) (STDERR, APP/PROC/WEB)#
#2026 05 21 20:12:51.700#Z#DEBUG#fb7aa7c6-5550-11f1-be9f-eeee0a80e2d9.bookscapm-srv#flowable-async-job-executor-thread-6508#
[PollStartAppStatusExecution] c5b30daf-2eb2-465a-874b-302cfe83c0d1 [2026-05-21T20:12:42.351303] at require (node:internal/modules/helpers:152:16) (STDERR, APP/PROC/WEB)#
#2026 05 21 20:12:51.700#Z#DEBUG#fb7aa7c6-5550-11f1-be9f-eeee0a80e2d9.bookscapm-srv#flowable-async-job-executor-thread-6508#
[PollStartAppStatusExecution] c5b30daf-2eb2-465a-874b-302cfe83c0d1 [2026-05-21T20:12:42.351306] at Object.<anonymous> (/home/vcap/app/node_modules/@sap/cds/lib/srv/middlewares/auth/xssec.js:2:17) (STDERR, APP/PROC/WEB)#
#2026 05 21 20:12:51.700#Z#DEBUG#fb7aa7c6-5550-11f1-be9f-eeee0a80e2d9.bookscapm-srv#flowable-async-job-executor-thread-6508#
[PollStartAppStatusExecution] c5b30daf-2eb2-465a-874b-302cfe83c0d1 [2026-05-21T20:12:42.351313] at Module._compile (node:internal/modules/cjs/loader:1761:14) { (STDERR, APP/PROC/WEB)#
#2026 05 21 20:12:51.700#Z#DEBUG#fb7aa7c6-5550-11f1-be9f-eeee0a80e2d9.bookscapm-srv#flowable-async-job-executor-thread-6508#
[PollStartAppStatusExecution] c5b30daf-2eb2-465a-874b-302cfe83c0d1 [2026-05-21T20:12:42.351315] code: 'MODULE_NOT_FOUND', (STDERR, APP/PROC/WEB)#
#2026 05 21 20:12:51.700#Z#DEBUG#fb7aa7c6-5550-11f1-be9f-eeee0a80e2d9.bookscapm-srv#flowable-async-job-executor-thread-6508#
[PollStartAppStatusExecution] c5b30daf-2eb2-465a-874b-302cfe83c0d1 [2026-05-21T20:12:42.351318] requireStack: [ (STDERR, APP/PROC/WEB)#
#2026 05 21 20:12:51.700#Z#DEBUG#fb7aa7c6-5550-11f1-be9f-eeee0a80e2d9.bookscapm-srv#flowable-async-job-executor-thread-6508#
[PollStartAppStatusExecution] c5b30daf-2eb2-465a-874b-302cfe83c0d1 [2026-05-21T20:12:42.351320] '/home/vcap/app/node_modules/@sap/cds/lib/srv/middlewares/auth/xssec.js', (STDERR, APP/PROC/WEB)#
#2026 05 21 20:12:51.700#Z#DEBUG#fb7aa7c6-5550-11f1-be9f-eeee0a80e2d9.bookscapm-srv#flowable-async-job-executor-thread-6508#
[PollStartAppStatusExecution] c5b30daf-2eb2-465a-874b-302cfe83c0d1 [2026-05-21T20:12:42.351322] '/home/vcap/app/node_modules/@sap/cds/lib/srv/middlewares/auth/jwt-auth.js', (STDERR, APP/PROC/WEB)#
#2026 05 21 20:12:51.700#Z#DEBUG#fb7aa7c6-5550-11f1-be9f-eeee0a80e2d9.bookscapm-srv#flowable-async-job-executor-thread-6508#
[PollStartAppStatusExecution] c5b30daf-2eb2-465a-874b-302cfe83c0d1 [2026-05-21T20:12:42.351325] '/home/vcap/app/node_modules/@sap/cds/lib/srv/middlewares/auth/index.js', (STDERR, APP/PROC/WEB)#
#2026 05 21 20:12:51.700#Z#DEBUG#fb7aa7c6-5550-11f1-be9f-eeee0a80e2d9.bookscapm-srv#flowable-async-job-executor-thread-6508#
[PollStartAppStatusExecution] c5b30daf-2eb2-465a-874b-302cfe83c0d1 [2026-05-21T20:12:42.351327] '/home/vcap/app/node_modules/@sap/cds/lib/srv/middlewares/index.js', (STDERR, APP/PROC/WEB)#
#2026 05 21 20:12:51.700#Z#DEBUG#fb7aa7c6-5550-11f1-be9f-eeee0a80e2d9.bookscapm-srv#flowable-async-job-executor-thread-6508#
[PollStartAppStatusExecution] c5b30daf-2eb2-465a-874b-302cfe83c0d1 [2026-05-21T20:12:42.351330] '/home/vcap/app/node_modules/@sap/cds/lib/index.js', (STDERR, APP/PROC/WEB)#
#2026 05 21 20:12:51.700#Z#DEBUG#fb7aa7c6-5550-11f1-be9f-eeee0a80e2d9.bookscapm-srv#flowable-async-job-executor-thread-6508#
[PollStartAppStatusExecution] c5b30daf-2eb2-465a-874b-302cfe83c0d1 [2026-05-21T20:12:42.351332] '/home/vcap/app/node_modules/@sap/cds/bin/serve.js' (STDERR, APP/PROC/WEB)#
#2026 05 21 20:12:51.700#Z#DEBUG#fb7aa7c6-5550-11f1-be9f-eeee0a80e2d9.bookscapm-srv#flowable-async-job-executor-thread-6508#
[PollStartAppStatusExecution] c5b30daf-2eb2-465a-874b-302cfe83c0d1 [2026-05-21T20:12:42.351334] ] (STDERR, APP/PROC/WEB)#
#2026 05 21 20:12:51.700#Z#DEBUG#fb7aa7c6-5550-11f1-be9f-eeee0a80e2d9.bookscapm-srv#flowable-async-job-executor-thread-6508#
[PollStartAppStatusExecution] c5b30daf-2eb2-465a-874b-302cfe83c0d1 [2026-05-21T20:12:42.351336] } (STDERR, APP/PROC/WEB)#
#2026 05 21 20:12:51.700#Z#DEBUG#fb7aa7c6-5550-11f1-be9f-eeee0a80e2d9.bookscapm-srv#flowable-async-job-executor-thread-6508#
[PollStartAppStatusExecution] c5b30daf-2eb2-465a-874b-302cfe83c0d1 [2026-05-21T20:12:42.351388] Node.js v24.13.0 (STDERR, APP/PROC/WEB)#
#2026 05 21 20:12:51.700#Z#DEBUG#fb7aa7c6-5550-11f1-be9f-eeee0a80e2d9.bookscapm-srv#flowable-async-job-executor-thread-6508#
[PollStartAppStatusExecution] c5b30daf-2eb2-465a-874b-302cfe83c0d1 [2026-05-21T20:12:42.371982] npm notice (STDERR, APP/PROC/WEB)#
#2026 05 21 20:12:51.700#Z#DEBUG#fb7aa7c6-5550-11f1-be9f-eeee0a80e2d9.bookscapm-srv#flowable-async-job-executor-thread-6508#
[PollStartAppStatusExecution] c5b30daf-2eb2-465a-874b-302cfe83c0d1 [2026-05-21T20:12:42.372011] npm notice New minor version of npm available! 11.6.2 -> 11.15.0 (STDERR, APP/PROC/WEB)#
#2026 05 21 20:12:51.700#Z#DEBUG#fb7aa7c6-5550-11f1-be9f-eeee0a80e2d9.bookscapm-srv#flowable-async-job-executor-thread-6508#
[PollStartAppStatusExecution] c5b30daf-2eb2-465a-874b-302cfe83c0d1 [2026-05-21T20:12:42.372016] npm notice Changelog: https://github.com/npm/cli/releases/tag/v11.15.0 (STDERR, APP/PROC/WEB)#
#2026 05 21 20:12:51.700#Z#DEBUG#fb7aa7c6-5550-11f1-be9f-eeee0a80e2d9.bookscapm-srv#flowable-async-job-executor-thread-6508#
[PollStartAppStatusExecution] c5b30daf-2eb2-465a-874b-302cfe83c0d1 [2026-05-21T20:12:42.372020] npm notice To update run: npm install -g npm@11.15.0 (STDERR, APP/PROC/WEB)#
#2026 05 21 20:12:51.700#Z#DEBUG#fb7aa7c6-5550-11f1-be9f-eeee0a80e2d9.bookscapm-srv#flowable-async-job-executor-thread-6508#
[PollStartAppStatusExecution] c5b30daf-2eb2-465a-874b-302cfe83c0d1 [2026-05-21T20:12:42.372022] npm notice (STDERR, APP/PROC/WEB)#
#2026 05 21 20:12:51.700#Z#DEBUG#fb7aa7c6-5550-11f1-be9f-eeee0a80e2d9.bookscapm-srv#flowable-async-job-executor-thread-6508#
[PollStartAppStatusExecution] c5b30daf-2eb2-465a-874b-302cfe83c0d1 [2026-05-21T20:12:42.468529] Exit status 1 (STDOUT, APP/PROC/WEB)#
#2026 05 21 20:12:51.700#Z#DEBUG#fb7aa7c6-5550-11f1-be9f-eeee0a80e2d9.bookscapm-srv#flowable-async-job-executor-thread-6508#
[PollStartAppStatusExecution] c5b30daf-2eb2-465a-874b-302cfe83c0d1 [2026-05-21T20:12:49.111398] Cell 77283d80-dfa7-40ba-ba4e-265aef112085 stopping instance 89a3a7e2-b77a-472a-4817-c0b4 (STDOUT, CELL)#
#2026 05 21 20:12:51.700#Z#DEBUG#fb7aa7c6-5550-11f1-be9f-eeee0a80e2d9.bookscapm-srv#flowable-async-job-executor-thread-6508#
[PollStartAppStatusExecution] c5b30daf-2eb2-465a-874b-302cfe83c0d1 [2026-05-21T20:12:49.111446] Cell 77283d80-dfa7-40ba-ba4e-265aef112085 destroying container for instance 89a3a7e2-b77a-472a-4817-c0b4 (STDOUT, CELL)#
#2026 05 21 20:12:51.700#Z#DEBUG#fb7aa7c6-5550-11f1-be9f-eeee0a80e2d9.bookscapm-srv#flowable-async-job-executor-thread-6508#
[PollStartAppStatusExecution] c5b30daf-2eb2-465a-874b-302cfe83c0d1 [2026-05-21T20:12:49.129371] Process has crashed with type: "web" (STDOUT, API)#
#2026 05 21 20:12:51.700#Z#DEBUG#fb7aa7c6-5550-11f1-be9f-eeee0a80e2d9.bookscapm-srv#flowable-async-job-executor-thread-6508#
[PollStartAppStatusExecution] c5b30daf-2eb2-465a-874b-302cfe83c0d1 [2026-05-21T20:12:49.141196] App instance exited with guid c5b30daf-2eb2-465a-874b-302cfe83c0d1 payload: {"instance"=>"89a3a7e2-b77a-472a-4817-c0b4", "index"=>0, "cell_id"=>"77283d80-dfa7-40ba-ba4e-265aef112085", "reason"=>"CRASHED", "exit_description"=>"APP/PROC/WEB: Exited with status 1", "crash_count"=>3, "crash_timestamp"=>1779394369107543381, "version"=>"26bb85c3-4ef7-4db0-8413-53143f288d48"} (STDOUT, API)#
#2026 05 21 20:12:51.700#Z#DEBUG#fb7aa7c6-5550-11f1-be9f-eeee0a80e2d9.bookscapm-srv#flowable-async-job-executor-thread-6508#
[PollStartAppStatusExecution] c5b30daf-2eb2-465a-874b-302cfe83c0d1 [2026-05-21T20:12:49.392156] Exit status 137 (STDOUT, PROXY)#
#2026 05 21 20:13:01.658#Z#DEBUG#fb7aa7c6-5550-11f1-be9f-eeee0a80e2d9.bookscapm-srv#flowable-async-job-executor-thread-8870#
[PollStartAppStatusExecution] c5b30daf-2eb2-465a-874b-302cfe83c0d1 [2026-05-21T20:12:41.653573] > bookscapm@1.0.0 start (STDOUT, APP/PROC/WEB)#
#2026 05 21 20:13:01.658#Z#DEBUG#fb7aa7c6-5550-11f1-be9f-eeee0a80e2d9.bookscapm-srv#flowable-async-job-executor-thread-8870#
[PollStartAppStatusExecution] c5b30daf-2eb2-465a-874b-302cfe83c0d1 [2026-05-21T20:12:41.653605] > cds-serve (STDOUT, APP/PROC/WEB)#
#2026 05 21 20:13:01.658#Z#DEBUG#fb7aa7c6-5550-11f1-be9f-eeee0a80e2d9.bookscapm-srv#flowable-async-job-executor-thread-8870#
[PollStartAppStatusExecution] c5b30daf-2eb2-465a-874b-302cfe83c0d1 [2026-05-21T20:12:42.012208] {"level":"info","logger":"cds","timestamp":"2026-05-21T20:12:42.010Z","layer":"cds","component_type":"application","container_id":"10.32.3.6","component_id":"c5b30daf-2eb2-465a-874b-302cfe83c0d1","component_name":"bookscapm-srv","component_instance":0,"source_instance":0,"organization_name":"28d7c084trial","organization_id":"51676b3c-3669-44ee-8d82-d188a1d10898","space_name":"dev","space_id":"b60fe882-3fd1-4122-b7fc-833334cb72da","msg":"loaded model from 1 file(s):\n ","type":"log"} (STDOUT, APP/PROC/WEB)#
#2026 05 21 20:13:01.658#Z#DEBUG#fb7aa7c6-5550-11f1-be9f-eeee0a80e2d9.bookscapm-srv#flowable-async-job-executor-thread-8870#
[PollStartAppStatusExecution] c5b30daf-2eb2-465a-874b-302cfe83c0d1 [2026-05-21T20:12:42.012841] srv/csn.json (STDOUT, APP/PROC/WEB)#
#2026 05 21 20:13:01.658#Z#DEBUG#fb7aa7c6-5550-11f1-be9f-eeee0a80e2d9.bookscapm-srv#flowable-async-job-executor-thread-8870#
[PollStartAppStatusExecution] c5b30daf-2eb2-465a-874b-302cfe83c0d1 [2026-05-21T20:12:42.305864] {"level":"info","logger":"cds","timestamp":"2026-05-21T20:12:42.304Z","layer":"cds","component_type":"application","container_id":"10.32.3.6","component_id":"c5b30daf-2eb2-465a-874b-302cfe83c0d1","component_name":"bookscapm-srv","component_instance":0,"source_instance":0,"organization_name":"28d7c084trial","organization_id":"51676b3c-3669-44ee-8d82-d188a1d10898","space_name":"dev","space_id":"b60fe882-3fd1-4122-b7fc-833334cb72da","msg":"connect to db > hana {\n  database_id: '4ab8c67f-241d-4bb8-ad31-be6edfc8a42f',\n  host: '4ab8c67f-241d-4bb8-ad31-be6edfc8a42f.hna1.prod-us10.hanacloud.ondemand.com',\n  port: '443',\n  driver: 'com.sap.db.jdbc.Driver',\n  url: 'jdbc:sap://4ab8c67f-241d-4bb8-ad31-be6edfc8a42f.hna1.prod-us10.hanacloud.ondemand.com:443?encrypt=true&validateCertificate=true&currentschema=AC7C2DC930114F7B98B505CA48D4BD58',\n  schema: 'AC7C2DC930114F7B98B505CA48D4BD58',\n  certificate: '...',\n  hdi_user: 'AC7C2DC930114F7B98B505CA48D4BD58_EBJ3ZBXBNH7EC44YZNCMWIULD_DT',\n  hdi_password: '...',\n  user: 'AC7C2DC930114F7B98B505CA48D4BD58_EBJ3ZBXBNH7EC44YZNCMWIULD_RT',\n  password: '...'\n}","type":"log"} (STDOUT, APP/PROC/WEB)#
#2026 05 21 20:13:01.658#Z#DEBUG#fb7aa7c6-5550-11f1-be9f-eeee0a80e2d9.bookscapm-srv#flowable-async-job-executor-thread-8870#
[PollStartAppStatusExecution] c5b30daf-2eb2-465a-874b-302cfe83c0d1 [2026-05-21T20:12:42.348947] {"level":"info","logger":"cds","timestamp":"2026-05-21T20:12:42.348Z","layer":"cds","component_type":"application","container_id":"10.32.3.6","component_id":"c5b30daf-2eb2-465a-874b-302cfe83c0d1","component_name":"bookscapm-srv","component_instance":0,"source_instance":0,"organization_name":"28d7c084trial","organization_id":"51676b3c-3669-44ee-8d82-d188a1d10898","space_name":"dev","space_id":"b60fe882-3fd1-4122-b7fc-833334cb72da","msg":"using auth strategy { kind: 'jwt' }","type":"log"} (STDOUT, APP/PROC/WEB)#
#2026 05 21 20:13:01.658#Z#DEBUG#fb7aa7c6-5550-11f1-be9f-eeee0a80e2d9.bookscapm-srv#flowable-async-job-executor-thread-8870#
[PollStartAppStatusExecution] c5b30daf-2eb2-465a-874b-302cfe83c0d1 [2026-05-21T20:12:42.351210] node:internal/modules/cjs/loader:1421 (STDERR, APP/PROC/WEB)#
#2026 05 21 20:13:01.658#Z#DEBUG#fb7aa7c6-5550-11f1-be9f-eeee0a80e2d9.bookscapm-srv#flowable-async-job-executor-thread-8870#
[PollStartAppStatusExecution] c5b30daf-2eb2-465a-874b-302cfe83c0d1 [2026-05-21T20:12:42.351237] const err = new Error(message); (STDERR, APP/PROC/WEB)#
#2026 05 21 20:13:01.658#Z#DEBUG#fb7aa7c6-5550-11f1-be9f-eeee0a80e2d9.bookscapm-srv#flowable-async-job-executor-thread-8870#
[PollStartAppStatusExecution] c5b30daf-2eb2-465a-874b-302cfe83c0d1 [2026-05-21T20:12:42.351242] ^ (STDERR, APP/PROC/WEB)#
#2026 05 21 20:13:01.658#Z#DEBUG#fb7aa7c6-5550-11f1-be9f-eeee0a80e2d9.bookscapm-srv#flowable-async-job-executor-thread-8870#
[PollStartAppStatusExecution] c5b30daf-2eb2-465a-874b-302cfe83c0d1 [2026-05-21T20:12:42.351246] Error: Cannot find '@sap/xssec'. Make sure to install it with 'npm i @sap/xssec' (STDERR, APP/PROC/WEB)#
#2026 05 21 20:13:01.658#Z#DEBUG#fb7aa7c6-5550-11f1-be9f-eeee0a80e2d9.bookscapm-srv#flowable-async-job-executor-thread-8870#
[PollStartAppStatusExecution] c5b30daf-2eb2-465a-874b-302cfe83c0d1 [2026-05-21T20:12:42.351250] Cannot find module '@sap/xssec' (STDERR, APP/PROC/WEB)#
#2026 05 21 20:13:01.658#Z#DEBUG#fb7aa7c6-5550-11f1-be9f-eeee0a80e2d9.bookscapm-srv#flowable-async-job-executor-thread-8870#
[PollStartAppStatusExecution] c5b30daf-2eb2-465a-874b-302cfe83c0d1 [2026-05-21T20:12:42.351253] Require stack: (STDERR, APP/PROC/WEB)#
#2026 05 21 20:13:01.658#Z#DEBUG#fb7aa7c6-5550-11f1-be9f-eeee0a80e2d9.bookscapm-srv#flowable-async-job-executor-thread-8870#
[PollStartAppStatusExecution] c5b30daf-2eb2-465a-874b-302cfe83c0d1 [2026-05-21T20:12:42.351255] - /home/vcap/app/node_modules/@sap/cds/lib/srv/middlewares/auth/xssec.js (STDERR, APP/PROC/WEB)#
#2026 05 21 20:13:01.658#Z#DEBUG#fb7aa7c6-5550-11f1-be9f-eeee0a80e2d9.bookscapm-srv#flowable-async-job-executor-thread-8870#
[PollStartAppStatusExecution] c5b30daf-2eb2-465a-874b-302cfe83c0d1 [2026-05-21T20:12:42.351259] - /home/vcap/app/node_modules/@sap/cds/lib/srv/middlewares/auth/jwt-auth.js (STDERR, APP/PROC/WEB)#
#2026 05 21 20:13:01.658#Z#DEBUG#fb7aa7c6-5550-11f1-be9f-eeee0a80e2d9.bookscapm-srv#flowable-async-job-executor-thread-8870#
[PollStartAppStatusExecution] c5b30daf-2eb2-465a-874b-302cfe83c0d1 [2026-05-21T20:12:42.351262] - /home/vcap/app/node_modules/@sap/cds/lib/srv/middlewares/auth/index.js (STDERR, APP/PROC/WEB)#
#2026 05 21 20:13:01.658#Z#DEBUG#fb7aa7c6-5550-11f1-be9f-eeee0a80e2d9.bookscapm-srv#flowable-async-job-executor-thread-8870#
[PollStartAppStatusExecution] c5b30daf-2eb2-465a-874b-302cfe83c0d1 [2026-05-21T20:12:42.351265] - /home/vcap/app/node_modules/@sap/cds/lib/srv/middlewares/index.js (STDERR, APP/PROC/WEB)#
#2026 05 21 20:13:01.658#Z#DEBUG#fb7aa7c6-5550-11f1-be9f-eeee0a80e2d9.bookscapm-srv#flowable-async-job-executor-thread-8870#
[PollStartAppStatusExecution] c5b30daf-2eb2-465a-874b-302cfe83c0d1 [2026-05-21T20:12:42.351269] - /home/vcap/app/node_modules/@sap/cds/lib/index.js (STDERR, APP/PROC/WEB)#
#2026 05 21 20:13:01.658#Z#DEBUG#fb7aa7c6-5550-11f1-be9f-eeee0a80e2d9.bookscapm-srv#flowable-async-job-executor-thread-8870#
[PollStartAppStatusExecution] c5b30daf-2eb2-465a-874b-302cfe83c0d1 [2026-05-21T20:12:42.351271] - /home/vcap/app/node_modules/@sap/cds/bin/serve.js (STDERR, APP/PROC/WEB)#
#2026 05 21 20:13:01.658#Z#DEBUG#fb7aa7c6-5550-11f1-be9f-eeee0a80e2d9.bookscapm-srv#flowable-async-job-executor-thread-8870#
[PollStartAppStatusExecution] c5b30daf-2eb2-465a-874b-302cfe83c0d1 [2026-05-21T20:12:42.351274] at Module._resolveFilename (node:internal/modules/cjs/loader:1421:15) (STDERR, APP/PROC/WEB)#
#2026 05 21 20:13:01.658#Z#DEBUG#fb7aa7c6-5550-11f1-be9f-eeee0a80e2d9.bookscapm-srv#flowable-async-job-executor-thread-8870#
[PollStartAppStatusExecution] c5b30daf-2eb2-465a-874b-302cfe83c0d1 [2026-05-21T20:12:42.351281] at defaultResolveImpl (node:internal/modules/cjs/loader:1059:19) (STDERR, APP/PROC/WEB)#
#2026 05 21 20:13:01.658#Z#DEBUG#fb7aa7c6-5550-11f1-be9f-eeee0a80e2d9.bookscapm-srv#flowable-async-job-executor-thread-8870#
[PollStartAppStatusExecution] c5b30daf-2eb2-465a-874b-302cfe83c0d1 [2026-05-21T20:12:42.351288] at resolveForCJSWithHooks (node:internal/modules/cjs/loader:1064:22) (STDERR, APP/PROC/WEB)#
#2026 05 21 20:13:01.658#Z#DEBUG#fb7aa7c6-5550-11f1-be9f-eeee0a80e2d9.bookscapm-srv#flowable-async-job-executor-thread-8870#
[PollStartAppStatusExecution] c5b30daf-2eb2-465a-874b-302cfe83c0d1 [2026-05-21T20:12:42.351291] at Module._load (node:internal/modules/cjs/loader:1227:37) (STDERR, APP/PROC/WEB)#
#2026 05 21 20:13:01.658#Z#DEBUG#fb7aa7c6-5550-11f1-be9f-eeee0a80e2d9.bookscapm-srv#flowable-async-job-executor-thread-8870#
[PollStartAppStatusExecution] c5b30daf-2eb2-465a-874b-302cfe83c0d1 [2026-05-21T20:12:42.351296] at TracingChannel.traceSync (node:diagnostics_channel:328:14) (STDERR, APP/PROC/WEB)#
#2026 05 21 20:13:01.658#Z#DEBUG#fb7aa7c6-5550-11f1-be9f-eeee0a80e2d9.bookscapm-srv#flowable-async-job-executor-thread-8870#
[PollStartAppStatusExecution] c5b30daf-2eb2-465a-874b-302cfe83c0d1 [2026-05-21T20:12:42.351298] at wrapModuleLoad (node:internal/modules/cjs/loader:245:24) (STDERR, APP/PROC/WEB)#
#2026 05 21 20:13:01.658#Z#DEBUG#fb7aa7c6-5550-11f1-be9f-eeee0a80e2d9.bookscapm-srv#flowable-async-job-executor-thread-8870#
[PollStartAppStatusExecution] c5b30daf-2eb2-465a-874b-302cfe83c0d1 [2026-05-21T20:12:42.351301] at Module.require (node:internal/modules/cjs/loader:1504:12) (STDERR, APP/PROC/WEB)#
#2026 05 21 20:13:01.658#Z#DEBUG#fb7aa7c6-5550-11f1-be9f-eeee0a80e2d9.bookscapm-srv#flowable-async-job-executor-thread-8870#
[PollStartAppStatusExecution] c5b30daf-2eb2-465a-874b-302cfe83c0d1 [2026-05-21T20:12:42.351303] at require (node:internal/modules/helpers:152:16) (STDERR, APP/PROC/WEB)#
#2026 05 21 20:13:01.658#Z#DEBUG#fb7aa7c6-5550-11f1-be9f-eeee0a80e2d9.bookscapm-srv#flowable-async-job-executor-thread-8870#
[PollStartAppStatusExecution] c5b30daf-2eb2-465a-874b-302cfe83c0d1 [2026-05-21T20:12:42.351306] at Object.<anonymous> (/home/vcap/app/node_modules/@sap/cds/lib/srv/middlewares/auth/xssec.js:2:17) (STDERR, APP/PROC/WEB)#
#2026 05 21 20:13:01.658#Z#DEBUG#fb7aa7c6-5550-11f1-be9f-eeee0a80e2d9.bookscapm-srv#flowable-async-job-executor-thread-8870#
[PollStartAppStatusExecution] c5b30daf-2eb2-465a-874b-302cfe83c0d1 [2026-05-21T20:12:42.351313] at Module._compile (node:internal/modules/cjs/loader:1761:14) { (STDERR, APP/PROC/WEB)#
#2026 05 21 20:13:01.658#Z#DEBUG#fb7aa7c6-5550-11f1-be9f-eeee0a80e2d9.bookscapm-srv#flowable-async-job-executor-thread-8870#
[PollStartAppStatusExecution] c5b30daf-2eb2-465a-874b-302cfe83c0d1 [2026-05-21T20:12:42.351315] code: 'MODULE_NOT_FOUND', (STDERR, APP/PROC/WEB)#
#2026 05 21 20:13:01.658#Z#DEBUG#fb7aa7c6-5550-11f1-be9f-eeee0a80e2d9.bookscapm-srv#flowable-async-job-executor-thread-8870#
[PollStartAppStatusExecution] c5b30daf-2eb2-465a-874b-302cfe83c0d1 [2026-05-21T20:12:42.351318] requireStack: [ (STDERR, APP/PROC/WEB)#
#2026 05 21 20:13:01.658#Z#DEBUG#fb7aa7c6-5550-11f1-be9f-eeee0a80e2d9.bookscapm-srv#flowable-async-job-executor-thread-8870#
[PollStartAppStatusExecution] c5b30daf-2eb2-465a-874b-302cfe83c0d1 [2026-05-21T20:12:42.351320] '/home/vcap/app/node_modules/@sap/cds/lib/srv/middlewares/auth/xssec.js', (STDERR, APP/PROC/WEB)#
#2026 05 21 20:13:01.658#Z#DEBUG#fb7aa7c6-5550-11f1-be9f-eeee0a80e2d9.bookscapm-srv#flowable-async-job-executor-thread-8870#
[PollStartAppStatusExecution] c5b30daf-2eb2-465a-874b-302cfe83c0d1 [2026-05-21T20:12:42.351322] '/home/vcap/app/node_modules/@sap/cds/lib/srv/middlewares/auth/jwt-auth.js', (STDERR, APP/PROC/WEB)#
#2026 05 21 20:13:01.658#Z#DEBUG#fb7aa7c6-5550-11f1-be9f-eeee0a80e2d9.bookscapm-srv#flowable-async-job-executor-thread-8870#
[PollStartAppStatusExecution] c5b30daf-2eb2-465a-874b-302cfe83c0d1 [2026-05-21T20:12:42.351325] '/home/vcap/app/node_modules/@sap/cds/lib/srv/middlewares/auth/index.js', (STDERR, APP/PROC/WEB)#
#2026 05 21 20:13:01.658#Z#DEBUG#fb7aa7c6-5550-11f1-be9f-eeee0a80e2d9.bookscapm-srv#flowable-async-job-executor-thread-8870#
[PollStartAppStatusExecution] c5b30daf-2eb2-465a-874b-302cfe83c0d1 [2026-05-21T20:12:42.351327] '/home/vcap/app/node_modules/@sap/cds/lib/srv/middlewares/index.js', (STDERR, APP/PROC/WEB)#
#2026 05 21 20:13:01.658#Z#DEBUG#fb7aa7c6-5550-11f1-be9f-eeee0a80e2d9.bookscapm-srv#flowable-async-job-executor-thread-8870#
[PollStartAppStatusExecution] c5b30daf-2eb2-465a-874b-302cfe83c0d1 [2026-05-21T20:12:42.351330] '/home/vcap/app/node_modules/@sap/cds/lib/index.js', (STDERR, APP/PROC/WEB)#
#2026 05 21 20:13:01.658#Z#DEBUG#fb7aa7c6-5550-11f1-be9f-eeee0a80e2d9.bookscapm-srv#flowable-async-job-executor-thread-8870#
[PollStartAppStatusExecution] c5b30daf-2eb2-465a-874b-302cfe83c0d1 [2026-05-21T20:12:42.351332] '/home/vcap/app/node_modules/@sap/cds/bin/serve.js' (STDERR, APP/PROC/WEB)#
#2026 05 21 20:13:01.658#Z#DEBUG#fb7aa7c6-5550-11f1-be9f-eeee0a80e2d9.bookscapm-srv#flowable-async-job-executor-thread-8870#
[PollStartAppStatusExecution] c5b30daf-2eb2-465a-874b-302cfe83c0d1 [2026-05-21T20:12:42.351334] ] (STDERR, APP/PROC/WEB)#
#2026 05 21 20:13:01.658#Z#DEBUG#fb7aa7c6-5550-11f1-be9f-eeee0a80e2d9.bookscapm-srv#flowable-async-job-executor-thread-8870#
[PollStartAppStatusExecution] c5b30daf-2eb2-465a-874b-302cfe83c0d1 [2026-05-21T20:12:42.351336] } (STDERR, APP/PROC/WEB)#
#2026 05 21 20:13:01.658#Z#DEBUG#fb7aa7c6-5550-11f1-be9f-eeee0a80e2d9.bookscapm-srv#flowable-async-job-executor-thread-8870#
[PollStartAppStatusExecution] c5b30daf-2eb2-465a-874b-302cfe83c0d1 [2026-05-21T20:12:42.351388] Node.js v24.13.0 (STDERR, APP/PROC/WEB)#
#2026 05 21 20:13:01.658#Z#DEBUG#fb7aa7c6-5550-11f1-be9f-eeee0a80e2d9.bookscapm-srv#flowable-async-job-executor-thread-8870#
[PollStartAppStatusExecution] c5b30daf-2eb2-465a-874b-302cfe83c0d1 [2026-05-21T20:12:42.371982] npm notice (STDERR, APP/PROC/WEB)#
#2026 05 21 20:13:01.658#Z#DEBUG#fb7aa7c6-5550-11f1-be9f-eeee0a80e2d9.bookscapm-srv#flowable-async-job-executor-thread-8870#
[PollStartAppStatusExecution] c5b30daf-2eb2-465a-874b-302cfe83c0d1 [2026-05-21T20:12:42.372011] npm notice New minor version of npm available! 11.6.2 -> 11.15.0 (STDERR, APP/PROC/WEB)#
#2026 05 21 20:13:01.658#Z#DEBUG#fb7aa7c6-5550-11f1-be9f-eeee0a80e2d9.bookscapm-srv#flowable-async-job-executor-thread-8870#
[PollStartAppStatusExecution] c5b30daf-2eb2-465a-874b-302cfe83c0d1 [2026-05-21T20:12:42.372016] npm notice Changelog: https://github.com/npm/cli/releases/tag/v11.15.0 (STDERR, APP/PROC/WEB)#
#2026 05 21 20:13:01.658#Z#DEBUG#fb7aa7c6-5550-11f1-be9f-eeee0a80e2d9.bookscapm-srv#flowable-async-job-executor-thread-8870#
[PollStartAppStatusExecution] c5b30daf-2eb2-465a-874b-302cfe83c0d1 [2026-05-21T20:12:42.372020] npm notice To update run: npm install -g npm@11.15.0 (STDERR, APP/PROC/WEB)#
#2026 05 21 20:13:01.658#Z#DEBUG#fb7aa7c6-5550-11f1-be9f-eeee0a80e2d9.bookscapm-srv#flowable-async-job-executor-thread-8870#
[PollStartAppStatusExecution] c5b30daf-2eb2-465a-874b-302cfe83c0d1 [2026-05-21T20:12:42.372022] npm notice (STDERR, APP/PROC/WEB)#
#2026 05 21 20:13:01.658#Z#DEBUG#fb7aa7c6-5550-11f1-be9f-eeee0a80e2d9.bookscapm-srv#flowable-async-job-executor-thread-8870#
[PollStartAppStatusExecution] c5b30daf-2eb2-465a-874b-302cfe83c0d1 [2026-05-21T20:12:42.468529] Exit status 1 (STDOUT, APP/PROC/WEB)#
#2026 05 21 20:13:01.658#Z#DEBUG#fb7aa7c6-5550-11f1-be9f-eeee0a80e2d9.bookscapm-srv#flowable-async-job-executor-thread-8870#
[PollStartAppStatusExecution] c5b30daf-2eb2-465a-874b-302cfe83c0d1 [2026-05-21T20:12:49.111398] Cell 77283d80-dfa7-40ba-ba4e-265aef112085 stopping instance 89a3a7e2-b77a-472a-4817-c0b4 (STDOUT, CELL)#
#2026 05 21 20:13:01.658#Z#DEBUG#fb7aa7c6-5550-11f1-be9f-eeee0a80e2d9.bookscapm-srv#flowable-async-job-executor-thread-8870#
[PollStartAppStatusExecution] c5b30daf-2eb2-465a-874b-302cfe83c0d1 [2026-05-21T20:12:49.111446] Cell 77283d80-dfa7-40ba-ba4e-265aef112085 destroying container for instance 89a3a7e2-b77a-472a-4817-c0b4 (STDOUT, CELL)#
#2026 05 21 20:13:01.658#Z#DEBUG#fb7aa7c6-5550-11f1-be9f-eeee0a80e2d9.bookscapm-srv#flowable-async-job-executor-thread-8870#
[PollStartAppStatusExecution] c5b30daf-2eb2-465a-874b-302cfe83c0d1 [2026-05-21T20:12:49.129371] Process has crashed with type: "web" (STDOUT, API)#
#2026 05 21 20:13:01.658#Z#DEBUG#fb7aa7c6-5550-11f1-be9f-eeee0a80e2d9.bookscapm-srv#flowable-async-job-executor-thread-8870#
[PollStartAppStatusExecution] c5b30daf-2eb2-465a-874b-302cfe83c0d1 [2026-05-21T20:12:49.141196] App instance exited with guid c5b30daf-2eb2-465a-874b-302cfe83c0d1 payload: {"instance"=>"89a3a7e2-b77a-472a-4817-c0b4", "index"=>0, "cell_id"=>"77283d80-dfa7-40ba-ba4e-265aef112085", "reason"=>"CRASHED", "exit_description"=>"APP/PROC/WEB: Exited with status 1", "crash_count"=>3, "crash_timestamp"=>1779394369107543381, "version"=>"26bb85c3-4ef7-4db0-8413-53143f288d48"} (STDOUT, API)#
#2026 05 21 20:13:01.658#Z#DEBUG#fb7aa7c6-5550-11f1-be9f-eeee0a80e2d9.bookscapm-srv#flowable-async-job-executor-thread-8870#
[PollStartAppStatusExecution] c5b30daf-2eb2-465a-874b-302cfe83c0d1 [2026-05-21T20:12:49.392156] Exit status 137 (STDOUT, PROXY)#
#2026 05 21 20:13:01.659#Z#DEBUG#fb7aa7c6-5550-11f1-be9f-eeee0a80e2d9.bookscapm-srv#flowable-async-job-executor-thread-8870#
[PollStartAppStatusExecution] c5b30daf-2eb2-465a-874b-302cfe83c0d1 [2026-05-21T20:12:51.694907] Cell 77283d80-dfa7-40ba-ba4e-265aef112085 successfully destroyed container for instance 89a3a7e2-b77a-472a-4817-c0b4 (STDOUT, CELL)#
#2026 05 21 20:13:01.659#Z#DEBUG#fb7aa7c6-5550-11f1-be9f-eeee0a80e2d9.bookscapm-srv#flowable-async-job-executor-thread-8870#
[PollStartAppStatusExecution] c5b30daf-2eb2-465a-874b-302cfe83c0d1 [2026-05-21T20:12:53.010845] Stopping app with guid c5b30daf-2eb2-465a-874b-302cfe83c0d1 (STDOUT, API)#
#2026 05 21 20:13:01.659#Z#DEBUG#fb7aa7c6-5550-11f1-be9f-eeee0a80e2d9.bookscapm-srv#flowable-async-job-executor-thread-8870#
[PollStartAppStatusExecution] c5b30daf-2eb2-465a-874b-302cfe83c0d1 [2026-05-21T20:12:53.177753] Starting app with guid c5b30daf-2eb2-465a-874b-302cfe83c0d1 (STDOUT, API)#
#2026 05 21 20:13:01.659#Z#DEBUG#fb7aa7c6-5550-11f1-be9f-eeee0a80e2d9.bookscapm-srv#flowable-async-job-executor-thread-8870#
[PollStartAppStatusExecution] c5b30daf-2eb2-465a-874b-302cfe83c0d1 [2026-05-21T20:12:53.404750] Cell c839c7b1-088e-41af-b9b7-66256aacd457 creating container for instance 1cfe2073-3fd1-4d69-7a72-e998 (STDOUT, CELL)#
#2026 05 21 20:13:01.659#Z#DEBUG#fb7aa7c6-5550-11f1-be9f-eeee0a80e2d9.bookscapm-srv#flowable-async-job-executor-thread-8870#
[PollStartAppStatusExecution] c5b30daf-2eb2-465a-874b-302cfe83c0d1 [2026-05-21T20:12:54.404329] Security group rules were updated (STDOUT, CELL)#
#2026 05 21 20:13:01.659#Z#DEBUG#fb7aa7c6-5550-11f1-be9f-eeee0a80e2d9.bookscapm-srv#flowable-async-job-executor-thread-8870#
[PollStartAppStatusExecution] c5b30daf-2eb2-465a-874b-302cfe83c0d1 [2026-05-21T20:12:54.517016] Cell c839c7b1-088e-41af-b9b7-66256aacd457 successfully created container for instance 1cfe2073-3fd1-4d69-7a72-e998 (STDOUT, CELL)#
#2026 05 21 20:13:01.659#Z#DEBUG#fb7aa7c6-5550-11f1-be9f-eeee0a80e2d9.bookscapm-srv#flowable-async-job-executor-thread-8870#
[PollStartAppStatusExecution] c5b30daf-2eb2-465a-874b-302cfe83c0d1 [2026-05-21T20:12:55.159004] Downloading droplet... (STDOUT, CELL)#
#2026 05 21 20:13:01.659#Z#DEBUG#fb7aa7c6-5550-11f1-be9f-eeee0a80e2d9.bookscapm-srv#flowable-async-job-executor-thread-8870#
[PollStartAppStatusExecution] c5b30daf-2eb2-465a-874b-302cfe83c0d1 [2026-05-21T20:12:59.984340] Downloaded droplet (60.6M) (STDOUT, CELL)#
#2026 05 21 20:13:01.659#Z#DEBUG#fb7aa7c6-5550-11f1-be9f-eeee0a80e2d9.bookscapm-srv#flowable-async-job-executor-thread-8870#
[PollStartAppStatusExecution] c5b30daf-2eb2-465a-874b-302cfe83c0d1 [2026-05-21T20:12:59.984789] Starting health monitoring of container (STDOUT, CELL)#
#2026 05 21 20:13:01.659#Z#DEBUG#fb7aa7c6-5550-11f1-be9f-eeee0a80e2d9.bookscapm-srv#flowable-async-job-executor-thread-8870#
[PollStartAppStatusExecution] c5b30daf-2eb2-465a-874b-302cfe83c0d1 [2026-05-21T20:13:00.145766] Invoking pre-start scripts. (STDOUT, APP/PROC/WEB)#
#2026 05 21 20:13:01.659#Z#DEBUG#fb7aa7c6-5550-11f1-be9f-eeee0a80e2d9.bookscapm-srv#flowable-async-job-executor-thread-8870#
[PollStartAppStatusExecution] c5b30daf-2eb2-465a-874b-302cfe83c0d1 [2026-05-21T20:13:00.434054] Invoking start command. (STDOUT, APP/PROC/WEB)#
#2026 05 21 20:13:01.659#Z#DEBUG#fb7aa7c6-5550-11f1-be9f-eeee0a80e2d9.bookscapm-srv#flowable-async-job-executor-thread-8870#
[PollStartAppStatusExecution] c5b30daf-2eb2-465a-874b-302cfe83c0d1 [2026-05-21T20:13:00.978318] > bookscapm@1.0.0 start (STDOUT, APP/PROC/WEB)#
#2026 05 21 20:13:01.659#Z#DEBUG#fb7aa7c6-5550-11f1-be9f-eeee0a80e2d9.bookscapm-srv#flowable-async-job-executor-thread-8870#
[PollStartAppStatusExecution] c5b30daf-2eb2-465a-874b-302cfe83c0d1 [2026-05-21T20:13:00.978364] > cds-serve (STDOUT, APP/PROC/WEB)#
#2026 05 21 20:13:11.652#Z#DEBUG#fb7aa7c6-5550-11f1-be9f-eeee0a80e2d9.bookscapm-srv#flowable-async-job-executor-thread-8872#
[PollStartAppStatusExecution] c5b30daf-2eb2-465a-874b-302cfe83c0d1 [2026-05-21T20:13:01.340478] {"level":"info","logger":"cds","timestamp":"2026-05-21T20:13:01.338Z","layer":"cds","component_type":"application","container_id":"10.32.2.6","component_id":"c5b30daf-2eb2-465a-874b-302cfe83c0d1","component_name":"bookscapm-srv","component_instance":0,"source_instance":0,"organization_name":"28d7c084trial","organization_id":"51676b3c-3669-44ee-8d82-d188a1d10898","space_name":"dev","space_id":"b60fe882-3fd1-4122-b7fc-833334cb72da","msg":"loaded model from 1 file(s):\n ","type":"log"} (STDOUT, APP/PROC/WEB)#
#2026 05 21 20:13:11.652#Z#DEBUG#fb7aa7c6-5550-11f1-be9f-eeee0a80e2d9.bookscapm-srv#flowable-async-job-executor-thread-8872#
[PollStartAppStatusExecution] c5b30daf-2eb2-465a-874b-302cfe83c0d1 [2026-05-21T20:13:01.340919] srv/csn.json (STDOUT, APP/PROC/WEB)#
#2026 05 21 20:13:11.652#Z#DEBUG#fb7aa7c6-5550-11f1-be9f-eeee0a80e2d9.bookscapm-srv#flowable-async-job-executor-thread-8872#
[PollStartAppStatusExecution] c5b30daf-2eb2-465a-874b-302cfe83c0d1 [2026-05-21T20:13:01.614205] {"level":"info","logger":"cds","timestamp":"2026-05-21T20:13:01.613Z","layer":"cds","component_type":"application","container_id":"10.32.2.6","component_id":"c5b30daf-2eb2-465a-874b-302cfe83c0d1","component_name":"bookscapm-srv","component_instance":0,"source_instance":0,"organization_name":"28d7c084trial","organization_id":"51676b3c-3669-44ee-8d82-d188a1d10898","space_name":"dev","space_id":"b60fe882-3fd1-4122-b7fc-833334cb72da","msg":"connect to db > hana {\n  database_id: '4ab8c67f-241d-4bb8-ad31-be6edfc8a42f',\n  host: '4ab8c67f-241d-4bb8-ad31-be6edfc8a42f.hna1.prod-us10.hanacloud.ondemand.com',\n  port: '443',\n  driver: 'com.sap.db.jdbc.Driver',\n  url: 'jdbc:sap://4ab8c67f-241d-4bb8-ad31-be6edfc8a42f.hna1.prod-us10.hanacloud.ondemand.com:443?encrypt=true&validateCertificate=true&currentschema=AC7C2DC930114F7B98B505CA48D4BD58',\n  schema: 'AC7C2DC930114F7B98B505CA48D4BD58',\n  certificate: '...',\n  hdi_user: 'AC7C2DC930114F7B98B505CA48D4BD58_EBJ3ZBXBNH7EC44YZNCMWIULD_DT',\n  hdi_password: '...',\n  user: 'AC7C2DC930114F7B98B505CA48D4BD58_EBJ3ZBXBNH7EC44YZNCMWIULD_RT',\n  password: '...'\n}","type":"log"} (STDOUT, APP/PROC/WEB)#
#2026 05 21 20:13:11.652#Z#DEBUG#fb7aa7c6-5550-11f1-be9f-eeee0a80e2d9.bookscapm-srv#flowable-async-job-executor-thread-8872#
[PollStartAppStatusExecution] c5b30daf-2eb2-465a-874b-302cfe83c0d1 [2026-05-21T20:13:01.663467] {"level":"info","logger":"cds","timestamp":"2026-05-21T20:13:01.662Z","layer":"cds","component_type":"application","container_id":"10.32.2.6","component_id":"c5b30daf-2eb2-465a-874b-302cfe83c0d1","component_name":"bookscapm-srv","component_instance":0,"source_instance":0,"organization_name":"28d7c084trial","organization_id":"51676b3c-3669-44ee-8d82-d188a1d10898","space_name":"dev","space_id":"b60fe882-3fd1-4122-b7fc-833334cb72da","msg":"using auth strategy { kind: 'jwt' }","type":"log"} (STDOUT, APP/PROC/WEB)#
#2026 05 21 20:13:11.652#Z#DEBUG#fb7aa7c6-5550-11f1-be9f-eeee0a80e2d9.bookscapm-srv#flowable-async-job-executor-thread-8872#
[PollStartAppStatusExecution] c5b30daf-2eb2-465a-874b-302cfe83c0d1 [2026-05-21T20:13:01.665863] node:internal/modules/cjs/loader:1421 (STDERR, APP/PROC/WEB)#
#2026 05 21 20:13:11.652#Z#DEBUG#fb7aa7c6-5550-11f1-be9f-eeee0a80e2d9.bookscapm-srv#flowable-async-job-executor-thread-8872#
[PollStartAppStatusExecution] c5b30daf-2eb2-465a-874b-302cfe83c0d1 [2026-05-21T20:13:01.665895] const err = new Error(message); (STDERR, APP/PROC/WEB)#
#2026 05 21 20:13:11.652#Z#DEBUG#fb7aa7c6-5550-11f1-be9f-eeee0a80e2d9.bookscapm-srv#flowable-async-job-executor-thread-8872#
[PollStartAppStatusExecution] c5b30daf-2eb2-465a-874b-302cfe83c0d1 [2026-05-21T20:13:01.665901] ^ (STDERR, APP/PROC/WEB)#
#2026 05 21 20:13:11.652#Z#DEBUG#fb7aa7c6-5550-11f1-be9f-eeee0a80e2d9.bookscapm-srv#flowable-async-job-executor-thread-8872#
[PollStartAppStatusExecution] c5b30daf-2eb2-465a-874b-302cfe83c0d1 [2026-05-21T20:13:01.665913] Error: Cannot find '@sap/xssec'. Make sure to install it with 'npm i @sap/xssec' (STDERR, APP/PROC/WEB)#
#2026 05 21 20:13:11.652#Z#DEBUG#fb7aa7c6-5550-11f1-be9f-eeee0a80e2d9.bookscapm-srv#flowable-async-job-executor-thread-8872#
[PollStartAppStatusExecution] c5b30daf-2eb2-465a-874b-302cfe83c0d1 [2026-05-21T20:13:01.665921] Cannot find module '@sap/xssec' (STDERR, APP/PROC/WEB)#
#2026 05 21 20:13:11.652#Z#DEBUG#fb7aa7c6-5550-11f1-be9f-eeee0a80e2d9.bookscapm-srv#flowable-async-job-executor-thread-8872#
[PollStartAppStatusExecution] c5b30daf-2eb2-465a-874b-302cfe83c0d1 [2026-05-21T20:13:01.665924] Require stack: (STDERR, APP/PROC/WEB)#
#2026 05 21 20:13:11.652#Z#DEBUG#fb7aa7c6-5550-11f1-be9f-eeee0a80e2d9.bookscapm-srv#flowable-async-job-executor-thread-8872#
[PollStartAppStatusExecution] c5b30daf-2eb2-465a-874b-302cfe83c0d1 [2026-05-21T20:13:01.665927] - /home/vcap/app/node_modules/@sap/cds/lib/srv/middlewares/auth/xssec.js (STDERR, APP/PROC/WEB)#
#2026 05 21 20:13:11.652#Z#DEBUG#fb7aa7c6-5550-11f1-be9f-eeee0a80e2d9.bookscapm-srv#flowable-async-job-executor-thread-8872#
[PollStartAppStatusExecution] c5b30daf-2eb2-465a-874b-302cfe83c0d1 [2026-05-21T20:13:01.665929] - /home/vcap/app/node_modules/@sap/cds/lib/srv/middlewares/auth/jwt-auth.js (STDERR, APP/PROC/WEB)#
#2026 05 21 20:13:11.652#Z#DEBUG#fb7aa7c6-5550-11f1-be9f-eeee0a80e2d9.bookscapm-srv#flowable-async-job-executor-thread-8872#
[PollStartAppStatusExecution] c5b30daf-2eb2-465a-874b-302cfe83c0d1 [2026-05-21T20:13:01.665932] - /home/vcap/app/node_modules/@sap/cds/lib/srv/middlewares/auth/index.js (STDERR, APP/PROC/WEB)#
#2026 05 21 20:13:11.652#Z#DEBUG#fb7aa7c6-5550-11f1-be9f-eeee0a80e2d9.bookscapm-srv#flowable-async-job-executor-thread-8872#
[PollStartAppStatusExecution] c5b30daf-2eb2-465a-874b-302cfe83c0d1 [2026-05-21T20:13:01.665934] - /home/vcap/app/node_modules/@sap/cds/lib/srv/middlewares/index.js (STDERR, APP/PROC/WEB)#
#2026 05 21 20:13:11.652#Z#DEBUG#fb7aa7c6-5550-11f1-be9f-eeee0a80e2d9.bookscapm-srv#flowable-async-job-executor-thread-8872#
[PollStartAppStatusExecution] c5b30daf-2eb2-465a-874b-302cfe83c0d1 [2026-05-21T20:13:01.665969] - /home/vcap/app/node_modules/@sap/cds/lib/index.js (STDERR, APP/PROC/WEB)#
#2026 05 21 20:13:11.652#Z#DEBUG#fb7aa7c6-5550-11f1-be9f-eeee0a80e2d9.bookscapm-srv#flowable-async-job-executor-thread-8872#
[PollStartAppStatusExecution] c5b30daf-2eb2-465a-874b-302cfe83c0d1 [2026-05-21T20:13:01.665976] - /home/vcap/app/node_modules/@sap/cds/bin/serve.js (STDERR, APP/PROC/WEB)#
#2026 05 21 20:13:11.652#Z#DEBUG#fb7aa7c6-5550-11f1-be9f-eeee0a80e2d9.bookscapm-srv#flowable-async-job-executor-thread-8872#
[PollStartAppStatusExecution] c5b30daf-2eb2-465a-874b-302cfe83c0d1 [2026-05-21T20:13:01.665978] at Module._resolveFilename (node:internal/modules/cjs/loader:1421:15) (STDERR, APP/PROC/WEB)#
#2026 05 21 20:13:11.652#Z#DEBUG#fb7aa7c6-5550-11f1-be9f-eeee0a80e2d9.bookscapm-srv#flowable-async-job-executor-thread-8872#
[PollStartAppStatusExecution] c5b30daf-2eb2-465a-874b-302cfe83c0d1 [2026-05-21T20:13:01.665981] at defaultResolveImpl (node:internal/modules/cjs/loader:1059:19) (STDERR, APP/PROC/WEB)#
#2026 05 21 20:13:11.652#Z#DEBUG#fb7aa7c6-5550-11f1-be9f-eeee0a80e2d9.bookscapm-srv#flowable-async-job-executor-thread-8872#
[PollStartAppStatusExecution] c5b30daf-2eb2-465a-874b-302cfe83c0d1 [2026-05-21T20:13:01.665984] at resolveForCJSWithHooks (node:internal/modules/cjs/loader:1064:22) (STDERR, APP/PROC/WEB)#
#2026 05 21 20:13:11.652#Z#DEBUG#fb7aa7c6-5550-11f1-be9f-eeee0a80e2d9.bookscapm-srv#flowable-async-job-executor-thread-8872#
[PollStartAppStatusExecution] c5b30daf-2eb2-465a-874b-302cfe83c0d1 [2026-05-21T20:13:01.665986] at Module._load (node:internal/modules/cjs/loader:1227:37) (STDERR, APP/PROC/WEB)#
#2026 05 21 20:13:11.652#Z#DEBUG#fb7aa7c6-5550-11f1-be9f-eeee0a80e2d9.bookscapm-srv#flowable-async-job-executor-thread-8872#
[PollStartAppStatusExecution] c5b30daf-2eb2-465a-874b-302cfe83c0d1 [2026-05-21T20:13:01.665988] at TracingChannel.traceSync (node:diagnostics_channel:328:14) (STDERR, APP/PROC/WEB)#
#2026 05 21 20:13:11.652#Z#DEBUG#fb7aa7c6-5550-11f1-be9f-eeee0a80e2d9.bookscapm-srv#flowable-async-job-executor-thread-8872#
[PollStartAppStatusExecution] c5b30daf-2eb2-465a-874b-302cfe83c0d1 [2026-05-21T20:13:01.665992] at wrapModuleLoad (node:internal/modules/cjs/loader:245:24) (STDERR, APP/PROC/WEB)#
#2026 05 21 20:13:11.652#Z#DEBUG#fb7aa7c6-5550-11f1-be9f-eeee0a80e2d9.bookscapm-srv#flowable-async-job-executor-thread-8872#
[PollStartAppStatusExecution] c5b30daf-2eb2-465a-874b-302cfe83c0d1 [2026-05-21T20:13:01.665994] at Module.require (node:internal/modules/cjs/loader:1504:12) (STDERR, APP/PROC/WEB)#
#2026 05 21 20:13:11.652#Z#DEBUG#fb7aa7c6-5550-11f1-be9f-eeee0a80e2d9.bookscapm-srv#flowable-async-job-executor-thread-8872#
[PollStartAppStatusExecution] c5b30daf-2eb2-465a-874b-302cfe83c0d1 [2026-05-21T20:13:01.665997] at require (node:internal/modules/helpers:152:16) (STDERR, APP/PROC/WEB)#
#2026 05 21 20:13:11.652#Z#DEBUG#fb7aa7c6-5550-11f1-be9f-eeee0a80e2d9.bookscapm-srv#flowable-async-job-executor-thread-8872#
[PollStartAppStatusExecution] c5b30daf-2eb2-465a-874b-302cfe83c0d1 [2026-05-21T20:13:01.666] at Object.<anonymous> (/home/vcap/app/node_modules/@sap/cds/lib/srv/middlewares/auth/xssec.js:2:17) (STDERR, APP/PROC/WEB)#
#2026 05 21 20:13:11.652#Z#DEBUG#fb7aa7c6-5550-11f1-be9f-eeee0a80e2d9.bookscapm-srv#flowable-async-job-executor-thread-8872#
[PollStartAppStatusExecution] c5b30daf-2eb2-465a-874b-302cfe83c0d1 [2026-05-21T20:13:01.666003] at Module._compile (node:internal/modules/cjs/loader:1761:14) { (STDERR, APP/PROC/WEB)#
#2026 05 21 20:13:11.652#Z#DEBUG#fb7aa7c6-5550-11f1-be9f-eeee0a80e2d9.bookscapm-srv#flowable-async-job-executor-thread-8872#
[PollStartAppStatusExecution] c5b30daf-2eb2-465a-874b-302cfe83c0d1 [2026-05-21T20:13:01.666005] code: 'MODULE_NOT_FOUND', (STDERR, APP/PROC/WEB)#
#2026 05 21 20:13:11.652#Z#DEBUG#fb7aa7c6-5550-11f1-be9f-eeee0a80e2d9.bookscapm-srv#flowable-async-job-executor-thread-8872#
[PollStartAppStatusExecution] c5b30daf-2eb2-465a-874b-302cfe83c0d1 [2026-05-21T20:13:01.666008] requireStack: [ (STDERR, APP/PROC/WEB)#
#2026 05 21 20:13:11.652#Z#DEBUG#fb7aa7c6-5550-11f1-be9f-eeee0a80e2d9.bookscapm-srv#flowable-async-job-executor-thread-8872#
[PollStartAppStatusExecution] c5b30daf-2eb2-465a-874b-302cfe83c0d1 [2026-05-21T20:13:01.666011] '/home/vcap/app/node_modules/@sap/cds/lib/srv/middlewares/auth/xssec.js', (STDERR, APP/PROC/WEB)#
#2026 05 21 20:13:11.652#Z#DEBUG#fb7aa7c6-5550-11f1-be9f-eeee0a80e2d9.bookscapm-srv#flowable-async-job-executor-thread-8872#
[PollStartAppStatusExecution] c5b30daf-2eb2-465a-874b-302cfe83c0d1 [2026-05-21T20:13:01.666013] '/home/vcap/app/node_modules/@sap/cds/lib/srv/middlewares/auth/jwt-auth.js', (STDERR, APP/PROC/WEB)#
#2026 05 21 20:13:11.652#Z#DEBUG#fb7aa7c6-5550-11f1-be9f-eeee0a80e2d9.bookscapm-srv#flowable-async-job-executor-thread-8872#
[PollStartAppStatusExecution] c5b30daf-2eb2-465a-874b-302cfe83c0d1 [2026-05-21T20:13:01.666016] '/home/vcap/app/node_modules/@sap/cds/lib/srv/middlewares/auth/index.js', (STDERR, APP/PROC/WEB)#
#2026 05 21 20:13:11.652#Z#DEBUG#fb7aa7c6-5550-11f1-be9f-eeee0a80e2d9.bookscapm-srv#flowable-async-job-executor-thread-8872#
[PollStartAppStatusExecution] c5b30daf-2eb2-465a-874b-302cfe83c0d1 [2026-05-21T20:13:01.666020] '/home/vcap/app/node_modules/@sap/cds/lib/srv/middlewares/index.js', (STDERR, APP/PROC/WEB)#
#2026 05 21 20:13:11.652#Z#DEBUG#fb7aa7c6-5550-11f1-be9f-eeee0a80e2d9.bookscapm-srv#flowable-async-job-executor-thread-8872#
[PollStartAppStatusExecution] c5b30daf-2eb2-465a-874b-302cfe83c0d1 [2026-05-21T20:13:01.666023] '/home/vcap/app/node_modules/@sap/cds/lib/index.js', (STDERR, APP/PROC/WEB)#
#2026 05 21 20:13:11.652#Z#DEBUG#fb7aa7c6-5550-11f1-be9f-eeee0a80e2d9.bookscapm-srv#flowable-async-job-executor-thread-8872#
[PollStartAppStatusExecution] c5b30daf-2eb2-465a-874b-302cfe83c0d1 [2026-05-21T20:13:01.666027] '/home/vcap/app/node_modules/@sap/cds/bin/serve.js' (STDERR, APP/PROC/WEB)#
#2026 05 21 20:13:11.652#Z#DEBUG#fb7aa7c6-5550-11f1-be9f-eeee0a80e2d9.bookscapm-srv#flowable-async-job-executor-thread-8872#
[PollStartAppStatusExecution] c5b30daf-2eb2-465a-874b-302cfe83c0d1 [2026-05-21T20:13:01.666034] ] (STDERR, APP/PROC/WEB)#
#2026 05 21 20:13:11.652#Z#DEBUG#fb7aa7c6-5550-11f1-be9f-eeee0a80e2d9.bookscapm-srv#flowable-async-job-executor-thread-8872#
[PollStartAppStatusExecution] c5b30daf-2eb2-465a-874b-302cfe83c0d1 [2026-05-21T20:13:01.666039] } (STDERR, APP/PROC/WEB)#
#2026 05 21 20:13:11.652#Z#DEBUG#fb7aa7c6-5550-11f1-be9f-eeee0a80e2d9.bookscapm-srv#flowable-async-job-executor-thread-8872#
[PollStartAppStatusExecution] c5b30daf-2eb2-465a-874b-302cfe83c0d1 [2026-05-21T20:13:01.666045] Node.js v24.13.0 (STDERR, APP/PROC/WEB)#
#2026 05 21 20:13:11.652#Z#DEBUG#fb7aa7c6-5550-11f1-be9f-eeee0a80e2d9.bookscapm-srv#flowable-async-job-executor-thread-8872#
[PollStartAppStatusExecution] c5b30daf-2eb2-465a-874b-302cfe83c0d1 [2026-05-21T20:13:01.692448] npm notice (STDERR, APP/PROC/WEB)#
#2026 05 21 20:13:11.652#Z#DEBUG#fb7aa7c6-5550-11f1-be9f-eeee0a80e2d9.bookscapm-srv#flowable-async-job-executor-thread-8872#
[PollStartAppStatusExecution] c5b30daf-2eb2-465a-874b-302cfe83c0d1 [2026-05-21T20:13:01.692488] npm notice New minor version of npm available! 11.6.2 -> 11.15.0 (STDERR, APP/PROC/WEB)#
#2026 05 21 20:13:11.652#Z#DEBUG#fb7aa7c6-5550-11f1-be9f-eeee0a80e2d9.bookscapm-srv#flowable-async-job-executor-thread-8872#
[PollStartAppStatusExecution] c5b30daf-2eb2-465a-874b-302cfe83c0d1 [2026-05-21T20:13:01.692494] npm notice Changelog: https://github.com/npm/cli/releases/tag/v11.15.0 (STDERR, APP/PROC/WEB)#
#2026 05 21 20:13:11.652#Z#DEBUG#fb7aa7c6-5550-11f1-be9f-eeee0a80e2d9.bookscapm-srv#flowable-async-job-executor-thread-8872#
[PollStartAppStatusExecution] c5b30daf-2eb2-465a-874b-302cfe83c0d1 [2026-05-21T20:13:01.692497] npm notice To update run: npm install -g npm@11.15.0 (STDERR, APP/PROC/WEB)#
#2026 05 21 20:13:11.652#Z#DEBUG#fb7aa7c6-5550-11f1-be9f-eeee0a80e2d9.bookscapm-srv#flowable-async-job-executor-thread-8872#
[PollStartAppStatusExecution] c5b30daf-2eb2-465a-874b-302cfe83c0d1 [2026-05-21T20:13:01.692499] npm notice (STDERR, APP/PROC/WEB)#
#2026 05 21 20:13:11.652#Z#DEBUG#fb7aa7c6-5550-11f1-be9f-eeee0a80e2d9.bookscapm-srv#flowable-async-job-executor-thread-8872#
[PollStartAppStatusExecution] c5b30daf-2eb2-465a-874b-302cfe83c0d1 [2026-05-21T20:13:01.797716] Exit status 1 (STDOUT, APP/PROC/WEB)#
#2026 05 21 20:13:11.652#Z#DEBUG#fb7aa7c6-5550-11f1-be9f-eeee0a80e2d9.bookscapm-srv#flowable-async-job-executor-thread-8872#
[PollStartAppStatusExecution] c5b30daf-2eb2-465a-874b-302cfe83c0d1 [2026-05-21T20:13:08.631297] Cell c839c7b1-088e-41af-b9b7-66256aacd457 stopping instance 1cfe2073-3fd1-4d69-7a72-e998 (STDOUT, CELL)#
#2026 05 21 20:13:11.652#Z#DEBUG#fb7aa7c6-5550-11f1-be9f-eeee0a80e2d9.bookscapm-srv#flowable-async-job-executor-thread-8872#
[PollStartAppStatusExecution] c5b30daf-2eb2-465a-874b-302cfe83c0d1 [2026-05-21T20:13:08.631345] Cell c839c7b1-088e-41af-b9b7-66256aacd457 destroying container for instance 1cfe2073-3fd1-4d69-7a72-e998 (STDOUT, CELL)#
#2026 05 21 20:13:11.652#Z#DEBUG#fb7aa7c6-5550-11f1-be9f-eeee0a80e2d9.bookscapm-srv#flowable-async-job-executor-thread-8872#
[PollStartAppStatusExecution] c5b30daf-2eb2-465a-874b-302cfe83c0d1 [2026-05-21T20:13:08.638833] Process has crashed with type: "web" (STDOUT, API)#
#2026 05 21 20:13:11.652#Z#DEBUG#fb7aa7c6-5550-11f1-be9f-eeee0a80e2d9.bookscapm-srv#flowable-async-job-executor-thread-8872#
[PollStartAppStatusExecution] c5b30daf-2eb2-465a-874b-302cfe83c0d1 [2026-05-21T20:13:08.654391] App instance exited with guid c5b30daf-2eb2-465a-874b-302cfe83c0d1 payload: {"instance"=>"1cfe2073-3fd1-4d69-7a72-e998", "index"=>0, "cell_id"=>"c839c7b1-088e-41af-b9b7-66256aacd457", "reason"=>"CRASHED", "exit_description"=>"APP/PROC/WEB: Exited with status 1", "crash_count"=>1, "crash_timestamp"=>1779394388614309524, "version"=>"25f4e97f-e980-46a0-9335-12469581a4ee"} (STDOUT, API)#
#2026 05 21 20:13:11.652#Z#DEBUG#fb7aa7c6-5550-11f1-be9f-eeee0a80e2d9.bookscapm-srv#flowable-async-job-executor-thread-8872#
[PollStartAppStatusExecution] c5b30daf-2eb2-465a-874b-302cfe83c0d1 [2026-05-21T20:13:08.772050] Cell 77283d80-dfa7-40ba-ba4e-265aef112085 creating container for instance f8b1a78d-1271-49fc-7e6c-90c9 (STDOUT, CELL)#
#2026 05 21 20:13:11.652#Z#DEBUG#fb7aa7c6-5550-11f1-be9f-eeee0a80e2d9.bookscapm-srv#flowable-async-job-executor-thread-8872#
[PollStartAppStatusExecution] c5b30daf-2eb2-465a-874b-302cfe83c0d1 [2026-05-21T20:13:08.893074] Exit status 137 (STDOUT, PROXY)#
#2026 05 21 20:13:11.652#Z#DEBUG#fb7aa7c6-5550-11f1-be9f-eeee0a80e2d9.bookscapm-srv#flowable-async-job-executor-thread-8872#
[PollStartAppStatusExecution] c5b30daf-2eb2-465a-874b-302cfe83c0d1 [2026-05-21T20:13:09.810062] Security group rules were updated (STDOUT, CELL)#
#2026 05 21 20:13:11.652#Z#DEBUG#fb7aa7c6-5550-11f1-be9f-eeee0a80e2d9.bookscapm-srv#flowable-async-job-executor-thread-8872#
[PollStartAppStatusExecution] c5b30daf-2eb2-465a-874b-302cfe83c0d1 [2026-05-21T20:13:09.930812] Cell 77283d80-dfa7-40ba-ba4e-265aef112085 successfully created container for instance f8b1a78d-1271-49fc-7e6c-90c9 (STDOUT, CELL)#
#2026 05 21 20:13:11.652#Z#DEBUG#fb7aa7c6-5550-11f1-be9f-eeee0a80e2d9.bookscapm-srv#flowable-async-job-executor-thread-8872#
[PollStartAppStatusExecution] c5b30daf-2eb2-465a-874b-302cfe83c0d1 [2026-05-21T20:13:10.546040] Downloading droplet... (STDOUT, CELL)#
#2026 05 21 20:13:11.652#Z#DEBUG#fb7aa7c6-5550-11f1-be9f-eeee0a80e2d9.bookscapm-srv#flowable-async-job-executor-thread-8872#
[PollStartAppStatusExecution] c5b30daf-2eb2-465a-874b-302cfe83c0d1 [2026-05-21T20:13:11.251024] Cell c839c7b1-088e-41af-b9b7-66256aacd457 successfully destroyed container for instance 1cfe2073-3fd1-4d69-7a72-e998 (STDOUT, CELL)#
#2026 05 21 20:13:21.702#Z#DEBUG#fb7aa7c6-5550-11f1-be9f-eeee0a80e2d9.bookscapm-srv#flowable-async-job-executor-thread-6590#
[PollStartAppStatusExecution] c5b30daf-2eb2-465a-874b-302cfe83c0d1 [2026-05-21T20:13:15.765575] Downloaded droplet (60.6M) (STDOUT, CELL)#
#2026 05 21 20:13:21.702#Z#DEBUG#fb7aa7c6-5550-11f1-be9f-eeee0a80e2d9.bookscapm-srv#flowable-async-job-executor-thread-6590#
[PollStartAppStatusExecution] c5b30daf-2eb2-465a-874b-302cfe83c0d1 [2026-05-21T20:13:15.765800] Starting health monitoring of container (STDOUT, CELL)#
#2026 05 21 20:13:21.702#Z#DEBUG#fb7aa7c6-5550-11f1-be9f-eeee0a80e2d9.bookscapm-srv#flowable-async-job-executor-thread-6590#
[PollStartAppStatusExecution] c5b30daf-2eb2-465a-874b-302cfe83c0d1 [2026-05-21T20:13:15.931587] Invoking pre-start scripts. (STDOUT, APP/PROC/WEB)#
#2026 05 21 20:13:21.702#Z#DEBUG#fb7aa7c6-5550-11f1-be9f-eeee0a80e2d9.bookscapm-srv#flowable-async-job-executor-thread-6590#
[PollStartAppStatusExecution] c5b30daf-2eb2-465a-874b-302cfe83c0d1 [2026-05-21T20:13:16.214228] Invoking start command. (STDOUT, APP/PROC/WEB)#
#2026 05 21 20:13:21.702#Z#DEBUG#fb7aa7c6-5550-11f1-be9f-eeee0a80e2d9.bookscapm-srv#flowable-async-job-executor-thread-6590#
[PollStartAppStatusExecution] c5b30daf-2eb2-465a-874b-302cfe83c0d1 [2026-05-21T20:13:16.777221] > bookscapm@1.0.0 start (STDOUT, APP/PROC/WEB)#
#2026 05 21 20:13:21.702#Z#DEBUG#fb7aa7c6-5550-11f1-be9f-eeee0a80e2d9.bookscapm-srv#flowable-async-job-executor-thread-6590#
[PollStartAppStatusExecution] c5b30daf-2eb2-465a-874b-302cfe83c0d1 [2026-05-21T20:13:16.777255] > cds-serve (STDOUT, APP/PROC/WEB)#
#2026 05 21 20:13:21.702#Z#DEBUG#fb7aa7c6-5550-11f1-be9f-eeee0a80e2d9.bookscapm-srv#flowable-async-job-executor-thread-6590#
[PollStartAppStatusExecution] c5b30daf-2eb2-465a-874b-302cfe83c0d1 [2026-05-21T20:13:17.119598] {"level":"info","logger":"cds","timestamp":"2026-05-21T20:13:17.118Z","layer":"cds","component_type":"application","container_id":"10.32.3.6","component_id":"c5b30daf-2eb2-465a-874b-302cfe83c0d1","component_name":"bookscapm-srv","component_instance":0,"source_instance":0,"organization_name":"28d7c084trial","organization_id":"51676b3c-3669-44ee-8d82-d188a1d10898","space_name":"dev","space_id":"b60fe882-3fd1-4122-b7fc-833334cb72da","msg":"loaded model from 1 file(s):\n ","type":"log"} (STDOUT, APP/PROC/WEB)#
#2026 05 21 20:13:21.702#Z#DEBUG#fb7aa7c6-5550-11f1-be9f-eeee0a80e2d9.bookscapm-srv#flowable-async-job-executor-thread-6590#
[PollStartAppStatusExecution] c5b30daf-2eb2-465a-874b-302cfe83c0d1 [2026-05-21T20:13:17.120099] srv/csn.json (STDOUT, APP/PROC/WEB)#
#2026 05 21 20:13:21.702#Z#DEBUG#fb7aa7c6-5550-11f1-be9f-eeee0a80e2d9.bookscapm-srv#flowable-async-job-executor-thread-6590#
[PollStartAppStatusExecution] c5b30daf-2eb2-465a-874b-302cfe83c0d1 [2026-05-21T20:13:17.357701] {"level":"info","logger":"cds","timestamp":"2026-05-21T20:13:17.354Z","layer":"cds","component_type":"application","container_id":"10.32.3.6","component_id":"c5b30daf-2eb2-465a-874b-302cfe83c0d1","component_name":"bookscapm-srv","component_instance":0,"source_instance":0,"organization_name":"28d7c084trial","organization_id":"51676b3c-3669-44ee-8d82-d188a1d10898","space_name":"dev","space_id":"b60fe882-3fd1-4122-b7fc-833334cb72da","msg":"connect to db > hana {\n  database_id: '4ab8c67f-241d-4bb8-ad31-be6edfc8a42f',\n  host: '4ab8c67f-241d-4bb8-ad31-be6edfc8a42f.hna1.prod-us10.hanacloud.ondemand.com',\n  port: '443',\n  driver: 'com.sap.db.jdbc.Driver',\n  url: 'jdbc:sap://4ab8c67f-241d-4bb8-ad31-be6edfc8a42f.hna1.prod-us10.hanacloud.ondemand.com:443?encrypt=true&validateCertificate=true&currentschema=AC7C2DC930114F7B98B505CA48D4BD58',\n  schema: 'AC7C2DC930114F7B98B505CA48D4BD58',\n  certificate: '...',\n  hdi_user: 'AC7C2DC930114F7B98B505CA48D4BD58_EBJ3ZBXBNH7EC44YZNCMWIULD_DT',\n  hdi_password: '...',\n  user: 'AC7C2DC930114F7B98B505CA48D4BD58_EBJ3ZBXBNH7EC44YZNCMWIULD_RT',\n  password: '...'\n}","type":"log"} (STDOUT, APP/PROC/WEB)#
#2026 05 21 20:13:21.702#Z#DEBUG#fb7aa7c6-5550-11f1-be9f-eeee0a80e2d9.bookscapm-srv#flowable-async-job-executor-thread-6590#
[PollStartAppStatusExecution] c5b30daf-2eb2-465a-874b-302cfe83c0d1 [2026-05-21T20:13:17.401732] {"level":"info","logger":"cds","timestamp":"2026-05-21T20:13:17.400Z","layer":"cds","component_type":"application","container_id":"10.32.3.6","component_id":"c5b30daf-2eb2-465a-874b-302cfe83c0d1","component_name":"bookscapm-srv","component_instance":0,"source_instance":0,"organization_name":"28d7c084trial","organization_id":"51676b3c-3669-44ee-8d82-d188a1d10898","space_name":"dev","space_id":"b60fe882-3fd1-4122-b7fc-833334cb72da","msg":"using auth strategy { kind: 'jwt' }","type":"log"} (STDOUT, APP/PROC/WEB)#
#2026 05 21 20:13:21.702#Z#DEBUG#fb7aa7c6-5550-11f1-be9f-eeee0a80e2d9.bookscapm-srv#flowable-async-job-executor-thread-6590#
[PollStartAppStatusExecution] c5b30daf-2eb2-465a-874b-302cfe83c0d1 [2026-05-21T20:13:17.403952] node:internal/modules/cjs/loader:1421 (STDERR, APP/PROC/WEB)#
#2026 05 21 20:13:21.702#Z#DEBUG#fb7aa7c6-5550-11f1-be9f-eeee0a80e2d9.bookscapm-srv#flowable-async-job-executor-thread-6590#
[PollStartAppStatusExecution] c5b30daf-2eb2-465a-874b-302cfe83c0d1 [2026-05-21T20:13:17.404] const err = new Error(message); (STDERR, APP/PROC/WEB)#
#2026 05 21 20:13:21.702#Z#DEBUG#fb7aa7c6-5550-11f1-be9f-eeee0a80e2d9.bookscapm-srv#flowable-async-job-executor-thread-6590#
[PollStartAppStatusExecution] c5b30daf-2eb2-465a-874b-302cfe83c0d1 [2026-05-21T20:13:17.404006] ^ (STDERR, APP/PROC/WEB)#
#2026 05 21 20:13:21.702#Z#DEBUG#fb7aa7c6-5550-11f1-be9f-eeee0a80e2d9.bookscapm-srv#flowable-async-job-executor-thread-6590#
[PollStartAppStatusExecution] c5b30daf-2eb2-465a-874b-302cfe83c0d1 [2026-05-21T20:13:17.404014] Error: Cannot find '@sap/xssec'. Make sure to install it with 'npm i @sap/xssec' (STDERR, APP/PROC/WEB)#
#2026 05 21 20:13:21.702#Z#DEBUG#fb7aa7c6-5550-11f1-be9f-eeee0a80e2d9.bookscapm-srv#flowable-async-job-executor-thread-6590#
[PollStartAppStatusExecution] c5b30daf-2eb2-465a-874b-302cfe83c0d1 [2026-05-21T20:13:17.404020] Cannot find module '@sap/xssec' (STDERR, APP/PROC/WEB)#
#2026 05 21 20:13:21.702#Z#DEBUG#fb7aa7c6-5550-11f1-be9f-eeee0a80e2d9.bookscapm-srv#flowable-async-job-executor-thread-6590#
[PollStartAppStatusExecution] c5b30daf-2eb2-465a-874b-302cfe83c0d1 [2026-05-21T20:13:17.404025] Require stack: (STDERR, APP/PROC/WEB)#
#2026 05 21 20:13:21.702#Z#DEBUG#fb7aa7c6-5550-11f1-be9f-eeee0a80e2d9.bookscapm-srv#flowable-async-job-executor-thread-6590#
[PollStartAppStatusExecution] c5b30daf-2eb2-465a-874b-302cfe83c0d1 [2026-05-21T20:13:17.404029] - /home/vcap/app/node_modules/@sap/cds/lib/srv/middlewares/auth/xssec.js (STDERR, APP/PROC/WEB)#
#2026 05 21 20:13:21.702#Z#DEBUG#fb7aa7c6-5550-11f1-be9f-eeee0a80e2d9.bookscapm-srv#flowable-async-job-executor-thread-6590#
[PollStartAppStatusExecution] c5b30daf-2eb2-465a-874b-302cfe83c0d1 [2026-05-21T20:13:17.404033] - /home/vcap/app/node_modules/@sap/cds/lib/srv/middlewares/auth/jwt-auth.js (STDERR, APP/PROC/WEB)#
#2026 05 21 20:13:21.702#Z#DEBUG#fb7aa7c6-5550-11f1-be9f-eeee0a80e2d9.bookscapm-srv#flowable-async-job-executor-thread-6590#
[PollStartAppStatusExecution] c5b30daf-2eb2-465a-874b-302cfe83c0d1 [2026-05-21T20:13:17.404037] - /home/vcap/app/node_modules/@sap/cds/lib/srv/middlewares/auth/index.js (STDERR, APP/PROC/WEB)#
#2026 05 21 20:13:21.702#Z#DEBUG#fb7aa7c6-5550-11f1-be9f-eeee0a80e2d9.bookscapm-srv#flowable-async-job-executor-thread-6590#
[PollStartAppStatusExecution] c5b30daf-2eb2-465a-874b-302cfe83c0d1 [2026-05-21T20:13:17.404051] - /home/vcap/app/node_modules/@sap/cds/lib/srv/middlewares/index.js (STDERR, APP/PROC/WEB)#
#2026 05 21 20:13:21.702#Z#DEBUG#fb7aa7c6-5550-11f1-be9f-eeee0a80e2d9.bookscapm-srv#flowable-async-job-executor-thread-6590#
[PollStartAppStatusExecution] c5b30daf-2eb2-465a-874b-302cfe83c0d1 [2026-05-21T20:13:17.404056] - /home/vcap/app/node_modules/@sap/cds/lib/index.js (STDERR, APP/PROC/WEB)#
#2026 05 21 20:13:21.702#Z#DEBUG#fb7aa7c6-5550-11f1-be9f-eeee0a80e2d9.bookscapm-srv#flowable-async-job-executor-thread-6590#
[PollStartAppStatusExecution] c5b30daf-2eb2-465a-874b-302cfe83c0d1 [2026-05-21T20:13:17.404060] - /home/vcap/app/node_modules/@sap/cds/bin/serve.js (STDERR, APP/PROC/WEB)#
#2026 05 21 20:13:21.702#Z#DEBUG#fb7aa7c6-5550-11f1-be9f-eeee0a80e2d9.bookscapm-srv#flowable-async-job-executor-thread-6590#
[PollStartAppStatusExecution] c5b30daf-2eb2-465a-874b-302cfe83c0d1 [2026-05-21T20:13:17.404068] at Module._resolveFilename (node:internal/modules/cjs/loader:1421:15) (STDERR, APP/PROC/WEB)#
#2026 05 21 20:13:21.702#Z#DEBUG#fb7aa7c6-5550-11f1-be9f-eeee0a80e2d9.bookscapm-srv#flowable-async-job-executor-thread-6590#
[PollStartAppStatusExecution] c5b30daf-2eb2-465a-874b-302cfe83c0d1 [2026-05-21T20:13:17.404071] at defaultResolveImpl (node:internal/modules/cjs/loader:1059:19) (STDERR, APP/PROC/WEB)#
#2026 05 21 20:13:21.702#Z#DEBUG#fb7aa7c6-5550-11f1-be9f-eeee0a80e2d9.bookscapm-srv#flowable-async-job-executor-thread-6590#
[PollStartAppStatusExecution] c5b30daf-2eb2-465a-874b-302cfe83c0d1 [2026-05-21T20:13:17.404075] at resolveForCJSWithHooks (node:internal/modules/cjs/loader:1064:22) (STDERR, APP/PROC/WEB)#
#2026 05 21 20:13:21.702#Z#DEBUG#fb7aa7c6-5550-11f1-be9f-eeee0a80e2d9.bookscapm-srv#flowable-async-job-executor-thread-6590#
[PollStartAppStatusExecution] c5b30daf-2eb2-465a-874b-302cfe83c0d1 [2026-05-21T20:13:17.404079] at Module._load (node:internal/modules/cjs/loader:1227:37) (STDERR, APP/PROC/WEB)#
#2026 05 21 20:13:21.702#Z#DEBUG#fb7aa7c6-5550-11f1-be9f-eeee0a80e2d9.bookscapm-srv#flowable-async-job-executor-thread-6590#
[PollStartAppStatusExecution] c5b30daf-2eb2-465a-874b-302cfe83c0d1 [2026-05-21T20:13:17.404083] at TracingChannel.traceSync (node:diagnostics_channel:328:14) (STDERR, APP/PROC/WEB)#
#2026 05 21 20:13:21.702#Z#DEBUG#fb7aa7c6-5550-11f1-be9f-eeee0a80e2d9.bookscapm-srv#flowable-async-job-executor-thread-6590#
[PollStartAppStatusExecution] c5b30daf-2eb2-465a-874b-302cfe83c0d1 [2026-05-21T20:13:17.404088] at wrapModuleLoad (node:internal/modules/cjs/loader:245:24) (STDERR, APP/PROC/WEB)#
#2026 05 21 20:13:21.702#Z#DEBUG#fb7aa7c6-5550-11f1-be9f-eeee0a80e2d9.bookscapm-srv#flowable-async-job-executor-thread-6590#
[PollStartAppStatusExecution] c5b30daf-2eb2-465a-874b-302cfe83c0d1 [2026-05-21T20:13:17.404092] at Module.require (node:internal/modules/cjs/loader:1504:12) (STDERR, APP/PROC/WEB)#
#2026 05 21 20:13:21.702#Z#DEBUG#fb7aa7c6-5550-11f1-be9f-eeee0a80e2d9.bookscapm-srv#flowable-async-job-executor-thread-6590#
[PollStartAppStatusExecution] c5b30daf-2eb2-465a-874b-302cfe83c0d1 [2026-05-21T20:13:17.404096] at require (node:internal/modules/helpers:152:16) (STDERR, APP/PROC/WEB)#
#2026 05 21 20:13:21.702#Z#DEBUG#fb7aa7c6-5550-11f1-be9f-eeee0a80e2d9.bookscapm-srv#flowable-async-job-executor-thread-6590#
[PollStartAppStatusExecution] c5b30daf-2eb2-465a-874b-302cfe83c0d1 [2026-05-21T20:13:17.404100] at Object.<anonymous> (/home/vcap/app/node_modules/@sap/cds/lib/srv/middlewares/auth/xssec.js:2:17) (STDERR, APP/PROC/WEB)#
#2026 05 21 20:13:21.702#Z#DEBUG#fb7aa7c6-5550-11f1-be9f-eeee0a80e2d9.bookscapm-srv#flowable-async-job-executor-thread-6590#
[PollStartAppStatusExecution] c5b30daf-2eb2-465a-874b-302cfe83c0d1 [2026-05-21T20:13:17.404104] at Module._compile (node:internal/modules/cjs/loader:1761:14) { (STDERR, APP/PROC/WEB)#
#2026 05 21 20:13:21.702#Z#DEBUG#fb7aa7c6-5550-11f1-be9f-eeee0a80e2d9.bookscapm-srv#flowable-async-job-executor-thread-6590#
[PollStartAppStatusExecution] c5b30daf-2eb2-465a-874b-302cfe83c0d1 [2026-05-21T20:13:17.404109] code: 'MODULE_NOT_FOUND', (STDERR, APP/PROC/WEB)#
#2026 05 21 20:13:21.702#Z#DEBUG#fb7aa7c6-5550-11f1-be9f-eeee0a80e2d9.bookscapm-srv#flowable-async-job-executor-thread-6590#
[PollStartAppStatusExecution] c5b30daf-2eb2-465a-874b-302cfe83c0d1 [2026-05-21T20:13:17.404112] requireStack: [ (STDERR, APP/PROC/WEB)#
#2026 05 21 20:13:21.702#Z#DEBUG#fb7aa7c6-5550-11f1-be9f-eeee0a80e2d9.bookscapm-srv#flowable-async-job-executor-thread-6590#
[PollStartAppStatusExecution] c5b30daf-2eb2-465a-874b-302cfe83c0d1 [2026-05-21T20:13:17.404115] '/home/vcap/app/node_modules/@sap/cds/lib/srv/middlewares/auth/xssec.js', (STDERR, APP/PROC/WEB)#
#2026 05 21 20:13:21.702#Z#DEBUG#fb7aa7c6-5550-11f1-be9f-eeee0a80e2d9.bookscapm-srv#flowable-async-job-executor-thread-6590#
[PollStartAppStatusExecution] c5b30daf-2eb2-465a-874b-302cfe83c0d1 [2026-05-21T20:13:17.404118] '/home/vcap/app/node_modules/@sap/cds/lib/srv/middlewares/auth/jwt-auth.js', (STDERR, APP/PROC/WEB)#
#2026 05 21 20:13:21.702#Z#DEBUG#fb7aa7c6-5550-11f1-be9f-eeee0a80e2d9.bookscapm-srv#flowable-async-job-executor-thread-6590#
[PollStartAppStatusExecution] c5b30daf-2eb2-465a-874b-302cfe83c0d1 [2026-05-21T20:13:17.404122] '/home/vcap/app/node_modules/@sap/cds/lib/srv/middlewares/auth/index.js', (STDERR, APP/PROC/WEB)#
#2026 05 21 20:13:21.702#Z#DEBUG#fb7aa7c6-5550-11f1-be9f-eeee0a80e2d9.bookscapm-srv#flowable-async-job-executor-thread-6590#
[PollStartAppStatusExecution] c5b30daf-2eb2-465a-874b-302cfe83c0d1 [2026-05-21T20:13:17.404126] '/home/vcap/app/node_modules/@sap/cds/lib/srv/middlewares/index.js', (STDERR, APP/PROC/WEB)#
#2026 05 21 20:13:21.702#Z#DEBUG#fb7aa7c6-5550-11f1-be9f-eeee0a80e2d9.bookscapm-srv#flowable-async-job-executor-thread-6590#
[PollStartAppStatusExecution] c5b30daf-2eb2-465a-874b-302cfe83c0d1 [2026-05-21T20:13:17.404135] '/home/vcap/app/node_modules/@sap/cds/lib/index.js', (STDERR, APP/PROC/WEB)#
#2026 05 21 20:13:21.702#Z#DEBUG#fb7aa7c6-5550-11f1-be9f-eeee0a80e2d9.bookscapm-srv#flowable-async-job-executor-thread-6590#
[PollStartAppStatusExecution] c5b30daf-2eb2-465a-874b-302cfe83c0d1 [2026-05-21T20:13:17.404140] '/home/vcap/app/node_modules/@sap/cds/bin/serve.js' (STDERR, APP/PROC/WEB)#
#2026 05 21 20:13:21.702#Z#DEBUG#fb7aa7c6-5550-11f1-be9f-eeee0a80e2d9.bookscapm-srv#flowable-async-job-executor-thread-6590#
[PollStartAppStatusExecution] c5b30daf-2eb2-465a-874b-302cfe83c0d1 [2026-05-21T20:13:17.404143] ] (STDERR, APP/PROC/WEB)#
#2026 05 21 20:13:21.702#Z#DEBUG#fb7aa7c6-5550-11f1-be9f-eeee0a80e2d9.bookscapm-srv#flowable-async-job-executor-thread-6590#
[PollStartAppStatusExecution] c5b30daf-2eb2-465a-874b-302cfe83c0d1 [2026-05-21T20:13:17.404147] } (STDERR, APP/PROC/WEB)#
#2026 05 21 20:13:21.702#Z#DEBUG#fb7aa7c6-5550-11f1-be9f-eeee0a80e2d9.bookscapm-srv#flowable-async-job-executor-thread-6590#
[PollStartAppStatusExecution] c5b30daf-2eb2-465a-874b-302cfe83c0d1 [2026-05-21T20:13:17.404251] Node.js v24.13.0 (STDERR, APP/PROC/WEB)#
#2026 05 21 20:13:21.702#Z#DEBUG#fb7aa7c6-5550-11f1-be9f-eeee0a80e2d9.bookscapm-srv#flowable-async-job-executor-thread-6590#
[PollStartAppStatusExecution] c5b30daf-2eb2-465a-874b-302cfe83c0d1 [2026-05-21T20:13:17.424457] npm notice (STDERR, APP/PROC/WEB)#
#2026 05 21 20:13:21.702#Z#DEBUG#fb7aa7c6-5550-11f1-be9f-eeee0a80e2d9.bookscapm-srv#flowable-async-job-executor-thread-6590#
[PollStartAppStatusExecution] c5b30daf-2eb2-465a-874b-302cfe83c0d1 [2026-05-21T20:13:17.424494] npm notice New minor version of npm available! 11.6.2 -> 11.15.0 (STDERR, APP/PROC/WEB)#
#2026 05 21 20:13:21.702#Z#DEBUG#fb7aa7c6-5550-11f1-be9f-eeee0a80e2d9.bookscapm-srv#flowable-async-job-executor-thread-6590#
[PollStartAppStatusExecution] c5b30daf-2eb2-465a-874b-302cfe83c0d1 [2026-05-21T20:13:17.424517] npm notice Changelog: https://github.com/npm/cli/releases/tag/v11.15.0 (STDERR, APP/PROC/WEB)#
#2026 05 21 20:13:21.702#Z#DEBUG#fb7aa7c6-5550-11f1-be9f-eeee0a80e2d9.bookscapm-srv#flowable-async-job-executor-thread-6590#
[PollStartAppStatusExecution] c5b30daf-2eb2-465a-874b-302cfe83c0d1 [2026-05-21T20:13:17.424520] npm notice To update run: npm install -g npm@11.15.0 (STDERR, APP/PROC/WEB)#
#2026 05 21 20:13:21.702#Z#DEBUG#fb7aa7c6-5550-11f1-be9f-eeee0a80e2d9.bookscapm-srv#flowable-async-job-executor-thread-6590#
[PollStartAppStatusExecution] c5b30daf-2eb2-465a-874b-302cfe83c0d1 [2026-05-21T20:13:17.424522] npm notice (STDERR, APP/PROC/WEB)#
#2026 05 21 20:13:21.702#Z#DEBUG#fb7aa7c6-5550-11f1-be9f-eeee0a80e2d9.bookscapm-srv#flowable-async-job-executor-thread-6590#
[PollStartAppStatusExecution] c5b30daf-2eb2-465a-874b-302cfe83c0d1 [2026-05-21T20:13:17.525785] Exit status 1 (STDOUT, APP/PROC/WEB)#
#2026 05 21 20:13:31.694#Z#DEBUG#fb7aa7c6-5550-11f1-be9f-eeee0a80e2d9.bookscapm-srv#flowable-async-job-executor-thread-8890#
[PollStartAppStatusExecution] c5b30daf-2eb2-465a-874b-302cfe83c0d1 [2026-05-21T20:13:23.771938] Cell 77283d80-dfa7-40ba-ba4e-265aef112085 stopping instance f8b1a78d-1271-49fc-7e6c-90c9 (STDOUT, CELL)#
#2026 05 21 20:13:31.694#Z#DEBUG#fb7aa7c6-5550-11f1-be9f-eeee0a80e2d9.bookscapm-srv#flowable-async-job-executor-thread-8890#
[PollStartAppStatusExecution] c5b30daf-2eb2-465a-874b-302cfe83c0d1 [2026-05-21T20:13:23.771995] Cell 77283d80-dfa7-40ba-ba4e-265aef112085 destroying container for instance f8b1a78d-1271-49fc-7e6c-90c9 (STDOUT, CELL)#
#2026 05 21 20:13:31.694#Z#DEBUG#fb7aa7c6-5550-11f1-be9f-eeee0a80e2d9.bookscapm-srv#flowable-async-job-executor-thread-8890#
[PollStartAppStatusExecution] c5b30daf-2eb2-465a-874b-302cfe83c0d1 [2026-05-21T20:13:23.778476] Process has crashed with type: "web" (STDOUT, API)#
#2026 05 21 20:13:31.694#Z#DEBUG#fb7aa7c6-5550-11f1-be9f-eeee0a80e2d9.bookscapm-srv#flowable-async-job-executor-thread-8890#
[PollStartAppStatusExecution] c5b30daf-2eb2-465a-874b-302cfe83c0d1 [2026-05-21T20:13:23.791148] App instance exited with guid c5b30daf-2eb2-465a-874b-302cfe83c0d1 payload: {"instance"=>"f8b1a78d-1271-49fc-7e6c-90c9", "index"=>0, "cell_id"=>"77283d80-dfa7-40ba-ba4e-265aef112085", "reason"=>"CRASHED", "exit_description"=>"APP/PROC/WEB: Exited with status 1", "crash_count"=>2, "crash_timestamp"=>1779394403754784058, "version"=>"25f4e97f-e980-46a0-9335-12469581a4ee"} (STDOUT, API)#
#2026 05 21 20:13:31.694#Z#DEBUG#fb7aa7c6-5550-11f1-be9f-eeee0a80e2d9.bookscapm-srv#flowable-async-job-executor-thread-8890#
[PollStartAppStatusExecution] c5b30daf-2eb2-465a-874b-302cfe83c0d1 [2026-05-21T20:13:23.889114] Cell c839c7b1-088e-41af-b9b7-66256aacd457 creating container for instance 418e73f4-51fd-4829-50fe-7a82 (STDOUT, CELL)#
#2026 05 21 20:13:31.694#Z#DEBUG#fb7aa7c6-5550-11f1-be9f-eeee0a80e2d9.bookscapm-srv#flowable-async-job-executor-thread-8890#
[PollStartAppStatusExecution] c5b30daf-2eb2-465a-874b-302cfe83c0d1 [2026-05-21T20:13:24.065064] Exit status 137 (STDOUT, PROXY)#
#2026 05 21 20:13:31.694#Z#DEBUG#fb7aa7c6-5550-11f1-be9f-eeee0a80e2d9.bookscapm-srv#flowable-async-job-executor-thread-8890#
[PollStartAppStatusExecution] c5b30daf-2eb2-465a-874b-302cfe83c0d1 [2026-05-21T20:13:24.806145] Security group rules were updated (STDOUT, CELL)#
#2026 05 21 20:13:31.694#Z#DEBUG#fb7aa7c6-5550-11f1-be9f-eeee0a80e2d9.bookscapm-srv#flowable-async-job-executor-thread-8890#
[PollStartAppStatusExecution] c5b30daf-2eb2-465a-874b-302cfe83c0d1 [2026-05-21T20:13:24.910107] Cell c839c7b1-088e-41af-b9b7-66256aacd457 successfully created container for instance 418e73f4-51fd-4829-50fe-7a82 (STDOUT, CELL)#
#2026 05 21 20:13:31.694#Z#DEBUG#fb7aa7c6-5550-11f1-be9f-eeee0a80e2d9.bookscapm-srv#flowable-async-job-executor-thread-8890#
[PollStartAppStatusExecution] c5b30daf-2eb2-465a-874b-302cfe83c0d1 [2026-05-21T20:13:25.130147] Downloading droplet... (STDOUT, CELL)#
#2026 05 21 20:13:31.694#Z#DEBUG#fb7aa7c6-5550-11f1-be9f-eeee0a80e2d9.bookscapm-srv#flowable-async-job-executor-thread-8890#
[PollStartAppStatusExecution] c5b30daf-2eb2-465a-874b-302cfe83c0d1 [2026-05-21T20:13:26.347673] Cell 77283d80-dfa7-40ba-ba4e-265aef112085 successfully destroyed container for instance f8b1a78d-1271-49fc-7e6c-90c9 (STDOUT, CELL)#
#2026 05 21 20:13:31.694#Z#DEBUG#fb7aa7c6-5550-11f1-be9f-eeee0a80e2d9.bookscapm-srv#flowable-async-job-executor-thread-8890#
[PollStartAppStatusExecution] c5b30daf-2eb2-465a-874b-302cfe83c0d1 [2026-05-21T20:13:26.945403] Downloaded droplet (STDOUT, CELL)#
#2026 05 21 20:13:31.694#Z#DEBUG#fb7aa7c6-5550-11f1-be9f-eeee0a80e2d9.bookscapm-srv#flowable-async-job-executor-thread-8890#
[PollStartAppStatusExecution] c5b30daf-2eb2-465a-874b-302cfe83c0d1 [2026-05-21T20:13:26.945595] Starting health monitoring of container (STDOUT, CELL)#
#2026 05 21 20:13:31.694#Z#DEBUG#fb7aa7c6-5550-11f1-be9f-eeee0a80e2d9.bookscapm-srv#flowable-async-job-executor-thread-8890#
[PollStartAppStatusExecution] c5b30daf-2eb2-465a-874b-302cfe83c0d1 [2026-05-21T20:13:27.102324] Invoking pre-start scripts. (STDOUT, APP/PROC/WEB)#
#2026 05 21 20:13:31.694#Z#DEBUG#fb7aa7c6-5550-11f1-be9f-eeee0a80e2d9.bookscapm-srv#flowable-async-job-executor-thread-8890#
[PollStartAppStatusExecution] c5b30daf-2eb2-465a-874b-302cfe83c0d1 [2026-05-21T20:13:27.407510] Invoking start command. (STDOUT, APP/PROC/WEB)#
#2026 05 21 20:13:31.694#Z#DEBUG#fb7aa7c6-5550-11f1-be9f-eeee0a80e2d9.bookscapm-srv#flowable-async-job-executor-thread-8890#
[PollStartAppStatusExecution] c5b30daf-2eb2-465a-874b-302cfe83c0d1 [2026-05-21T20:13:27.938420] > bookscapm@1.0.0 start (STDOUT, APP/PROC/WEB)#
#2026 05 21 20:13:31.694#Z#DEBUG#fb7aa7c6-5550-11f1-be9f-eeee0a80e2d9.bookscapm-srv#flowable-async-job-executor-thread-8890#
[PollStartAppStatusExecution] c5b30daf-2eb2-465a-874b-302cfe83c0d1 [2026-05-21T20:13:27.938454] > cds-serve (STDOUT, APP/PROC/WEB)#
#2026 05 21 20:13:31.694#Z#DEBUG#fb7aa7c6-5550-11f1-be9f-eeee0a80e2d9.bookscapm-srv#flowable-async-job-executor-thread-8890#
[PollStartAppStatusExecution] c5b30daf-2eb2-465a-874b-302cfe83c0d1 [2026-05-21T20:13:28.285629] {"level":"info","logger":"cds","timestamp":"2026-05-21T20:13:28.284Z","layer":"cds","component_type":"application","container_id":"10.32.2.6","component_id":"c5b30daf-2eb2-465a-874b-302cfe83c0d1","component_name":"bookscapm-srv","component_instance":0,"source_instance":0,"organization_name":"28d7c084trial","organization_id":"51676b3c-3669-44ee-8d82-d188a1d10898","space_name":"dev","space_id":"b60fe882-3fd1-4122-b7fc-833334cb72da","msg":"loaded model from 1 file(s):\n ","type":"log"} (STDOUT, APP/PROC/WEB)#
#2026 05 21 20:13:31.694#Z#DEBUG#fb7aa7c6-5550-11f1-be9f-eeee0a80e2d9.bookscapm-srv#flowable-async-job-executor-thread-8890#
[PollStartAppStatusExecution] c5b30daf-2eb2-465a-874b-302cfe83c0d1 [2026-05-21T20:13:28.286102] srv/csn.json (STDOUT, APP/PROC/WEB)#
#2026 05 21 20:13:31.694#Z#DEBUG#fb7aa7c6-5550-11f1-be9f-eeee0a80e2d9.bookscapm-srv#flowable-async-job-executor-thread-8890#
[PollStartAppStatusExecution] c5b30daf-2eb2-465a-874b-302cfe83c0d1 [2026-05-21T20:13:28.583265] {"level":"info","logger":"cds","timestamp":"2026-05-21T20:13:28.582Z","layer":"cds","component_type":"application","container_id":"10.32.2.6","component_id":"c5b30daf-2eb2-465a-874b-302cfe83c0d1","component_name":"bookscapm-srv","component_instance":0,"source_instance":0,"organization_name":"28d7c084trial","organization_id":"51676b3c-3669-44ee-8d82-d188a1d10898","space_name":"dev","space_id":"b60fe882-3fd1-4122-b7fc-833334cb72da","msg":"connect to db > hana {\n  database_id: '4ab8c67f-241d-4bb8-ad31-be6edfc8a42f',\n  host: '4ab8c67f-241d-4bb8-ad31-be6edfc8a42f.hna1.prod-us10.hanacloud.ondemand.com',\n  port: '443',\n  driver: 'com.sap.db.jdbc.Driver',\n  url: 'jdbc:sap://4ab8c67f-241d-4bb8-ad31-be6edfc8a42f.hna1.prod-us10.hanacloud.ondemand.com:443?encrypt=true&validateCertificate=true&currentschema=AC7C2DC930114F7B98B505CA48D4BD58',\n  schema: 'AC7C2DC930114F7B98B505CA48D4BD58',\n  certificate: '...',\n  hdi_user: 'AC7C2DC930114F7B98B505CA48D4BD58_EBJ3ZBXBNH7EC44YZNCMWIULD_DT',\n  hdi_password: '...',\n  user: 'AC7C2DC930114F7B98B505CA48D4BD58_EBJ3ZBXBNH7EC44YZNCMWIULD_RT',\n  password: '...'\n}","type":"log"} (STDOUT, APP/PROC/WEB)#
#2026 05 21 20:13:31.694#Z#DEBUG#fb7aa7c6-5550-11f1-be9f-eeee0a80e2d9.bookscapm-srv#flowable-async-job-executor-thread-8890#
[PollStartAppStatusExecution] c5b30daf-2eb2-465a-874b-302cfe83c0d1 [2026-05-21T20:13:28.634647] {"level":"info","logger":"cds","timestamp":"2026-05-21T20:13:28.633Z","layer":"cds","component_type":"application","container_id":"10.32.2.6","component_id":"c5b30daf-2eb2-465a-874b-302cfe83c0d1","component_name":"bookscapm-srv","component_instance":0,"source_instance":0,"organization_name":"28d7c084trial","organization_id":"51676b3c-3669-44ee-8d82-d188a1d10898","space_name":"dev","space_id":"b60fe882-3fd1-4122-b7fc-833334cb72da","msg":"using auth strategy { kind: 'jwt' }","type":"log"} (STDOUT, APP/PROC/WEB)#
#2026 05 21 20:13:31.694#Z#DEBUG#fb7aa7c6-5550-11f1-be9f-eeee0a80e2d9.bookscapm-srv#flowable-async-job-executor-thread-8890#
[PollStartAppStatusExecution] c5b30daf-2eb2-465a-874b-302cfe83c0d1 [2026-05-21T20:13:28.637106] node:internal/modules/cjs/loader:1421 (STDERR, APP/PROC/WEB)#
#2026 05 21 20:13:31.694#Z#DEBUG#fb7aa7c6-5550-11f1-be9f-eeee0a80e2d9.bookscapm-srv#flowable-async-job-executor-thread-8890#
[PollStartAppStatusExecution] c5b30daf-2eb2-465a-874b-302cfe83c0d1 [2026-05-21T20:13:28.637130] const err = new Error(message); (STDERR, APP/PROC/WEB)#
#2026 05 21 20:13:31.694#Z#DEBUG#fb7aa7c6-5550-11f1-be9f-eeee0a80e2d9.bookscapm-srv#flowable-async-job-executor-thread-8890#
[PollStartAppStatusExecution] c5b30daf-2eb2-465a-874b-302cfe83c0d1 [2026-05-21T20:13:28.637135] ^ (STDERR, APP/PROC/WEB)#
#2026 05 21 20:13:31.694#Z#DEBUG#fb7aa7c6-5550-11f1-be9f-eeee0a80e2d9.bookscapm-srv#flowable-async-job-executor-thread-8890#
[PollStartAppStatusExecution] c5b30daf-2eb2-465a-874b-302cfe83c0d1 [2026-05-21T20:13:28.637148] Error: Cannot find '@sap/xssec'. Make sure to install it with 'npm i @sap/xssec' (STDERR, APP/PROC/WEB)#
#2026 05 21 20:13:31.694#Z#DEBUG#fb7aa7c6-5550-11f1-be9f-eeee0a80e2d9.bookscapm-srv#flowable-async-job-executor-thread-8890#
[PollStartAppStatusExecution] c5b30daf-2eb2-465a-874b-302cfe83c0d1 [2026-05-21T20:13:28.637152] Cannot find module '@sap/xssec' (STDERR, APP/PROC/WEB)#
#2026 05 21 20:13:31.694#Z#DEBUG#fb7aa7c6-5550-11f1-be9f-eeee0a80e2d9.bookscapm-srv#flowable-async-job-executor-thread-8890#
[PollStartAppStatusExecution] c5b30daf-2eb2-465a-874b-302cfe83c0d1 [2026-05-21T20:13:28.637162] Require stack: (STDERR, APP/PROC/WEB)#
#2026 05 21 20:13:31.694#Z#DEBUG#fb7aa7c6-5550-11f1-be9f-eeee0a80e2d9.bookscapm-srv#flowable-async-job-executor-thread-8890#
[PollStartAppStatusExecution] c5b30daf-2eb2-465a-874b-302cfe83c0d1 [2026-05-21T20:13:28.637164] - /home/vcap/app/node_modules/@sap/cds/lib/srv/middlewares/auth/xssec.js (STDERR, APP/PROC/WEB)#
#2026 05 21 20:13:31.694#Z#DEBUG#fb7aa7c6-5550-11f1-be9f-eeee0a80e2d9.bookscapm-srv#flowable-async-job-executor-thread-8890#
[PollStartAppStatusExecution] c5b30daf-2eb2-465a-874b-302cfe83c0d1 [2026-05-21T20:13:28.637167] - /home/vcap/app/node_modules/@sap/cds/lib/srv/middlewares/auth/jwt-auth.js (STDERR, APP/PROC/WEB)#
#2026 05 21 20:13:31.694#Z#DEBUG#fb7aa7c6-5550-11f1-be9f-eeee0a80e2d9.bookscapm-srv#flowable-async-job-executor-thread-8890#
[PollStartAppStatusExecution] c5b30daf-2eb2-465a-874b-302cfe83c0d1 [2026-05-21T20:13:28.637170] - /home/vcap/app/node_modules/@sap/cds/lib/srv/middlewares/auth/index.js (STDERR, APP/PROC/WEB)#
#2026 05 21 20:13:31.694#Z#DEBUG#fb7aa7c6-5550-11f1-be9f-eeee0a80e2d9.bookscapm-srv#flowable-async-job-executor-thread-8890#
[PollStartAppStatusExecution] c5b30daf-2eb2-465a-874b-302cfe83c0d1 [2026-05-21T20:13:28.637172] - /home/vcap/app/node_modules/@sap/cds/lib/srv/middlewares/index.js (STDERR, APP/PROC/WEB)#
#2026 05 21 20:13:31.694#Z#DEBUG#fb7aa7c6-5550-11f1-be9f-eeee0a80e2d9.bookscapm-srv#flowable-async-job-executor-thread-8890#
[PollStartAppStatusExecution] c5b30daf-2eb2-465a-874b-302cfe83c0d1 [2026-05-21T20:13:28.637178] - /home/vcap/app/node_modules/@sap/cds/lib/index.js (STDERR, APP/PROC/WEB)#
#2026 05 21 20:13:31.694#Z#DEBUG#fb7aa7c6-5550-11f1-be9f-eeee0a80e2d9.bookscapm-srv#flowable-async-job-executor-thread-8890#
[PollStartAppStatusExecution] c5b30daf-2eb2-465a-874b-302cfe83c0d1 [2026-05-21T20:13:28.637184] - /home/vcap/app/node_modules/@sap/cds/bin/serve.js (STDERR, APP/PROC/WEB)#
#2026 05 21 20:13:31.694#Z#DEBUG#fb7aa7c6-5550-11f1-be9f-eeee0a80e2d9.bookscapm-srv#flowable-async-job-executor-thread-8890#
[PollStartAppStatusExecution] c5b30daf-2eb2-465a-874b-302cfe83c0d1 [2026-05-21T20:13:28.637186] at Module._resolveFilename (node:internal/modules/cjs/loader:1421:15) (STDERR, APP/PROC/WEB)#
#2026 05 21 20:13:31.694#Z#DEBUG#fb7aa7c6-5550-11f1-be9f-eeee0a80e2d9.bookscapm-srv#flowable-async-job-executor-thread-8890#
[PollStartAppStatusExecution] c5b30daf-2eb2-465a-874b-302cfe83c0d1 [2026-05-21T20:13:28.637189] at defaultResolveImpl (node:internal/modules/cjs/loader:1059:19) (STDERR, APP/PROC/WEB)#
#2026 05 21 20:13:31.694#Z#DEBUG#fb7aa7c6-5550-11f1-be9f-eeee0a80e2d9.bookscapm-srv#flowable-async-job-executor-thread-8890#
[PollStartAppStatusExecution] c5b30daf-2eb2-465a-874b-302cfe83c0d1 [2026-05-21T20:13:28.637194] at resolveForCJSWithHooks (node:internal/modules/cjs/loader:1064:22) (STDERR, APP/PROC/WEB)#
#2026 05 21 20:13:31.694#Z#DEBUG#fb7aa7c6-5550-11f1-be9f-eeee0a80e2d9.bookscapm-srv#flowable-async-job-executor-thread-8890#
[PollStartAppStatusExecution] c5b30daf-2eb2-465a-874b-302cfe83c0d1 [2026-05-21T20:13:28.637197] at Module._load (node:internal/modules/cjs/loader:1227:37) (STDERR, APP/PROC/WEB)#
#2026 05 21 20:13:31.694#Z#DEBUG#fb7aa7c6-5550-11f1-be9f-eeee0a80e2d9.bookscapm-srv#flowable-async-job-executor-thread-8890#
[PollStartAppStatusExecution] c5b30daf-2eb2-465a-874b-302cfe83c0d1 [2026-05-21T20:13:28.637200] at TracingChannel.traceSync (node:diagnostics_channel:328:14) (STDERR, APP/PROC/WEB)#
#2026 05 21 20:13:31.694#Z#DEBUG#fb7aa7c6-5550-11f1-be9f-eeee0a80e2d9.bookscapm-srv#flowable-async-job-executor-thread-8890#
[PollStartAppStatusExecution] c5b30daf-2eb2-465a-874b-302cfe83c0d1 [2026-05-21T20:13:28.637204] at wrapModuleLoad (node:internal/modules/cjs/loader:245:24) (STDERR, APP/PROC/WEB)#
#2026 05 21 20:13:31.694#Z#DEBUG#fb7aa7c6-5550-11f1-be9f-eeee0a80e2d9.bookscapm-srv#flowable-async-job-executor-thread-8890#
[PollStartAppStatusExecution] c5b30daf-2eb2-465a-874b-302cfe83c0d1 [2026-05-21T20:13:28.637206] at Module.require (node:internal/modules/cjs/loader:1504:12) (STDERR, APP/PROC/WEB)#
#2026 05 21 20:13:31.694#Z#DEBUG#fb7aa7c6-5550-11f1-be9f-eeee0a80e2d9.bookscapm-srv#flowable-async-job-executor-thread-8890#
[PollStartAppStatusExecution] c5b30daf-2eb2-465a-874b-302cfe83c0d1 [2026-05-21T20:13:28.637209] at require (node:internal/modules/helpers:152:16) (STDERR, APP/PROC/WEB)#
#2026 05 21 20:13:31.694#Z#DEBUG#fb7aa7c6-5550-11f1-be9f-eeee0a80e2d9.bookscapm-srv#flowable-async-job-executor-thread-8890#
[PollStartAppStatusExecution] c5b30daf-2eb2-465a-874b-302cfe83c0d1 [2026-05-21T20:13:28.637213] at Object.<anonymous> (/home/vcap/app/node_modules/@sap/cds/lib/srv/middlewares/auth/xssec.js:2:17) (STDERR, APP/PROC/WEB)#
#2026 05 21 20:13:31.694#Z#DEBUG#fb7aa7c6-5550-11f1-be9f-eeee0a80e2d9.bookscapm-srv#flowable-async-job-executor-thread-8890#
[PollStartAppStatusExecution] c5b30daf-2eb2-465a-874b-302cfe83c0d1 [2026-05-21T20:13:28.637215] at Module._compile (node:internal/modules/cjs/loader:1761:14) { (STDERR, APP/PROC/WEB)#
#2026 05 21 20:13:31.694#Z#DEBUG#fb7aa7c6-5550-11f1-be9f-eeee0a80e2d9.bookscapm-srv#flowable-async-job-executor-thread-8890#
[PollStartAppStatusExecution] c5b30daf-2eb2-465a-874b-302cfe83c0d1 [2026-05-21T20:13:28.637217] code: 'MODULE_NOT_FOUND', (STDERR, APP/PROC/WEB)#
#2026 05 21 20:13:31.694#Z#DEBUG#fb7aa7c6-5550-11f1-be9f-eeee0a80e2d9.bookscapm-srv#flowable-async-job-executor-thread-8890#
[PollStartAppStatusExecution] c5b30daf-2eb2-465a-874b-302cfe83c0d1 [2026-05-21T20:13:28.637220] requireStack: [ (STDERR, APP/PROC/WEB)#
#2026 05 21 20:13:31.694#Z#DEBUG#fb7aa7c6-5550-11f1-be9f-eeee0a80e2d9.bookscapm-srv#flowable-async-job-executor-thread-8890#
[PollStartAppStatusExecution] c5b30daf-2eb2-465a-874b-302cfe83c0d1 [2026-05-21T20:13:28.637223] '/home/vcap/app/node_modules/@sap/cds/lib/srv/middlewares/auth/xssec.js', (STDERR, APP/PROC/WEB)#
#2026 05 21 20:13:31.694#Z#DEBUG#fb7aa7c6-5550-11f1-be9f-eeee0a80e2d9.bookscapm-srv#flowable-async-job-executor-thread-8890#
[PollStartAppStatusExecution] c5b30daf-2eb2-465a-874b-302cfe83c0d1 [2026-05-21T20:13:28.637226] '/home/vcap/app/node_modules/@sap/cds/lib/srv/middlewares/auth/jwt-auth.js', (STDERR, APP/PROC/WEB)#
#2026 05 21 20:13:31.694#Z#DEBUG#fb7aa7c6-5550-11f1-be9f-eeee0a80e2d9.bookscapm-srv#flowable-async-job-executor-thread-8890#
[PollStartAppStatusExecution] c5b30daf-2eb2-465a-874b-302cfe83c0d1 [2026-05-21T20:13:28.637228] '/home/vcap/app/node_modules/@sap/cds/lib/srv/middlewares/auth/index.js', (STDERR, APP/PROC/WEB)#
#2026 05 21 20:13:31.694#Z#DEBUG#fb7aa7c6-5550-11f1-be9f-eeee0a80e2d9.bookscapm-srv#flowable-async-job-executor-thread-8890#
[PollStartAppStatusExecution] c5b30daf-2eb2-465a-874b-302cfe83c0d1 [2026-05-21T20:13:28.637231] '/home/vcap/app/node_modules/@sap/cds/lib/srv/middlewares/index.js', (STDERR, APP/PROC/WEB)#
#2026 05 21 20:13:31.694#Z#DEBUG#fb7aa7c6-5550-11f1-be9f-eeee0a80e2d9.bookscapm-srv#flowable-async-job-executor-thread-8890#
[PollStartAppStatusExecution] c5b30daf-2eb2-465a-874b-302cfe83c0d1 [2026-05-21T20:13:28.637233] '/home/vcap/app/node_modules/@sap/cds/lib/index.js', (STDERR, APP/PROC/WEB)#
#2026 05 21 20:13:31.694#Z#DEBUG#fb7aa7c6-5550-11f1-be9f-eeee0a80e2d9.bookscapm-srv#flowable-async-job-executor-thread-8890#
[PollStartAppStatusExecution] c5b30daf-2eb2-465a-874b-302cfe83c0d1 [2026-05-21T20:13:28.637235] '/home/vcap/app/node_modules/@sap/cds/bin/serve.js' (STDERR, APP/PROC/WEB)#
#2026 05 21 20:13:31.694#Z#DEBUG#fb7aa7c6-5550-11f1-be9f-eeee0a80e2d9.bookscapm-srv#flowable-async-job-executor-thread-8890#
[PollStartAppStatusExecution] c5b30daf-2eb2-465a-874b-302cfe83c0d1 [2026-05-21T20:13:28.637238] ] (STDERR, APP/PROC/WEB)#
#2026 05 21 20:13:31.694#Z#DEBUG#fb7aa7c6-5550-11f1-be9f-eeee0a80e2d9.bookscapm-srv#flowable-async-job-executor-thread-8890#
[PollStartAppStatusExecution] c5b30daf-2eb2-465a-874b-302cfe83c0d1 [2026-05-21T20:13:28.637241] } (STDERR, APP/PROC/WEB)#
#2026 05 21 20:13:31.694#Z#DEBUG#fb7aa7c6-5550-11f1-be9f-eeee0a80e2d9.bookscapm-srv#flowable-async-job-executor-thread-8890#
[PollStartAppStatusExecution] c5b30daf-2eb2-465a-874b-302cfe83c0d1 [2026-05-21T20:13:28.637254] Node.js v24.13.0 (STDERR, APP/PROC/WEB)#
#2026 05 21 20:13:31.694#Z#DEBUG#fb7aa7c6-5550-11f1-be9f-eeee0a80e2d9.bookscapm-srv#flowable-async-job-executor-thread-8890#
[PollStartAppStatusExecution] c5b30daf-2eb2-465a-874b-302cfe83c0d1 [2026-05-21T20:13:28.659405] npm notice (STDERR, APP/PROC/WEB)#
#2026 05 21 20:13:31.694#Z#DEBUG#fb7aa7c6-5550-11f1-be9f-eeee0a80e2d9.bookscapm-srv#flowable-async-job-executor-thread-8890#
[PollStartAppStatusExecution] c5b30daf-2eb2-465a-874b-302cfe83c0d1 [2026-05-21T20:13:28.659444] npm notice New minor version of npm available! 11.6.2 -> 11.15.0 (STDERR, APP/PROC/WEB)#
#2026 05 21 20:13:31.694#Z#DEBUG#fb7aa7c6-5550-11f1-be9f-eeee0a80e2d9.bookscapm-srv#flowable-async-job-executor-thread-8890#
[PollStartAppStatusExecution] c5b30daf-2eb2-465a-874b-302cfe83c0d1 [2026-05-21T20:13:28.659452] npm notice Changelog: https://github.com/npm/cli/releases/tag/v11.15.0 (STDERR, APP/PROC/WEB)#
#2026 05 21 20:13:31.694#Z#DEBUG#fb7aa7c6-5550-11f1-be9f-eeee0a80e2d9.bookscapm-srv#flowable-async-job-executor-thread-8890#
[PollStartAppStatusExecution] c5b30daf-2eb2-465a-874b-302cfe83c0d1 [2026-05-21T20:13:28.659455] npm notice To update run: npm install -g npm@11.15.0 (STDERR, APP/PROC/WEB)#
#2026 05 21 20:13:31.694#Z#DEBUG#fb7aa7c6-5550-11f1-be9f-eeee0a80e2d9.bookscapm-srv#flowable-async-job-executor-thread-8890#
[PollStartAppStatusExecution] c5b30daf-2eb2-465a-874b-302cfe83c0d1 [2026-05-21T20:13:28.659458] npm notice (STDERR, APP/PROC/WEB)#
#2026 05 21 20:13:31.694#Z#DEBUG#fb7aa7c6-5550-11f1-be9f-eeee0a80e2d9.bookscapm-srv#flowable-async-job-executor-thread-8890#
[PollStartAppStatusExecution] c5b30daf-2eb2-465a-874b-302cfe83c0d1 [2026-05-21T20:13:28.748846] Exit status 1 (STDOUT, APP/PROC/WEB)#
#2026 05 21 20:13:41.674#Z#DEBUG#fb7aa7c6-5550-11f1-be9f-eeee0a80e2d9.bookscapm-srv#flowable-async-job-executor-thread-8892#
[PollStartAppStatusExecution] c5b30daf-2eb2-465a-874b-302cfe83c0d1 [2026-05-21T20:13:34.529566] Cell c839c7b1-088e-41af-b9b7-66256aacd457 stopping instance 418e73f4-51fd-4829-50fe-7a82 (STDOUT, CELL)#
#2026 05 21 20:13:41.674#Z#DEBUG#fb7aa7c6-5550-11f1-be9f-eeee0a80e2d9.bookscapm-srv#flowable-async-job-executor-thread-8892#
[PollStartAppStatusExecution] c5b30daf-2eb2-465a-874b-302cfe83c0d1 [2026-05-21T20:13:34.529633] Cell c839c7b1-088e-41af-b9b7-66256aacd457 destroying container for instance 418e73f4-51fd-4829-50fe-7a82 (STDOUT, CELL)#
#2026 05 21 20:13:41.674#Z#DEBUG#fb7aa7c6-5550-11f1-be9f-eeee0a80e2d9.bookscapm-srv#flowable-async-job-executor-thread-8892#
[PollStartAppStatusExecution] c5b30daf-2eb2-465a-874b-302cfe83c0d1 [2026-05-21T20:13:34.547585] Process has crashed with type: "web" (STDOUT, API)#
#2026 05 21 20:13:41.674#Z#DEBUG#fb7aa7c6-5550-11f1-be9f-eeee0a80e2d9.bookscapm-srv#flowable-async-job-executor-thread-8892#
[PollStartAppStatusExecution] c5b30daf-2eb2-465a-874b-302cfe83c0d1 [2026-05-21T20:13:34.559497] App instance exited with guid c5b30daf-2eb2-465a-874b-302cfe83c0d1 payload: {"instance"=>"418e73f4-51fd-4829-50fe-7a82", "index"=>0, "cell_id"=>"c839c7b1-088e-41af-b9b7-66256aacd457", "reason"=>"CRASHED", "exit_description"=>"APP/PROC/WEB: Exited with status 1", "crash_count"=>3, "crash_timestamp"=>1779394414525400311, "version"=>"25f4e97f-e980-46a0-9335-12469581a4ee"} (STDOUT, API)#
#2026 05 21 20:13:41.674#Z#DEBUG#fb7aa7c6-5550-11f1-be9f-eeee0a80e2d9.bookscapm-srv#flowable-async-job-executor-thread-8892#
[PollStartAppStatusExecution] c5b30daf-2eb2-465a-874b-302cfe83c0d1 [2026-05-21T20:13:34.817785] Exit status 137 (STDOUT, PROXY)#
#2026 05 21 20:13:41.674#Z#DEBUG#fb7aa7c6-5550-11f1-be9f-eeee0a80e2d9.bookscapm-srv#flowable-async-job-executor-thread-8892#
[PollStartAppStatusExecution] c5b30daf-2eb2-465a-874b-302cfe83c0d1 [2026-05-21T20:13:37.166428] Cell c839c7b1-088e-41af-b9b7-66256aacd457 successfully destroyed container for instance 418e73f4-51fd-4829-50fe-7a82 (STDOUT, CELL)#
#2026 05 21 20:13:51.816#Z#DEBUG#fb7aa7c6-5550-11f1-be9f-eeee0a80e2d9.bookscapm-srv#flowable-async-job-executor-thread-8903#
[PollStartAppStatusExecution] c5b30daf-2eb2-465a-874b-302cfe83c0d1 [2026-05-21T20:13:34.529566] Cell c839c7b1-088e-41af-b9b7-66256aacd457 stopping instance 418e73f4-51fd-4829-50fe-7a82 (STDOUT, CELL)#
#2026 05 21 20:13:51.816#Z#DEBUG#fb7aa7c6-5550-11f1-be9f-eeee0a80e2d9.bookscapm-srv#flowable-async-job-executor-thread-8903#
[PollStartAppStatusExecution] c5b30daf-2eb2-465a-874b-302cfe83c0d1 [2026-05-21T20:13:34.529633] Cell c839c7b1-088e-41af-b9b7-66256aacd457 destroying container for instance 418e73f4-51fd-4829-50fe-7a82 (STDOUT, CELL)#
#2026 05 21 20:13:51.816#Z#DEBUG#fb7aa7c6-5550-11f1-be9f-eeee0a80e2d9.bookscapm-srv#flowable-async-job-executor-thread-8903#
[PollStartAppStatusExecution] c5b30daf-2eb2-465a-874b-302cfe83c0d1 [2026-05-21T20:13:34.547585] Process has crashed with type: "web" (STDOUT, API)#
#2026 05 21 20:13:51.816#Z#DEBUG#fb7aa7c6-5550-11f1-be9f-eeee0a80e2d9.bookscapm-srv#flowable-async-job-executor-thread-8903#
[PollStartAppStatusExecution] c5b30daf-2eb2-465a-874b-302cfe83c0d1 [2026-05-21T20:13:34.559497] App instance exited with guid c5b30daf-2eb2-465a-874b-302cfe83c0d1 payload: {"instance"=>"418e73f4-51fd-4829-50fe-7a82", "index"=>0, "cell_id"=>"c839c7b1-088e-41af-b9b7-66256aacd457", "reason"=>"CRASHED", "exit_description"=>"APP/PROC/WEB: Exited with status 1", "crash_count"=>3, "crash_timestamp"=>1779394414525400311, "version"=>"25f4e97f-e980-46a0-9335-12469581a4ee"} (STDOUT, API)#
#2026 05 21 20:13:51.816#Z#DEBUG#fb7aa7c6-5550-11f1-be9f-eeee0a80e2d9.bookscapm-srv#flowable-async-job-executor-thread-8903#
[PollStartAppStatusExecution] c5b30daf-2eb2-465a-874b-302cfe83c0d1 [2026-05-21T20:13:34.817785] Exit status 137 (STDOUT, PROXY)#
#2026 05 21 20:13:51.816#Z#DEBUG#fb7aa7c6-5550-11f1-be9f-eeee0a80e2d9.bookscapm-srv#flowable-async-job-executor-thread-8903#
[PollStartAppStatusExecution] c5b30daf-2eb2-465a-874b-302cfe83c0d1 [2026-05-21T20:13:37.166428] Cell c839c7b1-088e-41af-b9b7-66256aacd457 successfully destroyed container for instance 418e73f4-51fd-4829-50fe-7a82 (STDOUT, CELL)#
#2026 05 21 20:13:51.816#Z#DEBUG#fb7aa7c6-5550-11f1-be9f-eeee0a80e2d9.bookscapm-srv#flowable-async-job-executor-thread-8903#
[PollStartAppStatusExecution] c5b30daf-2eb2-465a-874b-302cfe83c0d1 [2026-05-21T20:13:44.567143] Stopping app with guid c5b30daf-2eb2-465a-874b-302cfe83c0d1 (STDOUT, API)#
#2026 05 21 20:13:51.816#Z#DEBUG#fb7aa7c6-5550-11f1-be9f-eeee0a80e2d9.bookscapm-srv#flowable-async-job-executor-thread-8903#
[PollStartAppStatusExecution] c5b30daf-2eb2-465a-874b-302cfe83c0d1 [2026-05-21T20:13:44.733331] Starting app with guid c5b30daf-2eb2-465a-874b-302cfe83c0d1 (STDOUT, API)#
#2026 05 21 20:13:51.816#Z#DEBUG#fb7aa7c6-5550-11f1-be9f-eeee0a80e2d9.bookscapm-srv#flowable-async-job-executor-thread-8903#
[PollStartAppStatusExecution] c5b30daf-2eb2-465a-874b-302cfe83c0d1 [2026-05-21T20:13:45.082749] Cell c839c7b1-088e-41af-b9b7-66256aacd457 creating container for instance 6d6fe238-d3ed-4f5b-6e38-8528 (STDOUT, CELL)#
#2026 05 21 20:13:51.816#Z#DEBUG#fb7aa7c6-5550-11f1-be9f-eeee0a80e2d9.bookscapm-srv#flowable-async-job-executor-thread-8903#
[PollStartAppStatusExecution] c5b30daf-2eb2-465a-874b-302cfe83c0d1 [2026-05-21T20:13:46.115965] Security group rules were updated (STDOUT, CELL)#
#2026 05 21 20:13:51.816#Z#DEBUG#fb7aa7c6-5550-11f1-be9f-eeee0a80e2d9.bookscapm-srv#flowable-async-job-executor-thread-8903#
[PollStartAppStatusExecution] c5b30daf-2eb2-465a-874b-302cfe83c0d1 [2026-05-21T20:13:46.230362] Cell c839c7b1-088e-41af-b9b7-66256aacd457 successfully created container for instance 6d6fe238-d3ed-4f5b-6e38-8528 (STDOUT, CELL)#
#2026 05 21 20:13:51.816#Z#DEBUG#fb7aa7c6-5550-11f1-be9f-eeee0a80e2d9.bookscapm-srv#flowable-async-job-executor-thread-8903#
[PollStartAppStatusExecution] c5b30daf-2eb2-465a-874b-302cfe83c0d1 [2026-05-21T20:13:47.389422] Downloading droplet... (STDOUT, CELL)#
#2026 05 21 20:14:01.782#Z#DEBUG#fb7aa7c6-5550-11f1-be9f-eeee0a80e2d9.bookscapm-srv#flowable-async-job-executor-thread-8912#
[PollStartAppStatusExecution] c5b30daf-2eb2-465a-874b-302cfe83c0d1 [2026-05-21T20:13:52.600738] Downloaded droplet (60.6M) (STDOUT, CELL)#
#2026 05 21 20:14:01.782#Z#DEBUG#fb7aa7c6-5550-11f1-be9f-eeee0a80e2d9.bookscapm-srv#flowable-async-job-executor-thread-8912#
[PollStartAppStatusExecution] c5b30daf-2eb2-465a-874b-302cfe83c0d1 [2026-05-21T20:13:52.600947] Starting health monitoring of container (STDOUT, CELL)#
#2026 05 21 20:14:01.782#Z#DEBUG#fb7aa7c6-5550-11f1-be9f-eeee0a80e2d9.bookscapm-srv#flowable-async-job-executor-thread-8912#
[PollStartAppStatusExecution] c5b30daf-2eb2-465a-874b-302cfe83c0d1 [2026-05-21T20:13:52.740262] Invoking pre-start scripts. (STDOUT, APP/PROC/WEB)#
#2026 05 21 20:14:01.782#Z#DEBUG#fb7aa7c6-5550-11f1-be9f-eeee0a80e2d9.bookscapm-srv#flowable-async-job-executor-thread-8912#
[PollStartAppStatusExecution] c5b30daf-2eb2-465a-874b-302cfe83c0d1 [2026-05-21T20:13:53.032658] Invoking start command. (STDOUT, APP/PROC/WEB)#
#2026 05 21 20:14:01.782#Z#DEBUG#fb7aa7c6-5550-11f1-be9f-eeee0a80e2d9.bookscapm-srv#flowable-async-job-executor-thread-8912#
[PollStartAppStatusExecution] c5b30daf-2eb2-465a-874b-302cfe83c0d1 [2026-05-21T20:13:53.600036] > bookscapm@1.0.0 start (STDOUT, APP/PROC/WEB)#
#2026 05 21 20:14:01.782#Z#DEBUG#fb7aa7c6-5550-11f1-be9f-eeee0a80e2d9.bookscapm-srv#flowable-async-job-executor-thread-8912#
[PollStartAppStatusExecution] c5b30daf-2eb2-465a-874b-302cfe83c0d1 [2026-05-21T20:13:53.600069] > cds-serve (STDOUT, APP/PROC/WEB)#
#2026 05 21 20:14:01.782#Z#DEBUG#fb7aa7c6-5550-11f1-be9f-eeee0a80e2d9.bookscapm-srv#flowable-async-job-executor-thread-8912#
[PollStartAppStatusExecution] c5b30daf-2eb2-465a-874b-302cfe83c0d1 [2026-05-21T20:13:53.919046] {"level":"info","logger":"cds","timestamp":"2026-05-21T20:13:53.917Z","layer":"cds","component_type":"application","container_id":"10.32.2.6","component_id":"c5b30daf-2eb2-465a-874b-302cfe83c0d1","component_name":"bookscapm-srv","component_instance":0,"source_instance":0,"organization_name":"28d7c084trial","organization_id":"51676b3c-3669-44ee-8d82-d188a1d10898","space_name":"dev","space_id":"b60fe882-3fd1-4122-b7fc-833334cb72da","msg":"loaded model from 1 file(s):\n ","type":"log"} (STDOUT, APP/PROC/WEB)#
#2026 05 21 20:14:01.782#Z#DEBUG#fb7aa7c6-5550-11f1-be9f-eeee0a80e2d9.bookscapm-srv#flowable-async-job-executor-thread-8912#
[PollStartAppStatusExecution] c5b30daf-2eb2-465a-874b-302cfe83c0d1 [2026-05-21T20:13:53.919702] srv/csn.json (STDOUT, APP/PROC/WEB)#
#2026 05 21 20:14:01.782#Z#DEBUG#fb7aa7c6-5550-11f1-be9f-eeee0a80e2d9.bookscapm-srv#flowable-async-job-executor-thread-8912#
[PollStartAppStatusExecution] c5b30daf-2eb2-465a-874b-302cfe83c0d1 [2026-05-21T20:13:54.153412] {"level":"info","logger":"cds","timestamp":"2026-05-21T20:13:54.152Z","layer":"cds","component_type":"application","container_id":"10.32.2.6","component_id":"c5b30daf-2eb2-465a-874b-302cfe83c0d1","component_name":"bookscapm-srv","component_instance":0,"source_instance":0,"organization_name":"28d7c084trial","organization_id":"51676b3c-3669-44ee-8d82-d188a1d10898","space_name":"dev","space_id":"b60fe882-3fd1-4122-b7fc-833334cb72da","msg":"connect to db > hana {\n  database_id: '4ab8c67f-241d-4bb8-ad31-be6edfc8a42f',\n  host: '4ab8c67f-241d-4bb8-ad31-be6edfc8a42f.hna1.prod-us10.hanacloud.ondemand.com',\n  port: '443',\n  driver: 'com.sap.db.jdbc.Driver',\n  url: 'jdbc:sap://4ab8c67f-241d-4bb8-ad31-be6edfc8a42f.hna1.prod-us10.hanacloud.ondemand.com:443?encrypt=true&validateCertificate=true&currentschema=AC7C2DC930114F7B98B505CA48D4BD58',\n  schema: 'AC7C2DC930114F7B98B505CA48D4BD58',\n  certificate: '...',\n  hdi_user: 'AC7C2DC930114F7B98B505CA48D4BD58_EBJ3ZBXBNH7EC44YZNCMWIULD_DT',\n  hdi_password: '...',\n  user: 'AC7C2DC930114F7B98B505CA48D4BD58_EBJ3ZBXBNH7EC44YZNCMWIULD_RT',\n  password: '...'\n}","type":"log"} (STDOUT, APP/PROC/WEB)#
#2026 05 21 20:14:01.782#Z#DEBUG#fb7aa7c6-5550-11f1-be9f-eeee0a80e2d9.bookscapm-srv#flowable-async-job-executor-thread-8912#
[PollStartAppStatusExecution] c5b30daf-2eb2-465a-874b-302cfe83c0d1 [2026-05-21T20:13:54.195465] {"level":"info","logger":"cds","timestamp":"2026-05-21T20:13:54.194Z","layer":"cds","component_type":"application","container_id":"10.32.2.6","component_id":"c5b30daf-2eb2-465a-874b-302cfe83c0d1","component_name":"bookscapm-srv","component_instance":0,"source_instance":0,"organization_name":"28d7c084trial","organization_id":"51676b3c-3669-44ee-8d82-d188a1d10898","space_name":"dev","space_id":"b60fe882-3fd1-4122-b7fc-833334cb72da","msg":"using auth strategy { kind: 'jwt' }","type":"log"} (STDOUT, APP/PROC/WEB)#
#2026 05 21 20:14:01.782#Z#DEBUG#fb7aa7c6-5550-11f1-be9f-eeee0a80e2d9.bookscapm-srv#flowable-async-job-executor-thread-8912#
[PollStartAppStatusExecution] c5b30daf-2eb2-465a-874b-302cfe83c0d1 [2026-05-21T20:13:54.197596] node:internal/modules/cjs/loader:1421 (STDERR, APP/PROC/WEB)#
#2026 05 21 20:14:01.782#Z#DEBUG#fb7aa7c6-5550-11f1-be9f-eeee0a80e2d9.bookscapm-srv#flowable-async-job-executor-thread-8912#
[PollStartAppStatusExecution] c5b30daf-2eb2-465a-874b-302cfe83c0d1 [2026-05-21T20:13:54.197621] const err = new Error(message); (STDERR, APP/PROC/WEB)#
#2026 05 21 20:14:01.782#Z#DEBUG#fb7aa7c6-5550-11f1-be9f-eeee0a80e2d9.bookscapm-srv#flowable-async-job-executor-thread-8912#
[PollStartAppStatusExecution] c5b30daf-2eb2-465a-874b-302cfe83c0d1 [2026-05-21T20:13:54.197626] ^ (STDERR, APP/PROC/WEB)#
#2026 05 21 20:14:01.782#Z#DEBUG#fb7aa7c6-5550-11f1-be9f-eeee0a80e2d9.bookscapm-srv#flowable-async-job-executor-thread-8912#
[PollStartAppStatusExecution] c5b30daf-2eb2-465a-874b-302cfe83c0d1 [2026-05-21T20:13:54.197630] Error: Cannot find '@sap/xssec'. Make sure to install it with 'npm i @sap/xssec' (STDERR, APP/PROC/WEB)#
#2026 05 21 20:14:01.782#Z#DEBUG#fb7aa7c6-5550-11f1-be9f-eeee0a80e2d9.bookscapm-srv#flowable-async-job-executor-thread-8912#
[PollStartAppStatusExecution] c5b30daf-2eb2-465a-874b-302cfe83c0d1 [2026-05-21T20:13:54.197637] Cannot find module '@sap/xssec' (STDERR, APP/PROC/WEB)#
#2026 05 21 20:14:01.782#Z#DEBUG#fb7aa7c6-5550-11f1-be9f-eeee0a80e2d9.bookscapm-srv#flowable-async-job-executor-thread-8912#
[PollStartAppStatusExecution] c5b30daf-2eb2-465a-874b-302cfe83c0d1 [2026-05-21T20:13:54.197639] Require stack: (STDERR, APP/PROC/WEB)#
#2026 05 21 20:14:01.782#Z#DEBUG#fb7aa7c6-5550-11f1-be9f-eeee0a80e2d9.bookscapm-srv#flowable-async-job-executor-thread-8912#
[PollStartAppStatusExecution] c5b30daf-2eb2-465a-874b-302cfe83c0d1 [2026-05-21T20:13:54.197642] - /home/vcap/app/node_modules/@sap/cds/lib/srv/middlewares/auth/xssec.js (STDERR, APP/PROC/WEB)#
#2026 05 21 20:14:01.782#Z#DEBUG#fb7aa7c6-5550-11f1-be9f-eeee0a80e2d9.bookscapm-srv#flowable-async-job-executor-thread-8912#
[PollStartAppStatusExecution] c5b30daf-2eb2-465a-874b-302cfe83c0d1 [2026-05-21T20:13:54.197645] - /home/vcap/app/node_modules/@sap/cds/lib/srv/middlewares/auth/jwt-auth.js (STDERR, APP/PROC/WEB)#
#2026 05 21 20:14:01.782#Z#DEBUG#fb7aa7c6-5550-11f1-be9f-eeee0a80e2d9.bookscapm-srv#flowable-async-job-executor-thread-8912#
[PollStartAppStatusExecution] c5b30daf-2eb2-465a-874b-302cfe83c0d1 [2026-05-21T20:13:54.197647] - /home/vcap/app/node_modules/@sap/cds/lib/srv/middlewares/auth/index.js (STDERR, APP/PROC/WEB)#
#2026 05 21 20:14:01.782#Z#DEBUG#fb7aa7c6-5550-11f1-be9f-eeee0a80e2d9.bookscapm-srv#flowable-async-job-executor-thread-8912#
[PollStartAppStatusExecution] c5b30daf-2eb2-465a-874b-302cfe83c0d1 [2026-05-21T20:13:54.197649] - /home/vcap/app/node_modules/@sap/cds/lib/srv/middlewares/index.js (STDERR, APP/PROC/WEB)#
#2026 05 21 20:14:01.782#Z#DEBUG#fb7aa7c6-5550-11f1-be9f-eeee0a80e2d9.bookscapm-srv#flowable-async-job-executor-thread-8912#
[PollStartAppStatusExecution] c5b30daf-2eb2-465a-874b-302cfe83c0d1 [2026-05-21T20:13:54.197656] - /home/vcap/app/node_modules/@sap/cds/lib/index.js (STDERR, APP/PROC/WEB)#
#2026 05 21 20:14:01.782#Z#DEBUG#fb7aa7c6-5550-11f1-be9f-eeee0a80e2d9.bookscapm-srv#flowable-async-job-executor-thread-8912#
[PollStartAppStatusExecution] c5b30daf-2eb2-465a-874b-302cfe83c0d1 [2026-05-21T20:13:54.197659] - /home/vcap/app/node_modules/@sap/cds/bin/serve.js (STDERR, APP/PROC/WEB)#
#2026 05 21 20:14:01.782#Z#DEBUG#fb7aa7c6-5550-11f1-be9f-eeee0a80e2d9.bookscapm-srv#flowable-async-job-executor-thread-8912#
[PollStartAppStatusExecution] c5b30daf-2eb2-465a-874b-302cfe83c0d1 [2026-05-21T20:13:54.197661] at Module._resolveFilename (node:internal/modules/cjs/loader:1421:15) (STDERR, APP/PROC/WEB)#
#2026 05 21 20:14:01.782#Z#DEBUG#fb7aa7c6-5550-11f1-be9f-eeee0a80e2d9.bookscapm-srv#flowable-async-job-executor-thread-8912#
[PollStartAppStatusExecution] c5b30daf-2eb2-465a-874b-302cfe83c0d1 [2026-05-21T20:13:54.197664] at defaultResolveImpl (node:internal/modules/cjs/loader:1059:19) (STDERR, APP/PROC/WEB)#
#2026 05 21 20:14:01.782#Z#DEBUG#fb7aa7c6-5550-11f1-be9f-eeee0a80e2d9.bookscapm-srv#flowable-async-job-executor-thread-8912#
[PollStartAppStatusExecution] c5b30daf-2eb2-465a-874b-302cfe83c0d1 [2026-05-21T20:13:54.197666] at resolveForCJSWithHooks (node:internal/modules/cjs/loader:1064:22) (STDERR, APP/PROC/WEB)#
#2026 05 21 20:14:01.782#Z#DEBUG#fb7aa7c6-5550-11f1-be9f-eeee0a80e2d9.bookscapm-srv#flowable-async-job-executor-thread-8912#
[PollStartAppStatusExecution] c5b30daf-2eb2-465a-874b-302cfe83c0d1 [2026-05-21T20:13:54.197672] at Module._load (node:internal/modules/cjs/loader:1227:37) (STDERR, APP/PROC/WEB)#
#2026 05 21 20:14:01.782#Z#DEBUG#fb7aa7c6-5550-11f1-be9f-eeee0a80e2d9.bookscapm-srv#flowable-async-job-executor-thread-8912#
[PollStartAppStatusExecution] c5b30daf-2eb2-465a-874b-302cfe83c0d1 [2026-05-21T20:13:54.197677] at TracingChannel.traceSync (node:diagnostics_channel:328:14) (STDERR, APP/PROC/WEB)#
#2026 05 21 20:14:01.782#Z#DEBUG#fb7aa7c6-5550-11f1-be9f-eeee0a80e2d9.bookscapm-srv#flowable-async-job-executor-thread-8912#
[PollStartAppStatusExecution] c5b30daf-2eb2-465a-874b-302cfe83c0d1 [2026-05-21T20:13:54.197679] at wrapModuleLoad (node:internal/modules/cjs/loader:245:24) (STDERR, APP/PROC/WEB)#
#2026 05 21 20:14:01.782#Z#DEBUG#fb7aa7c6-5550-11f1-be9f-eeee0a80e2d9.bookscapm-srv#flowable-async-job-executor-thread-8912#
[PollStartAppStatusExecution] c5b30daf-2eb2-465a-874b-302cfe83c0d1 [2026-05-21T20:13:54.197682] at Module.require (node:internal/modules/cjs/loader:1504:12) (STDERR, APP/PROC/WEB)#
#2026 05 21 20:14:01.782#Z#DEBUG#fb7aa7c6-5550-11f1-be9f-eeee0a80e2d9.bookscapm-srv#flowable-async-job-executor-thread-8912#
[PollStartAppStatusExecution] c5b30daf-2eb2-465a-874b-302cfe83c0d1 [2026-05-21T20:13:54.197684] at require (node:internal/modules/helpers:152:16) (STDERR, APP/PROC/WEB)#
#2026 05 21 20:14:01.782#Z#DEBUG#fb7aa7c6-5550-11f1-be9f-eeee0a80e2d9.bookscapm-srv#flowable-async-job-executor-thread-8912#
[PollStartAppStatusExecution] c5b30daf-2eb2-465a-874b-302cfe83c0d1 [2026-05-21T20:13:54.197687] at Object.<anonymous> (/home/vcap/app/node_modules/@sap/cds/lib/srv/middlewares/auth/xssec.js:2:17) (STDERR, APP/PROC/WEB)#
#2026 05 21 20:14:01.782#Z#DEBUG#fb7aa7c6-5550-11f1-be9f-eeee0a80e2d9.bookscapm-srv#flowable-async-job-executor-thread-8912#
[PollStartAppStatusExecution] c5b30daf-2eb2-465a-874b-302cfe83c0d1 [2026-05-21T20:13:54.197689] at Module._compile (node:internal/modules/cjs/loader:1761:14) { (STDERR, APP/PROC/WEB)#
#2026 05 21 20:14:01.782#Z#DEBUG#fb7aa7c6-5550-11f1-be9f-eeee0a80e2d9.bookscapm-srv#flowable-async-job-executor-thread-8912#
[PollStartAppStatusExecution] c5b30daf-2eb2-465a-874b-302cfe83c0d1 [2026-05-21T20:13:54.197691] code: 'MODULE_NOT_FOUND', (STDERR, APP/PROC/WEB)#
#2026 05 21 20:14:01.782#Z#DEBUG#fb7aa7c6-5550-11f1-be9f-eeee0a80e2d9.bookscapm-srv#flowable-async-job-executor-thread-8912#
[PollStartAppStatusExecution] c5b30daf-2eb2-465a-874b-302cfe83c0d1 [2026-05-21T20:13:54.197694] requireStack: [ (STDERR, APP/PROC/WEB)#
#2026 05 21 20:14:01.782#Z#DEBUG#fb7aa7c6-5550-11f1-be9f-eeee0a80e2d9.bookscapm-srv#flowable-async-job-executor-thread-8912#
[PollStartAppStatusExecution] c5b30daf-2eb2-465a-874b-302cfe83c0d1 [2026-05-21T20:13:54.197696] '/home/vcap/app/node_modules/@sap/cds/lib/srv/middlewares/auth/xssec.js', (STDERR, APP/PROC/WEB)#
#2026 05 21 20:14:01.782#Z#DEBUG#fb7aa7c6-5550-11f1-be9f-eeee0a80e2d9.bookscapm-srv#flowable-async-job-executor-thread-8912#
[PollStartAppStatusExecution] c5b30daf-2eb2-465a-874b-302cfe83c0d1 [2026-05-21T20:13:54.197698] '/home/vcap/app/node_modules/@sap/cds/lib/srv/middlewares/auth/jwt-auth.js', (STDERR, APP/PROC/WEB)#
#2026 05 21 20:14:01.782#Z#DEBUG#fb7aa7c6-5550-11f1-be9f-eeee0a80e2d9.bookscapm-srv#flowable-async-job-executor-thread-8912#
[PollStartAppStatusExecution] c5b30daf-2eb2-465a-874b-302cfe83c0d1 [2026-05-21T20:13:54.197700] '/home/vcap/app/node_modules/@sap/cds/lib/srv/middlewares/auth/index.js', (STDERR, APP/PROC/WEB)#
#2026 05 21 20:14:01.782#Z#DEBUG#fb7aa7c6-5550-11f1-be9f-eeee0a80e2d9.bookscapm-srv#flowable-async-job-executor-thread-8912#
[PollStartAppStatusExecution] c5b30daf-2eb2-465a-874b-302cfe83c0d1 [2026-05-21T20:13:54.197703] '/home/vcap/app/node_modules/@sap/cds/lib/srv/middlewares/index.js', (STDERR, APP/PROC/WEB)#
#2026 05 21 20:14:01.782#Z#DEBUG#fb7aa7c6-5550-11f1-be9f-eeee0a80e2d9.bookscapm-srv#flowable-async-job-executor-thread-8912#
[PollStartAppStatusExecution] c5b30daf-2eb2-465a-874b-302cfe83c0d1 [2026-05-21T20:13:54.197705] '/home/vcap/app/node_modules/@sap/cds/lib/index.js', (STDERR, APP/PROC/WEB)#
#2026 05 21 20:14:01.782#Z#DEBUG#fb7aa7c6-5550-11f1-be9f-eeee0a80e2d9.bookscapm-srv#flowable-async-job-executor-thread-8912#
[PollStartAppStatusExecution] c5b30daf-2eb2-465a-874b-302cfe83c0d1 [2026-05-21T20:13:54.197707] '/home/vcap/app/node_modules/@sap/cds/bin/serve.js' (STDERR, APP/PROC/WEB)#
#2026 05 21 20:14:01.782#Z#DEBUG#fb7aa7c6-5550-11f1-be9f-eeee0a80e2d9.bookscapm-srv#flowable-async-job-executor-thread-8912#
[PollStartAppStatusExecution] c5b30daf-2eb2-465a-874b-302cfe83c0d1 [2026-05-21T20:13:54.197709] ] (STDERR, APP/PROC/WEB)#
#2026 05 21 20:14:01.782#Z#DEBUG#fb7aa7c6-5550-11f1-be9f-eeee0a80e2d9.bookscapm-srv#flowable-async-job-executor-thread-8912#
[PollStartAppStatusExecution] c5b30daf-2eb2-465a-874b-302cfe83c0d1 [2026-05-21T20:13:54.197711] } (STDERR, APP/PROC/WEB)#
#2026 05 21 20:14:01.782#Z#DEBUG#fb7aa7c6-5550-11f1-be9f-eeee0a80e2d9.bookscapm-srv#flowable-async-job-executor-thread-8912#
[PollStartAppStatusExecution] c5b30daf-2eb2-465a-874b-302cfe83c0d1 [2026-05-21T20:13:54.197715] Node.js v24.13.0 (STDERR, APP/PROC/WEB)#
#2026 05 21 20:14:01.782#Z#DEBUG#fb7aa7c6-5550-11f1-be9f-eeee0a80e2d9.bookscapm-srv#flowable-async-job-executor-thread-8912#
[PollStartAppStatusExecution] c5b30daf-2eb2-465a-874b-302cfe83c0d1 [2026-05-21T20:13:54.219229] npm notice (STDERR, APP/PROC/WEB)#
#2026 05 21 20:14:01.782#Z#DEBUG#fb7aa7c6-5550-11f1-be9f-eeee0a80e2d9.bookscapm-srv#flowable-async-job-executor-thread-8912#
[PollStartAppStatusExecution] c5b30daf-2eb2-465a-874b-302cfe83c0d1 [2026-05-21T20:13:54.219264] npm notice New minor version of npm available! 11.6.2 -> 11.15.0 (STDERR, APP/PROC/WEB)#
#2026 05 21 20:14:01.782#Z#DEBUG#fb7aa7c6-5550-11f1-be9f-eeee0a80e2d9.bookscapm-srv#flowable-async-job-executor-thread-8912#
[PollStartAppStatusExecution] c5b30daf-2eb2-465a-874b-302cfe83c0d1 [2026-05-21T20:13:54.219276] npm notice Changelog: https://github.com/npm/cli/releases/tag/v11.15.0 (STDERR, APP/PROC/WEB)#
#2026 05 21 20:14:01.782#Z#DEBUG#fb7aa7c6-5550-11f1-be9f-eeee0a80e2d9.bookscapm-srv#flowable-async-job-executor-thread-8912#
[PollStartAppStatusExecution] c5b30daf-2eb2-465a-874b-302cfe83c0d1 [2026-05-21T20:13:54.219283] npm notice To update run: npm install -g npm@11.15.0 (STDERR, APP/PROC/WEB)#
#2026 05 21 20:14:01.782#Z#DEBUG#fb7aa7c6-5550-11f1-be9f-eeee0a80e2d9.bookscapm-srv#flowable-async-job-executor-thread-8912#
[PollStartAppStatusExecution] c5b30daf-2eb2-465a-874b-302cfe83c0d1 [2026-05-21T20:13:54.219286] npm notice (STDERR, APP/PROC/WEB)#
#2026 05 21 20:14:01.782#Z#DEBUG#fb7aa7c6-5550-11f1-be9f-eeee0a80e2d9.bookscapm-srv#flowable-async-job-executor-thread-8912#
[PollStartAppStatusExecution] c5b30daf-2eb2-465a-874b-302cfe83c0d1 [2026-05-21T20:13:54.319200] Exit status 1 (STDOUT, APP/PROC/WEB)#
#2026 05 21 20:14:01.782#Z#DEBUG#fb7aa7c6-5550-11f1-be9f-eeee0a80e2d9.bookscapm-srv#flowable-async-job-executor-thread-8912#
[PollStartAppStatusExecution] c5b30daf-2eb2-465a-874b-302cfe83c0d1 [2026-05-21T20:14:00.456708] Cell c839c7b1-088e-41af-b9b7-66256aacd457 stopping instance 6d6fe238-d3ed-4f5b-6e38-8528 (STDOUT, CELL)#
#2026 05 21 20:14:01.782#Z#DEBUG#fb7aa7c6-5550-11f1-be9f-eeee0a80e2d9.bookscapm-srv#flowable-async-job-executor-thread-8912#
[PollStartAppStatusExecution] c5b30daf-2eb2-465a-874b-302cfe83c0d1 [2026-05-21T20:14:00.456760] Cell c839c7b1-088e-41af-b9b7-66256aacd457 destroying container for instance 6d6fe238-d3ed-4f5b-6e38-8528 (STDOUT, CELL)#
#2026 05 21 20:14:01.782#Z#DEBUG#fb7aa7c6-5550-11f1-be9f-eeee0a80e2d9.bookscapm-srv#flowable-async-job-executor-thread-8912#
[PollStartAppStatusExecution] c5b30daf-2eb2-465a-874b-302cfe83c0d1 [2026-05-21T20:14:00.462161] Process has crashed with type: "web" (STDOUT, API)#
#2026 05 21 20:14:01.782#Z#DEBUG#fb7aa7c6-5550-11f1-be9f-eeee0a80e2d9.bookscapm-srv#flowable-async-job-executor-thread-8912#
[PollStartAppStatusExecution] c5b30daf-2eb2-465a-874b-302cfe83c0d1 [2026-05-21T20:14:00.473891] App instance exited with guid c5b30daf-2eb2-465a-874b-302cfe83c0d1 payload: {"instance"=>"6d6fe238-d3ed-4f5b-6e38-8528", "index"=>0, "cell_id"=>"c839c7b1-088e-41af-b9b7-66256aacd457", "reason"=>"CRASHED", "exit_description"=>"APP/PROC/WEB: Exited with status 1", "crash_count"=>1, "crash_timestamp"=>1779394440440033136, "version"=>"fd2013aa-d679-41fa-9bf8-d1b2d28d4019"} (STDOUT, API)#
#2026 05 21 20:14:01.782#Z#DEBUG#fb7aa7c6-5550-11f1-be9f-eeee0a80e2d9.bookscapm-srv#flowable-async-job-executor-thread-8912#
[PollStartAppStatusExecution] c5b30daf-2eb2-465a-874b-302cfe83c0d1 [2026-05-21T20:14:00.609195] Cell 684caff8-89cd-492b-be01-b3d0835f1763 creating container for instance c498e2f5-0acb-4e8e-405d-e086 (STDOUT, CELL)#
#2026 05 21 20:14:01.782#Z#DEBUG#fb7aa7c6-5550-11f1-be9f-eeee0a80e2d9.bookscapm-srv#flowable-async-job-executor-thread-8912#
[PollStartAppStatusExecution] c5b30daf-2eb2-465a-874b-302cfe83c0d1 [2026-05-21T20:14:01.140650] Exit status 137 (STDOUT, PROXY)#
#2026 05 21 20:14:11.821#Z#DEBUG#fb7aa7c6-5550-11f1-be9f-eeee0a80e2d9.bookscapm-srv#flowable-async-job-executor-thread-6536#
[PollStartAppStatusExecution] c5b30daf-2eb2-465a-874b-302cfe83c0d1 [2026-05-21T20:14:01.628233] Security group rules were updated (STDOUT, CELL)#
#2026 05 21 20:14:11.821#Z#DEBUG#fb7aa7c6-5550-11f1-be9f-eeee0a80e2d9.bookscapm-srv#flowable-async-job-executor-thread-6536#
[PollStartAppStatusExecution] c5b30daf-2eb2-465a-874b-302cfe83c0d1 [2026-05-21T20:14:01.749058] Cell 684caff8-89cd-492b-be01-b3d0835f1763 successfully created container for instance c498e2f5-0acb-4e8e-405d-e086 (STDOUT, CELL)#
#2026 05 21 20:14:11.821#Z#DEBUG#fb7aa7c6-5550-11f1-be9f-eeee0a80e2d9.bookscapm-srv#flowable-async-job-executor-thread-6536#
[PollStartAppStatusExecution] c5b30daf-2eb2-465a-874b-302cfe83c0d1 [2026-05-21T20:14:02.353945] Downloading droplet... (STDOUT, CELL)#
#2026 05 21 20:14:11.821#Z#DEBUG#fb7aa7c6-5550-11f1-be9f-eeee0a80e2d9.bookscapm-srv#flowable-async-job-executor-thread-6536#
[PollStartAppStatusExecution] c5b30daf-2eb2-465a-874b-302cfe83c0d1 [2026-05-21T20:14:03.105220] Cell c839c7b1-088e-41af-b9b7-66256aacd457 successfully destroyed container for instance 6d6fe238-d3ed-4f5b-6e38-8528 (STDOUT, CELL)#
#2026 05 21 20:14:11.821#Z#DEBUG#fb7aa7c6-5550-11f1-be9f-eeee0a80e2d9.bookscapm-srv#flowable-async-job-executor-thread-6536#
[PollStartAppStatusExecution] c5b30daf-2eb2-465a-874b-302cfe83c0d1 [2026-05-21T20:14:07.153227] Downloaded droplet (60.6M) (STDOUT, CELL)#
#2026 05 21 20:14:11.821#Z#DEBUG#fb7aa7c6-5550-11f1-be9f-eeee0a80e2d9.bookscapm-srv#flowable-async-job-executor-thread-6536#
[PollStartAppStatusExecution] c5b30daf-2eb2-465a-874b-302cfe83c0d1 [2026-05-21T20:14:07.153430] Starting health monitoring of container (STDOUT, CELL)#
#2026 05 21 20:14:11.821#Z#DEBUG#fb7aa7c6-5550-11f1-be9f-eeee0a80e2d9.bookscapm-srv#flowable-async-job-executor-thread-6536#
[PollStartAppStatusExecution] c5b30daf-2eb2-465a-874b-302cfe83c0d1 [2026-05-21T20:14:07.308656] Invoking pre-start scripts. (STDOUT, APP/PROC/WEB)#
#2026 05 21 20:14:11.821#Z#DEBUG#fb7aa7c6-5550-11f1-be9f-eeee0a80e2d9.bookscapm-srv#flowable-async-job-executor-thread-6536#
[PollStartAppStatusExecution] c5b30daf-2eb2-465a-874b-302cfe83c0d1 [2026-05-21T20:14:07.602615] Invoking start command. (STDOUT, APP/PROC/WEB)#
#2026 05 21 20:14:11.821#Z#DEBUG#fb7aa7c6-5550-11f1-be9f-eeee0a80e2d9.bookscapm-srv#flowable-async-job-executor-thread-6536#
[PollStartAppStatusExecution] c5b30daf-2eb2-465a-874b-302cfe83c0d1 [2026-05-21T20:14:08.145521] > bookscapm@1.0.0 start (STDOUT, APP/PROC/WEB)#
#2026 05 21 20:14:11.821#Z#DEBUG#fb7aa7c6-5550-11f1-be9f-eeee0a80e2d9.bookscapm-srv#flowable-async-job-executor-thread-6536#
[PollStartAppStatusExecution] c5b30daf-2eb2-465a-874b-302cfe83c0d1 [2026-05-21T20:14:08.145557] > cds-serve (STDOUT, APP/PROC/WEB)#
#2026 05 21 20:14:11.821#Z#DEBUG#fb7aa7c6-5550-11f1-be9f-eeee0a80e2d9.bookscapm-srv#flowable-async-job-executor-thread-6536#
[PollStartAppStatusExecution] c5b30daf-2eb2-465a-874b-302cfe83c0d1 [2026-05-21T20:14:08.447056] {"level":"info","logger":"cds","timestamp":"2026-05-21T20:14:08.444Z","layer":"cds","component_type":"application","container_id":"10.32.1.6","component_id":"c5b30daf-2eb2-465a-874b-302cfe83c0d1","component_name":"bookscapm-srv","component_instance":0,"source_instance":0,"organization_name":"28d7c084trial","organization_id":"51676b3c-3669-44ee-8d82-d188a1d10898","space_name":"dev","space_id":"b60fe882-3fd1-4122-b7fc-833334cb72da","msg":"loaded model from 1 file(s):\n ","type":"log"} (STDOUT, APP/PROC/WEB)#
#2026 05 21 20:14:11.821#Z#DEBUG#fb7aa7c6-5550-11f1-be9f-eeee0a80e2d9.bookscapm-srv#flowable-async-job-executor-thread-6536#
[PollStartAppStatusExecution] c5b30daf-2eb2-465a-874b-302cfe83c0d1 [2026-05-21T20:14:08.447709] srv/csn.json (STDOUT, APP/PROC/WEB)#
#2026 05 21 20:14:11.821#Z#DEBUG#fb7aa7c6-5550-11f1-be9f-eeee0a80e2d9.bookscapm-srv#flowable-async-job-executor-thread-6536#
[PollStartAppStatusExecution] c5b30daf-2eb2-465a-874b-302cfe83c0d1 [2026-05-21T20:14:08.704063] {"level":"info","logger":"cds","timestamp":"2026-05-21T20:14:08.702Z","layer":"cds","component_type":"application","container_id":"10.32.1.6","component_id":"c5b30daf-2eb2-465a-874b-302cfe83c0d1","component_name":"bookscapm-srv","component_instance":0,"source_instance":0,"organization_name":"28d7c084trial","organization_id":"51676b3c-3669-44ee-8d82-d188a1d10898","space_name":"dev","space_id":"b60fe882-3fd1-4122-b7fc-833334cb72da","msg":"connect to db > hana {\n  database_id: '4ab8c67f-241d-4bb8-ad31-be6edfc8a42f',\n  host: '4ab8c67f-241d-4bb8-ad31-be6edfc8a42f.hna1.prod-us10.hanacloud.ondemand.com',\n  port: '443',\n  driver: 'com.sap.db.jdbc.Driver',\n  url: 'jdbc:sap://4ab8c67f-241d-4bb8-ad31-be6edfc8a42f.hna1.prod-us10.hanacloud.ondemand.com:443?encrypt=true&validateCertificate=true&currentschema=AC7C2DC930114F7B98B505CA48D4BD58',\n  schema: 'AC7C2DC930114F7B98B505CA48D4BD58',\n  certificate: '...',\n  hdi_user: 'AC7C2DC930114F7B98B505CA48D4BD58_EBJ3ZBXBNH7EC44YZNCMWIULD_DT',\n  hdi_password: '...',\n  user: 'AC7C2DC930114F7B98B505CA48D4BD58_EBJ3ZBXBNH7EC44YZNCMWIULD_RT',\n  password: '...'\n}","type":"log"} (STDOUT, APP/PROC/WEB)#
#2026 05 21 20:14:11.821#Z#DEBUG#fb7aa7c6-5550-11f1-be9f-eeee0a80e2d9.bookscapm-srv#flowable-async-job-executor-thread-6536#
[PollStartAppStatusExecution] c5b30daf-2eb2-465a-874b-302cfe83c0d1 [2026-05-21T20:14:08.741887] {"level":"info","logger":"cds","timestamp":"2026-05-21T20:14:08.741Z","layer":"cds","component_type":"application","container_id":"10.32.1.6","component_id":"c5b30daf-2eb2-465a-874b-302cfe83c0d1","component_name":"bookscapm-srv","component_instance":0,"source_instance":0,"organization_name":"28d7c084trial","organization_id":"51676b3c-3669-44ee-8d82-d188a1d10898","space_name":"dev","space_id":"b60fe882-3fd1-4122-b7fc-833334cb72da","msg":"using auth strategy { kind: 'jwt' }","type":"log"} (STDOUT, APP/PROC/WEB)#
#2026 05 21 20:14:11.821#Z#DEBUG#fb7aa7c6-5550-11f1-be9f-eeee0a80e2d9.bookscapm-srv#flowable-async-job-executor-thread-6536#
[PollStartAppStatusExecution] c5b30daf-2eb2-465a-874b-302cfe83c0d1 [2026-05-21T20:14:08.743934] node:internal/modules/cjs/loader:1421 (STDERR, APP/PROC/WEB)#
#2026 05 21 20:14:11.821#Z#DEBUG#fb7aa7c6-5550-11f1-be9f-eeee0a80e2d9.bookscapm-srv#flowable-async-job-executor-thread-6536#
[PollStartAppStatusExecution] c5b30daf-2eb2-465a-874b-302cfe83c0d1 [2026-05-21T20:14:08.743967] const err = new Error(message); (STDERR, APP/PROC/WEB)#
#2026 05 21 20:14:11.821#Z#DEBUG#fb7aa7c6-5550-11f1-be9f-eeee0a80e2d9.bookscapm-srv#flowable-async-job-executor-thread-6536#
[PollStartAppStatusExecution] c5b30daf-2eb2-465a-874b-302cfe83c0d1 [2026-05-21T20:14:08.743974] ^ (STDERR, APP/PROC/WEB)#
#2026 05 21 20:14:11.821#Z#DEBUG#fb7aa7c6-5550-11f1-be9f-eeee0a80e2d9.bookscapm-srv#flowable-async-job-executor-thread-6536#
[PollStartAppStatusExecution] c5b30daf-2eb2-465a-874b-302cfe83c0d1 [2026-05-21T20:14:08.743978] Error: Cannot find '@sap/xssec'. Make sure to install it with 'npm i @sap/xssec' (STDERR, APP/PROC/WEB)#
#2026 05 21 20:14:11.821#Z#DEBUG#fb7aa7c6-5550-11f1-be9f-eeee0a80e2d9.bookscapm-srv#flowable-async-job-executor-thread-6536#
[PollStartAppStatusExecution] c5b30daf-2eb2-465a-874b-302cfe83c0d1 [2026-05-21T20:14:08.743981] Cannot find module '@sap/xssec' (STDERR, APP/PROC/WEB)#
#2026 05 21 20:14:11.821#Z#DEBUG#fb7aa7c6-5550-11f1-be9f-eeee0a80e2d9.bookscapm-srv#flowable-async-job-executor-thread-6536#
[PollStartAppStatusExecution] c5b30daf-2eb2-465a-874b-302cfe83c0d1 [2026-05-21T20:14:08.743984] Require stack: (STDERR, APP/PROC/WEB)#
#2026 05 21 20:14:11.821#Z#DEBUG#fb7aa7c6-5550-11f1-be9f-eeee0a80e2d9.bookscapm-srv#flowable-async-job-executor-thread-6536#
[PollStartAppStatusExecution] c5b30daf-2eb2-465a-874b-302cfe83c0d1 [2026-05-21T20:14:08.743986] - /home/vcap/app/node_modules/@sap/cds/lib/srv/middlewares/auth/xssec.js (STDERR, APP/PROC/WEB)#
#2026 05 21 20:14:11.821#Z#DEBUG#fb7aa7c6-5550-11f1-be9f-eeee0a80e2d9.bookscapm-srv#flowable-async-job-executor-thread-6536#
[PollStartAppStatusExecution] c5b30daf-2eb2-465a-874b-302cfe83c0d1 [2026-05-21T20:14:08.743989] - /home/vcap/app/node_modules/@sap/cds/lib/srv/middlewares/auth/jwt-auth.js (STDERR, APP/PROC/WEB)#
#2026 05 21 20:14:11.821#Z#DEBUG#fb7aa7c6-5550-11f1-be9f-eeee0a80e2d9.bookscapm-srv#flowable-async-job-executor-thread-6536#
[PollStartAppStatusExecution] c5b30daf-2eb2-465a-874b-302cfe83c0d1 [2026-05-21T20:14:08.743992] - /home/vcap/app/node_modules/@sap/cds/lib/srv/middlewares/auth/index.js (STDERR, APP/PROC/WEB)#
#2026 05 21 20:14:11.821#Z#DEBUG#fb7aa7c6-5550-11f1-be9f-eeee0a80e2d9.bookscapm-srv#flowable-async-job-executor-thread-6536#
[PollStartAppStatusExecution] c5b30daf-2eb2-465a-874b-302cfe83c0d1 [2026-05-21T20:14:08.743994] - /home/vcap/app/node_modules/@sap/cds/lib/srv/middlewares/index.js (STDERR, APP/PROC/WEB)#
#2026 05 21 20:14:11.821#Z#DEBUG#fb7aa7c6-5550-11f1-be9f-eeee0a80e2d9.bookscapm-srv#flowable-async-job-executor-thread-6536#
[PollStartAppStatusExecution] c5b30daf-2eb2-465a-874b-302cfe83c0d1 [2026-05-21T20:14:08.744001] - /home/vcap/app/node_modules/@sap/cds/lib/index.js (STDERR, APP/PROC/WEB)#
#2026 05 21 20:14:11.821#Z#DEBUG#fb7aa7c6-5550-11f1-be9f-eeee0a80e2d9.bookscapm-srv#flowable-async-job-executor-thread-6536#
[PollStartAppStatusExecution] c5b30daf-2eb2-465a-874b-302cfe83c0d1 [2026-05-21T20:14:08.744004] - /home/vcap/app/node_modules/@sap/cds/bin/serve.js (STDERR, APP/PROC/WEB)#
#2026 05 21 20:14:11.821#Z#DEBUG#fb7aa7c6-5550-11f1-be9f-eeee0a80e2d9.bookscapm-srv#flowable-async-job-executor-thread-6536#
[PollStartAppStatusExecution] c5b30daf-2eb2-465a-874b-302cfe83c0d1 [2026-05-21T20:14:08.744006] at Module._resolveFilename (node:internal/modules/cjs/loader:1421:15) (STDERR, APP/PROC/WEB)#
#2026 05 21 20:14:11.821#Z#DEBUG#fb7aa7c6-5550-11f1-be9f-eeee0a80e2d9.bookscapm-srv#flowable-async-job-executor-thread-6536#
[PollStartAppStatusExecution] c5b30daf-2eb2-465a-874b-302cfe83c0d1 [2026-05-21T20:14:08.744009] at defaultResolveImpl (node:internal/modules/cjs/loader:1059:19) (STDERR, APP/PROC/WEB)#
#2026 05 21 20:14:11.821#Z#DEBUG#fb7aa7c6-5550-11f1-be9f-eeee0a80e2d9.bookscapm-srv#flowable-async-job-executor-thread-6536#
[PollStartAppStatusExecution] c5b30daf-2eb2-465a-874b-302cfe83c0d1 [2026-05-21T20:14:08.744012] at resolveForCJSWithHooks (node:internal/modules/cjs/loader:1064:22) (STDERR, APP/PROC/WEB)#
#2026 05 21 20:14:11.821#Z#DEBUG#fb7aa7c6-5550-11f1-be9f-eeee0a80e2d9.bookscapm-srv#flowable-async-job-executor-thread-6536#
[PollStartAppStatusExecution] c5b30daf-2eb2-465a-874b-302cfe83c0d1 [2026-05-21T20:14:08.744016] at Module._load (node:internal/modules/cjs/loader:1227:37) (STDERR, APP/PROC/WEB)#
#2026 05 21 20:14:11.821#Z#DEBUG#fb7aa7c6-5550-11f1-be9f-eeee0a80e2d9.bookscapm-srv#flowable-async-job-executor-thread-6536#
[PollStartAppStatusExecution] c5b30daf-2eb2-465a-874b-302cfe83c0d1 [2026-05-21T20:14:08.744018] at TracingChannel.traceSync (node:diagnostics_channel:328:14) (STDERR, APP/PROC/WEB)#
#2026 05 21 20:14:11.821#Z#DEBUG#fb7aa7c6-5550-11f1-be9f-eeee0a80e2d9.bookscapm-srv#flowable-async-job-executor-thread-6536#
[PollStartAppStatusExecution] c5b30daf-2eb2-465a-874b-302cfe83c0d1 [2026-05-21T20:14:08.744020] at wrapModuleLoad (node:internal/modules/cjs/loader:245:24) (STDERR, APP/PROC/WEB)#
#2026 05 21 20:14:11.821#Z#DEBUG#fb7aa7c6-5550-11f1-be9f-eeee0a80e2d9.bookscapm-srv#flowable-async-job-executor-thread-6536#
[PollStartAppStatusExecution] c5b30daf-2eb2-465a-874b-302cfe83c0d1 [2026-05-21T20:14:08.744025] at Module.require (node:internal/modules/cjs/loader:1504:12) (STDERR, APP/PROC/WEB)#
#2026 05 21 20:14:11.821#Z#DEBUG#fb7aa7c6-5550-11f1-be9f-eeee0a80e2d9.bookscapm-srv#flowable-async-job-executor-thread-6536#
[PollStartAppStatusExecution] c5b30daf-2eb2-465a-874b-302cfe83c0d1 [2026-05-21T20:14:08.744028] at require (node:internal/modules/helpers:152:16) (STDERR, APP/PROC/WEB)#
#2026 05 21 20:14:11.821#Z#DEBUG#fb7aa7c6-5550-11f1-be9f-eeee0a80e2d9.bookscapm-srv#flowable-async-job-executor-thread-6536#
[PollStartAppStatusExecution] c5b30daf-2eb2-465a-874b-302cfe83c0d1 [2026-05-21T20:14:08.744031] at Object.<anonymous> (/home/vcap/app/node_modules/@sap/cds/lib/srv/middlewares/auth/xssec.js:2:17) (STDERR, APP/PROC/WEB)#
#2026 05 21 20:14:11.821#Z#DEBUG#fb7aa7c6-5550-11f1-be9f-eeee0a80e2d9.bookscapm-srv#flowable-async-job-executor-thread-6536#
[PollStartAppStatusExecution] c5b30daf-2eb2-465a-874b-302cfe83c0d1 [2026-05-21T20:14:08.744033] at Module._compile (node:internal/modules/cjs/loader:1761:14) { (STDERR, APP/PROC/WEB)#
#2026 05 21 20:14:11.821#Z#DEBUG#fb7aa7c6-5550-11f1-be9f-eeee0a80e2d9.bookscapm-srv#flowable-async-job-executor-thread-6536#
[PollStartAppStatusExecution] c5b30daf-2eb2-465a-874b-302cfe83c0d1 [2026-05-21T20:14:08.744036] code: 'MODULE_NOT_FOUND', (STDERR, APP/PROC/WEB)#
#2026 05 21 20:14:11.821#Z#DEBUG#fb7aa7c6-5550-11f1-be9f-eeee0a80e2d9.bookscapm-srv#flowable-async-job-executor-thread-6536#
[PollStartAppStatusExecution] c5b30daf-2eb2-465a-874b-302cfe83c0d1 [2026-05-21T20:14:08.744040] requireStack: [ (STDERR, APP/PROC/WEB)#
#2026 05 21 20:14:11.821#Z#DEBUG#fb7aa7c6-5550-11f1-be9f-eeee0a80e2d9.bookscapm-srv#flowable-async-job-executor-thread-6536#
[PollStartAppStatusExecution] c5b30daf-2eb2-465a-874b-302cfe83c0d1 [2026-05-21T20:14:08.744045] '/home/vcap/app/node_modules/@sap/cds/lib/srv/middlewares/auth/xssec.js', (STDERR, APP/PROC/WEB)#
#2026 05 21 20:14:11.821#Z#DEBUG#fb7aa7c6-5550-11f1-be9f-eeee0a80e2d9.bookscapm-srv#flowable-async-job-executor-thread-6536#
[PollStartAppStatusExecution] c5b30daf-2eb2-465a-874b-302cfe83c0d1 [2026-05-21T20:14:08.744049] '/home/vcap/app/node_modules/@sap/cds/lib/srv/middlewares/auth/jwt-auth.js', (STDERR, APP/PROC/WEB)#
#2026 05 21 20:14:11.821#Z#DEBUG#fb7aa7c6-5550-11f1-be9f-eeee0a80e2d9.bookscapm-srv#flowable-async-job-executor-thread-6536#
[PollStartAppStatusExecution] c5b30daf-2eb2-465a-874b-302cfe83c0d1 [2026-05-21T20:14:08.744051] '/home/vcap/app/node_modules/@sap/cds/lib/srv/middlewares/auth/index.js', (STDERR, APP/PROC/WEB)#
#2026 05 21 20:14:11.821#Z#DEBUG#fb7aa7c6-5550-11f1-be9f-eeee0a80e2d9.bookscapm-srv#flowable-async-job-executor-thread-6536#
[PollStartAppStatusExecution] c5b30daf-2eb2-465a-874b-302cfe83c0d1 [2026-05-21T20:14:08.744054] '/home/vcap/app/node_modules/@sap/cds/lib/srv/middlewares/index.js', (STDERR, APP/PROC/WEB)#
#2026 05 21 20:14:11.821#Z#DEBUG#fb7aa7c6-5550-11f1-be9f-eeee0a80e2d9.bookscapm-srv#flowable-async-job-executor-thread-6536#
[PollStartAppStatusExecution] c5b30daf-2eb2-465a-874b-302cfe83c0d1 [2026-05-21T20:14:08.744056] '/home/vcap/app/node_modules/@sap/cds/lib/index.js', (STDERR, APP/PROC/WEB)#
#2026 05 21 20:14:11.821#Z#DEBUG#fb7aa7c6-5550-11f1-be9f-eeee0a80e2d9.bookscapm-srv#flowable-async-job-executor-thread-6536#
[PollStartAppStatusExecution] c5b30daf-2eb2-465a-874b-302cfe83c0d1 [2026-05-21T20:14:08.744058] '/home/vcap/app/node_modules/@sap/cds/bin/serve.js' (STDERR, APP/PROC/WEB)#
#2026 05 21 20:14:11.821#Z#DEBUG#fb7aa7c6-5550-11f1-be9f-eeee0a80e2d9.bookscapm-srv#flowable-async-job-executor-thread-6536#
[PollStartAppStatusExecution] c5b30daf-2eb2-465a-874b-302cfe83c0d1 [2026-05-21T20:14:08.744063] ] (STDERR, APP/PROC/WEB)#
#2026 05 21 20:14:11.821#Z#DEBUG#fb7aa7c6-5550-11f1-be9f-eeee0a80e2d9.bookscapm-srv#flowable-async-job-executor-thread-6536#
[PollStartAppStatusExecution] c5b30daf-2eb2-465a-874b-302cfe83c0d1 [2026-05-21T20:14:08.744065] } (STDERR, APP/PROC/WEB)#
#2026 05 21 20:14:11.821#Z#DEBUG#fb7aa7c6-5550-11f1-be9f-eeee0a80e2d9.bookscapm-srv#flowable-async-job-executor-thread-6536#
[PollStartAppStatusExecution] c5b30daf-2eb2-465a-874b-302cfe83c0d1 [2026-05-21T20:14:08.744137] Node.js v24.13.0 (STDERR, APP/PROC/WEB)#
#2026 05 21 20:14:11.821#Z#DEBUG#fb7aa7c6-5550-11f1-be9f-eeee0a80e2d9.bookscapm-srv#flowable-async-job-executor-thread-6536#
[PollStartAppStatusExecution] c5b30daf-2eb2-465a-874b-302cfe83c0d1 [2026-05-21T20:14:08.761797] npm notice (STDERR, APP/PROC/WEB)#
#2026 05 21 20:14:11.821#Z#DEBUG#fb7aa7c6-5550-11f1-be9f-eeee0a80e2d9.bookscapm-srv#flowable-async-job-executor-thread-6536#
[PollStartAppStatusExecution] c5b30daf-2eb2-465a-874b-302cfe83c0d1 [2026-05-21T20:14:08.761834] npm notice New minor version of npm available! 11.6.2 -> 11.15.0 (STDERR, APP/PROC/WEB)#
#2026 05 21 20:14:11.821#Z#DEBUG#fb7aa7c6-5550-11f1-be9f-eeee0a80e2d9.bookscapm-srv#flowable-async-job-executor-thread-6536#
[PollStartAppStatusExecution] c5b30daf-2eb2-465a-874b-302cfe83c0d1 [2026-05-21T20:14:08.761838] npm notice Changelog: https://github.com/npm/cli/releases/tag/v11.15.0 (STDERR, APP/PROC/WEB)#
#2026 05 21 20:14:11.821#Z#DEBUG#fb7aa7c6-5550-11f1-be9f-eeee0a80e2d9.bookscapm-srv#flowable-async-job-executor-thread-6536#
[PollStartAppStatusExecution] c5b30daf-2eb2-465a-874b-302cfe83c0d1 [2026-05-21T20:14:08.761841] npm notice To update run: npm install -g npm@11.15.0 (STDERR, APP/PROC/WEB)#
#2026 05 21 20:14:11.821#Z#DEBUG#fb7aa7c6-5550-11f1-be9f-eeee0a80e2d9.bookscapm-srv#flowable-async-job-executor-thread-6536#
[PollStartAppStatusExecution] c5b30daf-2eb2-465a-874b-302cfe83c0d1 [2026-05-21T20:14:08.761843] npm notice (STDERR, APP/PROC/WEB)#
#2026 05 21 20:14:11.821#Z#DEBUG#fb7aa7c6-5550-11f1-be9f-eeee0a80e2d9.bookscapm-srv#flowable-async-job-executor-thread-6536#
[PollStartAppStatusExecution] c5b30daf-2eb2-465a-874b-302cfe83c0d1 [2026-05-21T20:14:08.858697] Exit status 1 (STDOUT, APP/PROC/WEB)#
#2026 05 21 20:14:21.974#Z#DEBUG#fb7aa7c6-5550-11f1-be9f-eeee0a80e2d9.bookscapm-srv#flowable-async-job-executor-thread-8922#
[PollStartAppStatusExecution] c5b30daf-2eb2-465a-874b-302cfe83c0d1 [2026-05-21T20:14:15.154195] Cell 684caff8-89cd-492b-be01-b3d0835f1763 stopping instance c498e2f5-0acb-4e8e-405d-e086 (STDOUT, CELL)#
#2026 05 21 20:14:21.974#Z#DEBUG#fb7aa7c6-5550-11f1-be9f-eeee0a80e2d9.bookscapm-srv#flowable-async-job-executor-thread-8922#
[PollStartAppStatusExecution] c5b30daf-2eb2-465a-874b-302cfe83c0d1 [2026-05-21T20:14:15.154228] Cell 684caff8-89cd-492b-be01-b3d0835f1763 destroying container for instance c498e2f5-0acb-4e8e-405d-e086 (STDOUT, CELL)#
#2026 05 21 20:14:21.974#Z#DEBUG#fb7aa7c6-5550-11f1-be9f-eeee0a80e2d9.bookscapm-srv#flowable-async-job-executor-thread-8922#
[PollStartAppStatusExecution] c5b30daf-2eb2-465a-874b-302cfe83c0d1 [2026-05-21T20:14:15.162152] Process has crashed with type: "web" (STDOUT, API)#
#2026 05 21 20:14:21.974#Z#DEBUG#fb7aa7c6-5550-11f1-be9f-eeee0a80e2d9.bookscapm-srv#flowable-async-job-executor-thread-8922#
[PollStartAppStatusExecution] c5b30daf-2eb2-465a-874b-302cfe83c0d1 [2026-05-21T20:14:15.174681] App instance exited with guid c5b30daf-2eb2-465a-874b-302cfe83c0d1 payload: {"instance"=>"c498e2f5-0acb-4e8e-405d-e086", "index"=>0, "cell_id"=>"684caff8-89cd-492b-be01-b3d0835f1763", "reason"=>"CRASHED", "exit_description"=>"APP/PROC/WEB: Exited with status 1", "crash_count"=>2, "crash_timestamp"=>1779394455133289928, "version"=>"fd2013aa-d679-41fa-9bf8-d1b2d28d4019"} (STDOUT, API)#
#2026 05 21 20:14:21.974#Z#DEBUG#fb7aa7c6-5550-11f1-be9f-eeee0a80e2d9.bookscapm-srv#flowable-async-job-executor-thread-8922#
[PollStartAppStatusExecution] c5b30daf-2eb2-465a-874b-302cfe83c0d1 [2026-05-21T20:14:15.408381] Cell c839c7b1-088e-41af-b9b7-66256aacd457 creating container for instance ff2e0a98-c1cb-4926-77e3-cf14 (STDOUT, CELL)#
#2026 05 21 20:14:21.974#Z#DEBUG#fb7aa7c6-5550-11f1-be9f-eeee0a80e2d9.bookscapm-srv#flowable-async-job-executor-thread-8922#
[PollStartAppStatusExecution] c5b30daf-2eb2-465a-874b-302cfe83c0d1 [2026-05-21T20:14:15.468815] Exit status 137 (STDOUT, PROXY)#
#2026 05 21 20:14:21.974#Z#DEBUG#fb7aa7c6-5550-11f1-be9f-eeee0a80e2d9.bookscapm-srv#flowable-async-job-executor-thread-8922#
[PollStartAppStatusExecution] c5b30daf-2eb2-465a-874b-302cfe83c0d1 [2026-05-21T20:14:16.401536] Security group rules were updated (STDOUT, CELL)#
#2026 05 21 20:14:21.974#Z#DEBUG#fb7aa7c6-5550-11f1-be9f-eeee0a80e2d9.bookscapm-srv#flowable-async-job-executor-thread-8922#
[PollStartAppStatusExecution] c5b30daf-2eb2-465a-874b-302cfe83c0d1 [2026-05-21T20:14:16.504935] Cell c839c7b1-088e-41af-b9b7-66256aacd457 successfully created container for instance ff2e0a98-c1cb-4926-77e3-cf14 (STDOUT, CELL)#
#2026 05 21 20:14:21.974#Z#DEBUG#fb7aa7c6-5550-11f1-be9f-eeee0a80e2d9.bookscapm-srv#flowable-async-job-executor-thread-8922#
[PollStartAppStatusExecution] c5b30daf-2eb2-465a-874b-302cfe83c0d1 [2026-05-21T20:14:16.820489] Downloading droplet... (STDOUT, CELL)#
#2026 05 21 20:14:21.974#Z#DEBUG#fb7aa7c6-5550-11f1-be9f-eeee0a80e2d9.bookscapm-srv#flowable-async-job-executor-thread-8922#
[PollStartAppStatusExecution] c5b30daf-2eb2-465a-874b-302cfe83c0d1 [2026-05-21T20:14:17.853688] Cell 684caff8-89cd-492b-be01-b3d0835f1763 successfully destroyed container for instance c498e2f5-0acb-4e8e-405d-e086 (STDOUT, CELL)#
#2026 05 21 20:14:21.974#Z#DEBUG#fb7aa7c6-5550-11f1-be9f-eeee0a80e2d9.bookscapm-srv#flowable-async-job-executor-thread-8922#
[PollStartAppStatusExecution] c5b30daf-2eb2-465a-874b-302cfe83c0d1 [2026-05-21T20:14:18.710952] Downloaded droplet (STDOUT, CELL)#
#2026 05 21 20:14:21.974#Z#DEBUG#fb7aa7c6-5550-11f1-be9f-eeee0a80e2d9.bookscapm-srv#flowable-async-job-executor-thread-8922#
[PollStartAppStatusExecution] c5b30daf-2eb2-465a-874b-302cfe83c0d1 [2026-05-21T20:14:18.711146] Starting health monitoring of container (STDOUT, CELL)#
#2026 05 21 20:14:21.974#Z#DEBUG#fb7aa7c6-5550-11f1-be9f-eeee0a80e2d9.bookscapm-srv#flowable-async-job-executor-thread-8922#
[PollStartAppStatusExecution] c5b30daf-2eb2-465a-874b-302cfe83c0d1 [2026-05-21T20:14:18.874109] Invoking pre-start scripts. (STDOUT, APP/PROC/WEB)#
#2026 05 21 20:14:21.974#Z#DEBUG#fb7aa7c6-5550-11f1-be9f-eeee0a80e2d9.bookscapm-srv#flowable-async-job-executor-thread-8922#
[PollStartAppStatusExecution] c5b30daf-2eb2-465a-874b-302cfe83c0d1 [2026-05-21T20:14:19.127652] Invoking start command. (STDOUT, APP/PROC/WEB)#
#2026 05 21 20:14:21.974#Z#DEBUG#fb7aa7c6-5550-11f1-be9f-eeee0a80e2d9.bookscapm-srv#flowable-async-job-executor-thread-8922#
[PollStartAppStatusExecution] c5b30daf-2eb2-465a-874b-302cfe83c0d1 [2026-05-21T20:14:19.729971] > bookscapm@1.0.0 start (STDOUT, APP/PROC/WEB)#
#2026 05 21 20:14:21.974#Z#DEBUG#fb7aa7c6-5550-11f1-be9f-eeee0a80e2d9.bookscapm-srv#flowable-async-job-executor-thread-8922#
[PollStartAppStatusExecution] c5b30daf-2eb2-465a-874b-302cfe83c0d1 [2026-05-21T20:14:19.730003] > cds-serve (STDOUT, APP/PROC/WEB)#
#2026 05 21 20:14:21.974#Z#DEBUG#fb7aa7c6-5550-11f1-be9f-eeee0a80e2d9.bookscapm-srv#flowable-async-job-executor-thread-8922#
[PollStartAppStatusExecution] c5b30daf-2eb2-465a-874b-302cfe83c0d1 [2026-05-21T20:14:20.064528] {"level":"info","logger":"cds","timestamp":"2026-05-21T20:14:20.062Z","layer":"cds","component_type":"application","container_id":"10.32.2.6","component_id":"c5b30daf-2eb2-465a-874b-302cfe83c0d1","component_name":"bookscapm-srv","component_instance":0,"source_instance":0,"organization_name":"28d7c084trial","organization_id":"51676b3c-3669-44ee-8d82-d188a1d10898","space_name":"dev","space_id":"b60fe882-3fd1-4122-b7fc-833334cb72da","msg":"loaded model from 1 file(s):\n ","type":"log"} (STDOUT, APP/PROC/WEB)#
#2026 05 21 20:14:21.974#Z#DEBUG#fb7aa7c6-5550-11f1-be9f-eeee0a80e2d9.bookscapm-srv#flowable-async-job-executor-thread-8922#
[PollStartAppStatusExecution] c5b30daf-2eb2-465a-874b-302cfe83c0d1 [2026-05-21T20:14:20.065031] srv/csn.json (STDOUT, APP/PROC/WEB)#
#2026 05 21 20:14:21.974#Z#DEBUG#fb7aa7c6-5550-11f1-be9f-eeee0a80e2d9.bookscapm-srv#flowable-async-job-executor-thread-8922#
[PollStartAppStatusExecution] c5b30daf-2eb2-465a-874b-302cfe83c0d1 [2026-05-21T20:14:20.352413] {"level":"info","logger":"cds","timestamp":"2026-05-21T20:14:20.351Z","layer":"cds","component_type":"application","container_id":"10.32.2.6","component_id":"c5b30daf-2eb2-465a-874b-302cfe83c0d1","component_name":"bookscapm-srv","component_instance":0,"source_instance":0,"organization_name":"28d7c084trial","organization_id":"51676b3c-3669-44ee-8d82-d188a1d10898","space_name":"dev","space_id":"b60fe882-3fd1-4122-b7fc-833334cb72da","msg":"connect to db > hana {\n  database_id: '4ab8c67f-241d-4bb8-ad31-be6edfc8a42f',\n  host: '4ab8c67f-241d-4bb8-ad31-be6edfc8a42f.hna1.prod-us10.hanacloud.ondemand.com',\n  port: '443',\n  driver: 'com.sap.db.jdbc.Driver',\n  url: 'jdbc:sap://4ab8c67f-241d-4bb8-ad31-be6edfc8a42f.hna1.prod-us10.hanacloud.ondemand.com:443?encrypt=true&validateCertificate=true&currentschema=AC7C2DC930114F7B98B505CA48D4BD58',\n  schema: 'AC7C2DC930114F7B98B505CA48D4BD58',\n  certificate: '...',\n  hdi_user: 'AC7C2DC930114F7B98B505CA48D4BD58_EBJ3ZBXBNH7EC44YZNCMWIULD_DT',\n  hdi_password: '...',\n  user: 'AC7C2DC930114F7B98B505CA48D4BD58_EBJ3ZBXBNH7EC44YZNCMWIULD_RT',\n  password: '...'\n}","type":"log"} (STDOUT, APP/PROC/WEB)#
#2026 05 21 20:14:21.974#Z#DEBUG#fb7aa7c6-5550-11f1-be9f-eeee0a80e2d9.bookscapm-srv#flowable-async-job-executor-thread-8922#
[PollStartAppStatusExecution] c5b30daf-2eb2-465a-874b-302cfe83c0d1 [2026-05-21T20:14:20.403240] {"level":"info","logger":"cds","timestamp":"2026-05-21T20:14:20.400Z","layer":"cds","component_type":"application","container_id":"10.32.2.6","component_id":"c5b30daf-2eb2-465a-874b-302cfe83c0d1","component_name":"bookscapm-srv","component_instance":0,"source_instance":0,"organization_name":"28d7c084trial","organization_id":"51676b3c-3669-44ee-8d82-d188a1d10898","space_name":"dev","space_id":"b60fe882-3fd1-4122-b7fc-833334cb72da","msg":"using auth strategy { kind: 'jwt' }","type":"log"} (STDOUT, APP/PROC/WEB)#
#2026 05 21 20:14:21.974#Z#DEBUG#fb7aa7c6-5550-11f1-be9f-eeee0a80e2d9.bookscapm-srv#flowable-async-job-executor-thread-8922#
[PollStartAppStatusExecution] c5b30daf-2eb2-465a-874b-302cfe83c0d1 [2026-05-21T20:14:20.406790] node:internal/modules/cjs/loader:1421 (STDERR, APP/PROC/WEB)#
#2026 05 21 20:14:21.974#Z#DEBUG#fb7aa7c6-5550-11f1-be9f-eeee0a80e2d9.bookscapm-srv#flowable-async-job-executor-thread-8922#
[PollStartAppStatusExecution] c5b30daf-2eb2-465a-874b-302cfe83c0d1 [2026-05-21T20:14:20.406814] const err = new Error(message); (STDERR, APP/PROC/WEB)#
#2026 05 21 20:14:21.974#Z#DEBUG#fb7aa7c6-5550-11f1-be9f-eeee0a80e2d9.bookscapm-srv#flowable-async-job-executor-thread-8922#
[PollStartAppStatusExecution] c5b30daf-2eb2-465a-874b-302cfe83c0d1 [2026-05-21T20:14:20.406819] ^ (STDERR, APP/PROC/WEB)#
#2026 05 21 20:14:21.974#Z#DEBUG#fb7aa7c6-5550-11f1-be9f-eeee0a80e2d9.bookscapm-srv#flowable-async-job-executor-thread-8922#
[PollStartAppStatusExecution] c5b30daf-2eb2-465a-874b-302cfe83c0d1 [2026-05-21T20:14:20.406826] Error: Cannot find '@sap/xssec'. Make sure to install it with 'npm i @sap/xssec' (STDERR, APP/PROC/WEB)#
#2026 05 21 20:14:21.974#Z#DEBUG#fb7aa7c6-5550-11f1-be9f-eeee0a80e2d9.bookscapm-srv#flowable-async-job-executor-thread-8922#
[PollStartAppStatusExecution] c5b30daf-2eb2-465a-874b-302cfe83c0d1 [2026-05-21T20:14:20.406833] Cannot find module '@sap/xssec' (STDERR, APP/PROC/WEB)#
#2026 05 21 20:14:21.974#Z#DEBUG#fb7aa7c6-5550-11f1-be9f-eeee0a80e2d9.bookscapm-srv#flowable-async-job-executor-thread-8922#
[PollStartAppStatusExecution] c5b30daf-2eb2-465a-874b-302cfe83c0d1 [2026-05-21T20:14:20.406836] Require stack: (STDERR, APP/PROC/WEB)#
#2026 05 21 20:14:21.974#Z#DEBUG#fb7aa7c6-5550-11f1-be9f-eeee0a80e2d9.bookscapm-srv#flowable-async-job-executor-thread-8922#
[PollStartAppStatusExecution] c5b30daf-2eb2-465a-874b-302cfe83c0d1 [2026-05-21T20:14:20.406839] - /home/vcap/app/node_modules/@sap/cds/lib/srv/middlewares/auth/xssec.js (STDERR, APP/PROC/WEB)#
#2026 05 21 20:14:21.974#Z#DEBUG#fb7aa7c6-5550-11f1-be9f-eeee0a80e2d9.bookscapm-srv#flowable-async-job-executor-thread-8922#
[PollStartAppStatusExecution] c5b30daf-2eb2-465a-874b-302cfe83c0d1 [2026-05-21T20:14:20.406841] - /home/vcap/app/node_modules/@sap/cds/lib/srv/middlewares/auth/jwt-auth.js (STDERR, APP/PROC/WEB)#
#2026 05 21 20:14:21.974#Z#DEBUG#fb7aa7c6-5550-11f1-be9f-eeee0a80e2d9.bookscapm-srv#flowable-async-job-executor-thread-8922#
[PollStartAppStatusExecution] c5b30daf-2eb2-465a-874b-302cfe83c0d1 [2026-05-21T20:14:20.406844] - /home/vcap/app/node_modules/@sap/cds/lib/srv/middlewares/auth/index.js (STDERR, APP/PROC/WEB)#
#2026 05 21 20:14:21.974#Z#DEBUG#fb7aa7c6-5550-11f1-be9f-eeee0a80e2d9.bookscapm-srv#flowable-async-job-executor-thread-8922#
[PollStartAppStatusExecution] c5b30daf-2eb2-465a-874b-302cfe83c0d1 [2026-05-21T20:14:20.406849] - /home/vcap/app/node_modules/@sap/cds/lib/srv/middlewares/index.js (STDERR, APP/PROC/WEB)#
#2026 05 21 20:14:21.974#Z#DEBUG#fb7aa7c6-5550-11f1-be9f-eeee0a80e2d9.bookscapm-srv#flowable-async-job-executor-thread-8922#
[PollStartAppStatusExecution] c5b30daf-2eb2-465a-874b-302cfe83c0d1 [2026-05-21T20:14:20.406855] - /home/vcap/app/node_modules/@sap/cds/lib/index.js (STDERR, APP/PROC/WEB)#
#2026 05 21 20:14:21.974#Z#DEBUG#fb7aa7c6-5550-11f1-be9f-eeee0a80e2d9.bookscapm-srv#flowable-async-job-executor-thread-8922#
[PollStartAppStatusExecution] c5b30daf-2eb2-465a-874b-302cfe83c0d1 [2026-05-21T20:14:20.406857] - /home/vcap/app/node_modules/@sap/cds/bin/serve.js (STDERR, APP/PROC/WEB)#
#2026 05 21 20:14:21.974#Z#DEBUG#fb7aa7c6-5550-11f1-be9f-eeee0a80e2d9.bookscapm-srv#flowable-async-job-executor-thread-8922#
[PollStartAppStatusExecution] c5b30daf-2eb2-465a-874b-302cfe83c0d1 [2026-05-21T20:14:20.406859] at Module._resolveFilename (node:internal/modules/cjs/loader:1421:15) (STDERR, APP/PROC/WEB)#
#2026 05 21 20:14:21.974#Z#DEBUG#fb7aa7c6-5550-11f1-be9f-eeee0a80e2d9.bookscapm-srv#flowable-async-job-executor-thread-8922#
[PollStartAppStatusExecution] c5b30daf-2eb2-465a-874b-302cfe83c0d1 [2026-05-21T20:14:20.406862] at defaultResolveImpl (node:internal/modules/cjs/loader:1059:19) (STDERR, APP/PROC/WEB)#
#2026 05 21 20:14:21.974#Z#DEBUG#fb7aa7c6-5550-11f1-be9f-eeee0a80e2d9.bookscapm-srv#flowable-async-job-executor-thread-8922#
[PollStartAppStatusExecution] c5b30daf-2eb2-465a-874b-302cfe83c0d1 [2026-05-21T20:14:20.406865] at resolveForCJSWithHooks (node:internal/modules/cjs/loader:1064:22) (STDERR, APP/PROC/WEB)#
#2026 05 21 20:14:21.974#Z#DEBUG#fb7aa7c6-5550-11f1-be9f-eeee0a80e2d9.bookscapm-srv#flowable-async-job-executor-thread-8922#
[PollStartAppStatusExecution] c5b30daf-2eb2-465a-874b-302cfe83c0d1 [2026-05-21T20:14:20.406870] at Module._load (node:internal/modules/cjs/loader:1227:37) (STDERR, APP/PROC/WEB)#
#2026 05 21 20:14:21.974#Z#DEBUG#fb7aa7c6-5550-11f1-be9f-eeee0a80e2d9.bookscapm-srv#flowable-async-job-executor-thread-8922#
[PollStartAppStatusExecution] c5b30daf-2eb2-465a-874b-302cfe83c0d1 [2026-05-21T20:14:20.406872] at TracingChannel.traceSync (node:diagnostics_channel:328:14) (STDERR, APP/PROC/WEB)#
#2026 05 21 20:14:21.974#Z#DEBUG#fb7aa7c6-5550-11f1-be9f-eeee0a80e2d9.bookscapm-srv#flowable-async-job-executor-thread-8922#
[PollStartAppStatusExecution] c5b30daf-2eb2-465a-874b-302cfe83c0d1 [2026-05-21T20:14:20.406875] at wrapModuleLoad (node:internal/modules/cjs/loader:245:24) (STDERR, APP/PROC/WEB)#
#2026 05 21 20:14:21.974#Z#DEBUG#fb7aa7c6-5550-11f1-be9f-eeee0a80e2d9.bookscapm-srv#flowable-async-job-executor-thread-8922#
[PollStartAppStatusExecution] c5b30daf-2eb2-465a-874b-302cfe83c0d1 [2026-05-21T20:14:20.406877] at Module.require (node:internal/modules/cjs/loader:1504:12) (STDERR, APP/PROC/WEB)#
#2026 05 21 20:14:21.974#Z#DEBUG#fb7aa7c6-5550-11f1-be9f-eeee0a80e2d9.bookscapm-srv#flowable-async-job-executor-thread-8922#
[PollStartAppStatusExecution] c5b30daf-2eb2-465a-874b-302cfe83c0d1 [2026-05-21T20:14:20.406879] at require (node:internal/modules/helpers:152:16) (STDERR, APP/PROC/WEB)#
#2026 05 21 20:14:21.974#Z#DEBUG#fb7aa7c6-5550-11f1-be9f-eeee0a80e2d9.bookscapm-srv#flowable-async-job-executor-thread-8922#
[PollStartAppStatusExecution] c5b30daf-2eb2-465a-874b-302cfe83c0d1 [2026-05-21T20:14:20.406882] at Object.<anonymous> (/home/vcap/app/node_modules/@sap/cds/lib/srv/middlewares/auth/xssec.js:2:17) (STDERR, APP/PROC/WEB)#
#2026 05 21 20:14:21.974#Z#DEBUG#fb7aa7c6-5550-11f1-be9f-eeee0a80e2d9.bookscapm-srv#flowable-async-job-executor-thread-8922#
[PollStartAppStatusExecution] c5b30daf-2eb2-465a-874b-302cfe83c0d1 [2026-05-21T20:14:20.406884] at Module._compile (node:internal/modules/cjs/loader:1761:14) { (STDERR, APP/PROC/WEB)#
#2026 05 21 20:14:21.974#Z#DEBUG#fb7aa7c6-5550-11f1-be9f-eeee0a80e2d9.bookscapm-srv#flowable-async-job-executor-thread-8922#
[PollStartAppStatusExecution] c5b30daf-2eb2-465a-874b-302cfe83c0d1 [2026-05-21T20:14:20.406886] code: 'MODULE_NOT_FOUND', (STDERR, APP/PROC/WEB)#
#2026 05 21 20:14:21.974#Z#DEBUG#fb7aa7c6-5550-11f1-be9f-eeee0a80e2d9.bookscapm-srv#flowable-async-job-executor-thread-8922#
[PollStartAppStatusExecution] c5b30daf-2eb2-465a-874b-302cfe83c0d1 [2026-05-21T20:14:20.406890] requireStack: [ (STDERR, APP/PROC/WEB)#
#2026 05 21 20:14:21.974#Z#DEBUG#fb7aa7c6-5550-11f1-be9f-eeee0a80e2d9.bookscapm-srv#flowable-async-job-executor-thread-8922#
[PollStartAppStatusExecution] c5b30daf-2eb2-465a-874b-302cfe83c0d1 [2026-05-21T20:14:20.406892] '/home/vcap/app/node_modules/@sap/cds/lib/srv/middlewares/auth/xssec.js', (STDERR, APP/PROC/WEB)#
#2026 05 21 20:14:21.974#Z#DEBUG#fb7aa7c6-5550-11f1-be9f-eeee0a80e2d9.bookscapm-srv#flowable-async-job-executor-thread-8922#
[PollStartAppStatusExecution] c5b30daf-2eb2-465a-874b-302cfe83c0d1 [2026-05-21T20:14:20.406895] '/home/vcap/app/node_modules/@sap/cds/lib/srv/middlewares/auth/jwt-auth.js', (STDERR, APP/PROC/WEB)#
#2026 05 21 20:14:21.974#Z#DEBUG#fb7aa7c6-5550-11f1-be9f-eeee0a80e2d9.bookscapm-srv#flowable-async-job-executor-thread-8922#
[PollStartAppStatusExecution] c5b30daf-2eb2-465a-874b-302cfe83c0d1 [2026-05-21T20:14:20.406897] '/home/vcap/app/node_modules/@sap/cds/lib/srv/middlewares/auth/index.js', (STDERR, APP/PROC/WEB)#
#2026 05 21 20:14:21.974#Z#DEBUG#fb7aa7c6-5550-11f1-be9f-eeee0a80e2d9.bookscapm-srv#flowable-async-job-executor-thread-8922#
[PollStartAppStatusExecution] c5b30daf-2eb2-465a-874b-302cfe83c0d1 [2026-05-21T20:14:20.406900] '/home/vcap/app/node_modules/@sap/cds/lib/srv/middlewares/index.js', (STDERR, APP/PROC/WEB)#
#2026 05 21 20:14:21.974#Z#DEBUG#fb7aa7c6-5550-11f1-be9f-eeee0a80e2d9.bookscapm-srv#flowable-async-job-executor-thread-8922#
[PollStartAppStatusExecution] c5b30daf-2eb2-465a-874b-302cfe83c0d1 [2026-05-21T20:14:20.406904] '/home/vcap/app/node_modules/@sap/cds/lib/index.js', (STDERR, APP/PROC/WEB)#
#2026 05 21 20:14:21.974#Z#DEBUG#fb7aa7c6-5550-11f1-be9f-eeee0a80e2d9.bookscapm-srv#flowable-async-job-executor-thread-8922#
[PollStartAppStatusExecution] c5b30daf-2eb2-465a-874b-302cfe83c0d1 [2026-05-21T20:14:20.406906] '/home/vcap/app/node_modules/@sap/cds/bin/serve.js' (STDERR, APP/PROC/WEB)#
#2026 05 21 20:14:21.974#Z#DEBUG#fb7aa7c6-5550-11f1-be9f-eeee0a80e2d9.bookscapm-srv#flowable-async-job-executor-thread-8922#
[PollStartAppStatusExecution] c5b30daf-2eb2-465a-874b-302cfe83c0d1 [2026-05-21T20:14:20.406908] ] (STDERR, APP/PROC/WEB)#
#2026 05 21 20:14:21.974#Z#DEBUG#fb7aa7c6-5550-11f1-be9f-eeee0a80e2d9.bookscapm-srv#flowable-async-job-executor-thread-8922#
[PollStartAppStatusExecution] c5b30daf-2eb2-465a-874b-302cfe83c0d1 [2026-05-21T20:14:20.406910] } (STDERR, APP/PROC/WEB)#
#2026 05 21 20:14:21.974#Z#DEBUG#fb7aa7c6-5550-11f1-be9f-eeee0a80e2d9.bookscapm-srv#flowable-async-job-executor-thread-8922#
[PollStartAppStatusExecution] c5b30daf-2eb2-465a-874b-302cfe83c0d1 [2026-05-21T20:14:20.406913] Node.js v24.13.0 (STDERR, APP/PROC/WEB)#
#2026 05 21 20:14:21.974#Z#DEBUG#fb7aa7c6-5550-11f1-be9f-eeee0a80e2d9.bookscapm-srv#flowable-async-job-executor-thread-8922#
[PollStartAppStatusExecution] c5b30daf-2eb2-465a-874b-302cfe83c0d1 [2026-05-21T20:14:20.429096] npm notice (STDERR, APP/PROC/WEB)#
#2026 05 21 20:14:21.974#Z#DEBUG#fb7aa7c6-5550-11f1-be9f-eeee0a80e2d9.bookscapm-srv#flowable-async-job-executor-thread-8922#
[PollStartAppStatusExecution] c5b30daf-2eb2-465a-874b-302cfe83c0d1 [2026-05-21T20:14:20.429124] npm notice New minor version of npm available! 11.6.2 -> 11.15.0 (STDERR, APP/PROC/WEB)#
#2026 05 21 20:14:21.974#Z#DEBUG#fb7aa7c6-5550-11f1-be9f-eeee0a80e2d9.bookscapm-srv#flowable-async-job-executor-thread-8922#
[PollStartAppStatusExecution] c5b30daf-2eb2-465a-874b-302cfe83c0d1 [2026-05-21T20:14:20.429133] npm notice Changelog: https://github.com/npm/cli/releases/tag/v11.15.0 (STDERR, APP/PROC/WEB)#
#2026 05 21 20:14:21.974#Z#DEBUG#fb7aa7c6-5550-11f1-be9f-eeee0a80e2d9.bookscapm-srv#flowable-async-job-executor-thread-8922#
[PollStartAppStatusExecution] c5b30daf-2eb2-465a-874b-302cfe83c0d1 [2026-05-21T20:14:20.429135] npm notice To update run: npm install -g npm@11.15.0 (STDERR, APP/PROC/WEB)#
#2026 05 21 20:14:21.974#Z#DEBUG#fb7aa7c6-5550-11f1-be9f-eeee0a80e2d9.bookscapm-srv#flowable-async-job-executor-thread-8922#
[PollStartAppStatusExecution] c5b30daf-2eb2-465a-874b-302cfe83c0d1 [2026-05-21T20:14:20.429141] npm notice (STDERR, APP/PROC/WEB)#
#2026 05 21 20:14:21.974#Z#DEBUG#fb7aa7c6-5550-11f1-be9f-eeee0a80e2d9.bookscapm-srv#flowable-async-job-executor-thread-8922#
[PollStartAppStatusExecution] c5b30daf-2eb2-465a-874b-302cfe83c0d1 [2026-05-21T20:14:20.513755] Exit status 1 (STDOUT, APP/PROC/WEB)#
#2026 05 21 20:14:31.899#Z#DEBUG#fb7aa7c6-5550-11f1-be9f-eeee0a80e2d9.bookscapm-srv#flowable-async-job-executor-thread-8932#
[PollStartAppStatusExecution] c5b30daf-2eb2-465a-874b-302cfe83c0d1 [2026-05-21T20:14:26.886643] Cell c839c7b1-088e-41af-b9b7-66256aacd457 stopping instance ff2e0a98-c1cb-4926-77e3-cf14 (STDOUT, CELL)#
#2026 05 21 20:14:31.899#Z#DEBUG#fb7aa7c6-5550-11f1-be9f-eeee0a80e2d9.bookscapm-srv#flowable-async-job-executor-thread-8932#
[PollStartAppStatusExecution] c5b30daf-2eb2-465a-874b-302cfe83c0d1 [2026-05-21T20:14:26.886707] Cell c839c7b1-088e-41af-b9b7-66256aacd457 destroying container for instance ff2e0a98-c1cb-4926-77e3-cf14 (STDOUT, CELL)#
#2026 05 21 20:14:31.899#Z#DEBUG#fb7aa7c6-5550-11f1-be9f-eeee0a80e2d9.bookscapm-srv#flowable-async-job-executor-thread-8932#
[PollStartAppStatusExecution] c5b30daf-2eb2-465a-874b-302cfe83c0d1 [2026-05-21T20:14:26.908507] Process has crashed with type: "web" (STDOUT, API)#
#2026 05 21 20:14:31.899#Z#DEBUG#fb7aa7c6-5550-11f1-be9f-eeee0a80e2d9.bookscapm-srv#flowable-async-job-executor-thread-8932#
[PollStartAppStatusExecution] c5b30daf-2eb2-465a-874b-302cfe83c0d1 [2026-05-21T20:14:26.922165] App instance exited with guid c5b30daf-2eb2-465a-874b-302cfe83c0d1 payload: {"instance"=>"ff2e0a98-c1cb-4926-77e3-cf14", "index"=>0, "cell_id"=>"c839c7b1-088e-41af-b9b7-66256aacd457", "reason"=>"CRASHED", "exit_description"=>"APP/PROC/WEB: Exited with status 1", "crash_count"=>3, "crash_timestamp"=>1779394466881329576, "version"=>"fd2013aa-d679-41fa-9bf8-d1b2d28d4019"} (STDOUT, API)#
#2026 05 21 20:14:31.899#Z#DEBUG#fb7aa7c6-5550-11f1-be9f-eeee0a80e2d9.bookscapm-srv#flowable-async-job-executor-thread-8932#
[PollStartAppStatusExecution] c5b30daf-2eb2-465a-874b-302cfe83c0d1 [2026-05-21T20:14:27.165051] Exit status 137 (STDOUT, PROXY)#
#2026 05 21 20:14:31.899#Z#DEBUG#fb7aa7c6-5550-11f1-be9f-eeee0a80e2d9.bookscapm-srv#flowable-async-job-executor-thread-8932#
[PollStartAppStatusExecution] c5b30daf-2eb2-465a-874b-302cfe83c0d1 [2026-05-21T20:14:29.542792] Cell c839c7b1-088e-41af-b9b7-66256aacd457 successfully destroyed container for instance ff2e0a98-c1cb-4926-77e3-cf14 (STDOUT, CELL)#
