#2026 05 21 20:09:33.006#Z#INFO#fb7aa7c6-5550-11f1-be9f-eeee0a80e2d9.OPERATION#http-nio-0.0.0.0-8080-exec-23#
[XS2StartProcessListener] Operation ID: fb7aa7c6-5550-11f1-be9f-eeee0a80e2d9#
#2026 05 21 20:09:33.029#Z#DEBUG#fb7aa7c6-5550-11f1-be9f-eeee0a80e2d9.OPERATION#http-nio-0.0.0.0-8080-exec-23#
[XS2StartProcessListener] Process environment: {
  "SKIP_SSL_VALIDATION" : "false",
  "FLOWABLE_JOB_EXECUTOR_MAX_THREADS" : "32",
  "VERSION" : "2.45.0",
  "BASIC_AUTH_ENABLED" : "true",
  "FLOWABLE_JOB_EXECUTOR_QUEUE_CAPACITY" : "16",
  "FLOWABLE_JOB_EXECUTOR_CORE_THREADS" : "8"
}#
#2026 05 21 20:09:33.029#Z#DEBUG#fb7aa7c6-5550-11f1-be9f-eeee0a80e2d9.OPERATION#http-nio-0.0.0.0-8080-exec-23#
[XS2StartProcessListener] Current user: marlon.10993x@gmail.com#
#2026 05 21 20:09:33.029#Z#DEBUG#fb7aa7c6-5550-11f1-be9f-eeee0a80e2d9.OPERATION#http-nio-0.0.0.0-8080-exec-23#
[XS2StartProcessListener] Client space: dev#
#2026 05 21 20:09:33.029#Z#DEBUG#fb7aa7c6-5550-11f1-be9f-eeee0a80e2d9.OPERATION#http-nio-0.0.0.0-8080-exec-23#
[XS2StartProcessListener] Client organization: 28d7c084trial#
#2026 05 21 20:09:33.030#Z#INFO#fb7aa7c6-5550-11f1-be9f-eeee0a80e2d9.OPERATION#http-nio-0.0.0.0-8080-exec-23#
[XS2StartProcessListener] Process variables: {
  "keepFiles" : false,
  "skipAppDigestCalculation" : false,
  "abortOnError" : false,
  "mtaId" : "bookscapm",
  "noFailOnMissingPermissions" : false,
  "isSecurityEnabled" : false,
  "apiRequestPath" : "https://deploy-service.cf.us10-001.hana.ondemand.com/api/v1/spaces/b60fe882-3fd1-4122-b7fc-833334cb72da/operations",
  "deleteServiceBrokers" : false,
  "appArchiveId" : "b4c49d13-2a8d-43b8-a34a-85b1566d5534",
  "isDisposableUserProvidedServiceEnabled" : false,
  "deleteServiceKeys" : false,
  "noRestartSubscribedApps" : false,
  "noStart" : false,
  "deleteServices" : true
}#
#2026 05 21 20:09:33.077#Z#DEBUG#fb7aa7c6-5550-11f1-be9f-eeee0a80e2d9.OPERATION#flowable-async-job-executor-thread-6490#
[ValidateDeployParametersStep] Executing task "validateParametersTask" of process "fb7aa7ec-5550-11f1-be9f-eeee0a80e2d9"...#
#2026 05 21 20:09:33.077#Z#DEBUG#fb7aa7c6-5550-11f1-be9f-eeee0a80e2d9.OPERATION#flowable-async-job-executor-thread-6490#
[ValidateDeployParametersStep] Validating parameters...#
#2026 05 21 20:09:33.079#Z#INFO#fb7aa7c6-5550-11f1-be9f-eeee0a80e2d9.OPERATION#flowable-async-job-executor-thread-6490#
[ValidateDeployParametersStep] Size of mtars is 8,624,624 and size of extension descriptors is 0#
#2026 05 21 20:09:33.107#Z#INFO#fb7aa7c6-5550-11f1-be9f-eeee0a80e2d9.OPERATION#flowable-async-job-executor-thread-6490#
[ValidateDeployParametersStep] Archive was not split! Total size in bytes: 8,624,624#
#2026 05 21 20:09:33.107#Z#INFO#fb7aa7c6-5550-11f1-be9f-eeee0a80e2d9.OPERATION#flowable-async-job-executor-thread-6490#
[ValidateDeployParametersStep] Deploying in org "28d7c084trial" and space "dev"#
#2026 05 21 20:09:33.112#Z#DEBUG#fb7aa7c6-5550-11f1-be9f-eeee0a80e2d9.OPERATION#flowable-async-job-executor-thread-6490#
[ValidateDeployParametersStep] Parameters validated#
#2026 05 21 20:09:33.112#Z#DEBUG#fb7aa7c6-5550-11f1-be9f-eeee0a80e2d9.OPERATION#flowable-async-job-executor-thread-6490#
Step "Validate Parameters" finished#
#2026 05 21 20:09:33.143#Z#DEBUG#fb7aa7c6-5550-11f1-be9f-eeee0a80e2d9.OPERATION#flowable-async-job-executor-thread-6491#
[DeleteRemainingFileParts] Executing task "deleteRemainingFileParts" of process "fb7aa7ec-5550-11f1-be9f-eeee0a80e2d9"...#
#2026 05 21 20:09:33.144#Z#DEBUG#fb7aa7c6-5550-11f1-be9f-eeee0a80e2d9.OPERATION#flowable-async-job-executor-thread-6491#
Step "Delete Remaining File Parts" finished#
#2026 05 21 20:09:33.173#Z#DEBUG#fb7aa7c6-5550-11f1-be9f-eeee0a80e2d9.OPERATION#flowable-async-job-executor-thread-6492#
[XS2ProcessMtaArchiveStep] Executing task "processArchiveTask" of process "fb7aa7ec-5550-11f1-be9f-eeee0a80e2d9"...#
#2026 05 21 20:09:33.174#Z#DEBUG#fb7aa7c6-5550-11f1-be9f-eeee0a80e2d9.OPERATION#flowable-async-job-executor-thread-6492#
[XS2ProcessMtaArchiveStep] Processing MTA archive...#
#2026 05 21 20:09:33.175#Z#DEBUG#fb7aa7c6-5550-11f1-be9f-eeee0a80e2d9.OPERATION#flowable-async-job-executor-thread-6492#
[XS2ProcessMtaArchiveStep] MTA Archive ID: b4c49d13-2a8d-43b8-a34a-85b1566d5534#
#2026 05 21 20:09:33.349#Z#DEBUG#fb7aa7c6-5550-11f1-be9f-eeee0a80e2d9.OPERATION#flowable-async-job-executor-thread-6492#
[XS2ProcessMtaArchiveStep] MTA Descriptor length: 3,170#
#2026 05 21 20:09:33.349#Z#DEBUG#fb7aa7c6-5550-11f1-be9f-eeee0a80e2d9.OPERATION#flowable-async-job-executor-thread-6492#
[XS2ProcessMtaArchiveStep] MTA Archive Modules: [bookscapm-srv, bookscapm-app-content, bookscapm-db-deployer]#
#2026 05 21 20:09:33.349#Z#DEBUG#fb7aa7c6-5550-11f1-be9f-eeee0a80e2d9.OPERATION#flowable-async-job-executor-thread-6492#
[XS2ProcessMtaArchiveStep] MTA Archive Requires: []#
#2026 05 21 20:09:33.349#Z#DEBUG#fb7aa7c6-5550-11f1-be9f-eeee0a80e2d9.OPERATION#flowable-async-job-executor-thread-6492#
[XS2ProcessMtaArchiveStep] MTA Archive Resources: [uaa_bookscapm]#
#2026 05 21 20:09:33.359#Z#DEBUG#fb7aa7c6-5550-11f1-be9f-eeee0a80e2d9.OPERATION#flowable-async-job-executor-thread-6492#
[XS2ProcessMtaArchiveStep] MTA archive processed#
#2026 05 21 20:09:33.359#Z#DEBUG#fb7aa7c6-5550-11f1-be9f-eeee0a80e2d9.OPERATION#flowable-async-job-executor-thread-6492#
Step "Process Archive" finished#
#2026 05 21 20:09:33.399#Z#DEBUG#fb7aa7c6-5550-11f1-be9f-eeee0a80e2d9.OPERATION#flowable-async-job-executor-thread-6493#
[ProcessMtaExtensionDescriptorsStep] Executing task "processExtensionDescriptorsTask" of process "fb7aa7ec-5550-11f1-be9f-eeee0a80e2d9"...#
#2026 05 21 20:09:33.399#Z#DEBUG#fb7aa7c6-5550-11f1-be9f-eeee0a80e2d9.OPERATION#flowable-async-job-executor-thread-6493#
[ProcessMtaExtensionDescriptorsStep] Processing MTA extension descriptors...#
#2026 05 21 20:09:33.401#Z#DEBUG#fb7aa7c6-5550-11f1-be9f-eeee0a80e2d9.OPERATION#flowable-async-job-executor-thread-6493#
[ProcessMtaExtensionDescriptorsStep] Provided extension descriptors: [ ]#
#2026 05 21 20:09:33.401#Z#DEBUG#fb7aa7c6-5550-11f1-be9f-eeee0a80e2d9.OPERATION#flowable-async-job-executor-thread-6493#
[ProcessMtaExtensionDescriptorsStep] No extension descriptors in use#
#2026 05 21 20:09:33.401#Z#DEBUG#fb7aa7c6-5550-11f1-be9f-eeee0a80e2d9.OPERATION#flowable-async-job-executor-thread-6493#
[ProcessMtaExtensionDescriptorsStep] MTA extension descriptors processed#
#2026 05 21 20:09:33.401#Z#DEBUG#fb7aa7c6-5550-11f1-be9f-eeee0a80e2d9.OPERATION#flowable-async-job-executor-thread-6493#
Step "Process Extension Descriptors" finished#
#2026 05 21 20:09:33.435#Z#DEBUG#fb7aa7c6-5550-11f1-be9f-eeee0a80e2d9.OPERATION#flowable-async-job-executor-thread-6494#
[XS2DetectMtaSchemaVersionStep] Executing task "detectSchemaVersionTask" of process "fb7aa7ec-5550-11f1-be9f-eeee0a80e2d9"...#
#2026 05 21 20:09:33.436#Z#DEBUG#fb7aa7c6-5550-11f1-be9f-eeee0a80e2d9.OPERATION#flowable-async-job-executor-thread-6494#
[XS2DetectMtaSchemaVersionStep] Detecting MTA major schema version...#
#2026 05 21 20:09:33.439#Z#INFO#fb7aa7c6-5550-11f1-be9f-eeee0a80e2d9.OPERATION#flowable-async-job-executor-thread-6494#
[XS2DetectMtaSchemaVersionStep] Detected MTA schema version: "3"#
#2026 05 21 20:09:33.444#Z#DEBUG#fb7aa7c6-5550-11f1-be9f-eeee0a80e2d9.OPERATION#flowable-async-job-executor-thread-6494#
Step "Detect Schema Version" finished#
#2026 05 21 20:09:33.476#Z#DEBUG#fb7aa7c6-5550-11f1-be9f-eeee0a80e2d9.OPERATION#flowable-async-job-executor-thread-6495#
[MergeDescriptorsStep] Executing task "mergeDescriptorsTask" of process "fb7aa7ec-5550-11f1-be9f-eeee0a80e2d9"...#
#2026 05 21 20:09:33.477#Z#DEBUG#fb7aa7c6-5550-11f1-be9f-eeee0a80e2d9.OPERATION#flowable-async-job-executor-thread-6495#
[MergeDescriptorsStep] Validating and merging descriptors...#
#2026 05 21 20:09:33.480#Z#DEBUG#fb7aa7c6-5550-11f1-be9f-eeee0a80e2d9.OPERATION#flowable-async-job-executor-thread-6495#
[MergeDescriptorsStep] Merged deployment descriptor: {
  "majorSchemaVersion" : 3,
  "schemaVersion" : "3.3.0",
  "id" : "bookscapm",
  "version" : "1.0.0",
  "modules" : [ {
    "majorSchemaVersion" : 3,
    "name" : "bookscapm-srv",
    "type" : "javascript.nodejs",
    "path" : "bookscapm-srv",
    "properties" : { },
    "parameters" : {
      "buildpack" : "nodejs_buildpack",
      "instances" : 1
    },
    "requiredDependencies" : [ {
      "majorSchemaVersion" : 3,
      "name" : "bookscapm-db",
      "properties" : { },
      "parameters" : { },
      "propertiesMetadata" : {
        "metadata" : { }
      },
      "parametersMetadata" : {
        "metadata" : { }
      }
    }, {
      "majorSchemaVersion" : 3,
      "name" : "uaa_bookscapm",
      "properties" : { },
      "parameters" : { },
      "propertiesMetadata" : {
        "metadata" : { }
      },
      "parametersMetadata" : {
        "metadata" : { }
      }
    } ],
    "providedDependencies" : [ {
      "majorSchemaVersion" : 3,
      "name" : "srv-api",
      "isPublic" : false,
      "properties" : {
        "srv-url" : "${default-url}"
      },
      "parameters" : { },
      "propertiesMetadata" : {
        "metadata" : { }
      },
      "parametersMetadata" : {
        "metadata" : { }
      }
    }, {
      "majorSchemaVersion" : 3,
      "name" : "bookscapm-srv",
      "isPublic" : false,
      "properties" : { },
      "parameters" : { },
      "propertiesMetadata" : {
        "metadata" : { }
      },
      "parametersMetadata" : {
        "metadata" : { }
      }
    } ],
    "propertiesMetadata" : {
      "metadata" : { }
    },
    "parametersMetadata" : {
      "metadata" : { }
    },
    "hooks" : [ ]
  }, {
    "majorSchemaVersion" : 3,
    "name" : "bookscapm-db-deployer",
    "type" : "com.sap.xs.hdi",
    "path" : "bookscapm-db-deployer",
    "properties" : {
      "EXIT" : 1
    },
    "parameters" : {
      "memory" : "256M",
      "buildpack" : "nodejs_buildpack",
      "no-route" : true,
      "dependency-type" : "hard",
      "tasks" : [ {
        "name" : "deploy",
        "memory" : "256M",
        "command" : "npm start"
      } ],
      "no-start" : true
    },
    "requiredDependencies" : [ {
      "majorSchemaVersion" : 3,
      "name" : "bookscapm-db",
      "properties" : { },
      "parameters" : { },
      "propertiesMetadata" : {
        "metadata" : { }
      },
      "parametersMetadata" : {
        "metadata" : { }
      }
    } ],
    "providedDependencies" : [ {
      "majorSchemaVersion" : 3,
      "name" : "bookscapm-db-deployer",
      "isPublic" : false,
      "properties" : { },
      "parameters" : { },
      "propertiesMetadata" : {
        "metadata" : { }
      },
      "parametersMetadata" : {
        "metadata" : { }
      }
    } ],
    "propertiesMetadata" : {
      "metadata" : { }
    },
    "parametersMetadata" : {
      "metadata" : { }
    },
    "hooks" : [ ]
  }, {
    "majorSchemaVersion" : 3,
    "name" : "bookscapm-destination-content",
    "type" : "com.sap.application.content",
    "properties" : { },
    "parameters" : {
      "content" : {
        "instance" : {
          "destinations" : [ {
            "Name" : "bookscapmapprouter_bookscapm_html_repo_host",
            "ServiceInstanceName" : "bookscapm-html5-app-host-service",
            "ServiceKeyName" : "********",
            "sap.cloud.service" : "bookscapmapprouter"
          }, {
            "Authentication" : "********",
            "Name" : "bookscapmapprouter_uaa_bookscapm",
            "ServiceInstanceName" : "bookscapm-xsuaa-service",
            "ServiceKeyName" : "********",
            "sap.cloud.service" : "bookscapmapprouter"
          } ],
          "existing_destinations_policy" : "ignore"
        }
      }
    },
    "requiredDependencies" : [ {
      "majorSchemaVersion" : 3,
      "name" : "bookscapm-destination-service",
      "properties" : { },
      "parameters" : {
        "content-target" : true
      },
      "propertiesMetadata" : {
        "metadata" : { }
      },
      "parametersMetadata" : {
        "metadata" : { }
      }
    }, {
      "majorSchemaVersion" : 3,
      "name" : "bookscapm_html_repo_host",
      "properties" : { },
      "parameters" : {
        "service-key" : "********"
      },
      "propertiesMetadata" : {
        "metadata" : { }
      },
      "parametersMetadata" : {
        "metadata" : { }
      }
    }, {
      "majorSchemaVersion" : 3,
      "name" : "uaa_bookscapm",
      "properties" : { },
      "parameters" : {
        "service-key" : "********"
      },
      "propertiesMetadata" : {
        "metadata" : { }
      },
      "parametersMetadata" : {
        "metadata" : { }
      }
    } ],
    "providedDependencies" : [ {
      "majorSchemaVersion" : 3,
      "name" : "bookscapm-destination-content",
      "isPublic" : false,
      "properties" : { },
      "parameters" : { },
      "propertiesMetadata" : {
        "metadata" : { }
      },
      "parametersMetadata" : {
        "metadata" : { }
      }
    } ],
    "propertiesMetadata" : {
      "metadata" : { }
    },
    "parametersMetadata" : {
      "metadata" : { }
    },
    "hooks" : [ ]
  }, {
    "majorSchemaVersion" : 3,
    "name" : "bookscapm-app-content",
    "type" : "com.sap.application.content",
    "path" : "bookscapm-app-content",
    "properties" : { },
    "parameters" : { },
    "requiredDependencies" : [ {
      "majorSchemaVersion" : 3,
      "name" : "bookscapm_html_repo_host",
      "properties" : { },
      "parameters" : {
        "content-target" : true
      },
      "propertiesMetadata" : {
        "metadata" : { }
      },
      "parametersMetadata" : {
        "metadata" : { }
      }
    } ],
    "providedDependencies" : [ {
      "majorSchemaVersion" : 3,
      "name" : "bookscapm-app-content",
      "isPublic" : false,
      "properties" : { },
      "parameters" : { },
      "propertiesMetadata" : {
        "metadata" : { }
      },
      "parametersMetadata" : {
        "metadata" : { }
      }
    } ],
    "propertiesMetadata" : {
      "metadata" : { }
    },
    "parametersMetadata" : {
      "metadata" : { }
    },
    "hooks" : [ ]
  } ],
  "resources" : [ {
    "majorSchemaVersion" : 3,
    "name" : "bookscapm-db",
    "type" : "com.sap.xs.hdi-container",
    "properties" : { },
    "parameters" : {
      "type" : "managed-service",
      "service" : "hana",
      "service-plan" : "hdi-shared"
    },
    "isActive" : true,
    "isOptional" : false,
    "propertiesMetadata" : {
      "metadata" : { }
    },
    "parametersMetadata" : {
      "metadata" : { }
    },
    "requiredDependencies" : [ ],
    "processedAfter" : [ ]
  }, {
    "majorSchemaVersion" : 3,
    "name" : "bookscapm-destination-service",
    "type" : "org.cloudfoundry.managed-service",
    "properties" : { },
    "parameters" : {
      "service-name" : "bookscapm-destination-service",
      "service-plan" : "lite",
      "type" : "managed-service",
      "config" : {
        "HTML5Runtime_enabled" : true,
        "init_data" : {
          "instance" : {
            "destinations" : [ {
              "Authentication" : "********",
              "Name" : "ui5",
              "ProxyType" : "Internet",
              "Type" : "HTTP",
              "URL" : "https://ui5.sap.com"
            }, {
              "Authentication" : "********",
              "HTML5.DynamicDestination" : true,
              "HTML5.ForwardAuthToken" : "********",
              "Name" : "srv-api",
              "ProxyType" : "Internet",
              "Type" : "HTTP",
              "URL" : "~{srv-api/srv-url}"
            } ],
            "existing_destinations_policy" : "update"
          }
        },
        "version" : "1.0.0"
      },
      "service" : "destination"
    },
    "isActive" : true,
    "isOptional" : false,
    "propertiesMetadata" : {
      "metadata" : { }
    },
    "parametersMetadata" : {
      "metadata" : { }
    },
    "requiredDependencies" : [ {
      "majorSchemaVersion" : 3,
      "name" : "srv-api",
      "properties" : { },
      "parameters" : { },
      "propertiesMetadata" : {
        "metadata" : { }
      },
      "parametersMetadata" : {
        "metadata" : { }
      }
    } ],
    "processedAfter" : [ ]
  }, {
    "majorSchemaVersion" : 3,
    "name" : "bookscapm_html_repo_host",
    "type" : "org.cloudfoundry.managed-service",
    "properties" : { },
    "parameters" : {
      "service-name" : "bookscapm-html5-app-host-service",
      "service-plan" : "app-host",
      "type" : "managed-service",
      "service" : "html5-apps-repo"
    },
    "isActive" : true,
    "isOptional" : false,
    "propertiesMetadata" : {
      "metadata" : { }
    },
    "parametersMetadata" : {
      "metadata" : { }
    },
    "requiredDependencies" : [ ],
    "processedAfter" : [ ]
  }, {
    "majorSchemaVersion" : 3,
    "name" : "uaa_bookscapm",
    "type" : "org.cloudfoundry.managed-service",
    "properties" : { },
    "parameters" : {
      "path" : "./xs-security.json",
      "service-name" : "bookscapm-xsuaa-service",
      "service-plan" : "application",
      "type" : "managed-service",
      "service" : "xsuaa"
    },
    "isActive" : true,
    "isOptional" : false,
    "propertiesMetadata" : {
      "metadata" : { }
    },
    "parametersMetadata" : {
      "metadata" : { }
    },
    "requiredDependencies" : [ ],
    "processedAfter" : [ ]
  } ],
  "parameters" : {
    "enable-parallel-deployments" : true,
    "deploy_mode" : "html5-repo"
  },
  "parametersMetadata" : {
    "metadata" : { }
  }
}#
#2026 05 21 20:09:33.483#Z#DEBUG#fb7aa7c6-5550-11f1-be9f-eeee0a80e2d9.OPERATION#flowable-async-job-executor-thread-6495#
[MergeDescriptorsStep] Descriptors validated and merged#
#2026 05 21 20:09:33.483#Z#DEBUG#fb7aa7c6-5550-11f1-be9f-eeee0a80e2d9.OPERATION#flowable-async-job-executor-thread-6495#
Step "Merge Descriptors" finished#
#2026 05 21 20:09:33.521#Z#DEBUG#fb7aa7c6-5550-11f1-be9f-eeee0a80e2d9.OPERATION#flowable-async-job-executor-thread-6496#
[DetectDeployedMtaStep] Executing task "detectDeployedMtaTask" of process "fb7aa7ec-5550-11f1-be9f-eeee0a80e2d9"...#
#2026 05 21 20:09:33.522#Z#DEBUG#fb7aa7c6-5550-11f1-be9f-eeee0a80e2d9.OPERATION#flowable-async-job-executor-thread-6496#
[DetectDeployedMtaStep] Detecting deployed MTA...#
#2026 05 21 20:09:33.523#Z#DEBUG#fb7aa7c6-5550-11f1-be9f-eeee0a80e2d9.OPERATION#flowable-async-job-executor-thread-6496#
[DetectDeployedMtaStep] Detecting MTA by id bookscapm and namespace null#
#2026 05 21 20:09:33.523#Z#DEBUG#fb7aa7c6-5550-11f1-be9f-eeee0a80e2d9.OPERATION#flowable-async-job-executor-thread-6496#
[DetectDeployedMtaStep] Getting applications by metadata label selector "mta_id=ae3834d4d96122b7278fff014e221e64,!mta_namespace"...#
#2026 05 21 20:09:33.560#Z#DEBUG#fb7aa7c6-5550-11f1-be9f-eeee0a80e2d9.OPERATION#flowable-async-job-executor-thread-6496#
[DetectDeployedMtaStep] Getting service instances by metadata label selector "mta_id=ae3834d4d96122b7278fff014e221e64,!mta_namespace"...#
#2026 05 21 20:09:33.737#Z#DEBUG#fb7aa7c6-5550-11f1-be9f-eeee0a80e2d9.OPERATION#flowable-async-job-executor-thread-6496#
[DetectDeployedMtaStep] Deployed MTA: {
  "metadata" : {
    "id" : "bookscapm",
    "version" : "1.0.0"
  },
  "applications" : [ ],
  "services" : [ {
    "name" : "bookscapm-destination-service",
    "metadata" : {
      "guid" : "4c0edff4-ec8e-489b-9b93-1863c000ff09",
      "createdAt" : [ 2026, 5, 21, 19, 57, 50 ],
      "updatedAt" : [ 2026, 5, 21, 19, 57, 53 ]
    },
    "v3Metadata" : {
      "annotations" : {
        "mta_id" : "bookscapm",
        "mta_version" : "1.0.0",
        "mta_resource" : "{\"name\":\"bookscapm-destination-service\"}"
      },
      "labels" : {
        "mta_id" : "ae3834d4d96122b7278fff014e221e64"
      }
    },
    "label" : "destination",
    "plan" : "lite",
    "credentials" : "********",
    "tags" : [ ],
    "type" : "managed",
    "lastOperation" : {
      "type" : "CREATE",
      "description" : "",
      "state" : "SUCCEEDED"
    },
    "resourceName" : "bookscapm-destination-service"
  }, {
    "name" : "bookscapm-db",
    "metadata" : {
      "guid" : "b2f93d59-c13e-49bf-8dac-2b9e6dbbf03c",
      "createdAt" : [ 2026, 5, 21, 19, 57, 51 ],
      "updatedAt" : [ 2026, 5, 21, 19, 57, 51 ]
    },
    "v3Metadata" : {
      "annotations" : {
        "mta_id" : "bookscapm",
        "mta_version" : "1.0.0",
        "mta_resource" : "{\"name\":\"bookscapm-db\"}"
      },
      "labels" : {
        "mta_id" : "ae3834d4d96122b7278fff014e221e64"
      }
    },
    "label" : "hana",
    "plan" : "hdi-shared",
    "credentials" : "********",
    "tags" : [ ],
    "type" : "managed",
    "lastOperation" : {
      "type" : "CREATE",
      "state" : "SUCCEEDED"
    },
    "resourceName" : "bookscapm-db"
  }, {
    "name" : "bookscapm-html5-app-host-service",
    "metadata" : {
      "guid" : "2379b2d6-90e8-44b7-bc62-a5762b0590ab",
      "createdAt" : [ 2026, 5, 21, 19, 57, 51 ],
      "updatedAt" : [ 2026, 5, 21, 19, 57, 51 ]
    },
    "v3Metadata" : {
      "annotations" : {
        "mta_id" : "bookscapm",
        "mta_version" : "1.0.0",
        "mta_resource" : "{\"name\":\"bookscapm_html_repo_host\"}"
      },
      "labels" : {
        "mta_id" : "ae3834d4d96122b7278fff014e221e64"
      }
    },
    "label" : "html5-apps-repo",
    "plan" : "app-host",
    "credentials" : "********",
    "tags" : [ ],
    "type" : "managed",
    "lastOperation" : {
      "type" : "CREATE",
      "description" : "",
      "state" : "SUCCEEDED"
    },
    "resourceName" : "bookscapm_html_repo_host"
  }, {
    "name" : "bookscapm-xsuaa-service",
    "metadata" : {
      "guid" : "19440028-2121-4c6c-b214-4cfae1cd4615",
      "createdAt" : [ 2026, 5, 21, 19, 57, 51 ],
      "updatedAt" : [ 2026, 5, 21, 19, 57, 51 ]
    },
    "v3Metadata" : {
      "annotations" : {
        "mta_id" : "bookscapm",
        "mta_version" : "1.0.0",
        "mta_resource" : "{\"name\":\"uaa_bookscapm\"}"
      },
      "labels" : {
        "mta_id" : "ae3834d4d96122b7278fff014e221e64"
      }
    },
    "label" : "xsuaa",
    "plan" : "application",
    "credentials" : "********",
    "tags" : [ ],
    "type" : "managed",
    "lastOperation" : {
      "type" : "CREATE",
      "description" : "",
      "state" : "SUCCEEDED"
    },
    "resourceName" : "uaa_bookscapm"
  } ]
}#
#2026 05 21 20:09:33.737#Z#INFO#fb7aa7c6-5550-11f1-be9f-eeee0a80e2d9.OPERATION#flowable-async-job-executor-thread-6496#
[DetectDeployedMtaStep] Detected deployed MTA with ID "bookscapm" and version "1.0.0"#
#2026 05 21 20:09:33.742#Z#DEBUG#fb7aa7c6-5550-11f1-be9f-eeee0a80e2d9.OPERATION#flowable-async-job-executor-thread-6496#
[DetectDeployedMtaStep] Detecting backup mta by id "bookscapm" and namespace "null"#
#2026 05 21 20:09:33.743#Z#DEBUG#fb7aa7c6-5550-11f1-be9f-eeee0a80e2d9.OPERATION#flowable-async-job-executor-thread-6496#
[DetectDeployedMtaStep] Getting applications by metadata label selector "mta_id=ae3834d4d96122b7278fff014e221e64,mta_namespace=b698114a0995e936895b9598a6c19a2c"...#
#2026 05 21 20:09:33.785#Z#DEBUG#fb7aa7c6-5550-11f1-be9f-eeee0a80e2d9.OPERATION#flowable-async-job-executor-thread-6496#
[DetectDeployedMtaStep] Getting service instances by metadata label selector "mta_id=ae3834d4d96122b7278fff014e221e64,mta_namespace=b698114a0995e936895b9598a6c19a2c"...#
#2026 05 21 20:09:33.863#Z#DEBUG#fb7aa7c6-5550-11f1-be9f-eeee0a80e2d9.OPERATION#flowable-async-job-executor-thread-6496#
[DetectDeployedMtaStep] Deployed MTA service keys: [ {
  "name" : "********",
  "metadata" : {
    "guid" : "3a801e20-882e-4b57-abb9-c48964adaca6",
    "createdAt" : [ 2026, 5, 21, 19, 58, 15 ],
    "updatedAt" : [ 2026, 5, 21, 19, 58, 15 ]
  },
  "v3Metadata" : {
    "annotations" : {
      "mta_id" : "bookscapm",
      "mta_version" : "1.0.0"
    },
    "labels" : {
      "mta_id" : "ae3834d4d96122b7278fff014e221e64",
      "space_guid" : "b60fe882-3fd1-4122-b7fc-833334cb72da"
    }
  },
  "serviceInstance" : {
    "name" : "bookscapm-xsuaa-service",
    "metadata" : {
      "guid" : "19440028-2121-4c6c-b214-4cfae1cd4615",
      "createdAt" : [ 2026, 5, 21, 19, 57, 51 ],
      "updatedAt" : [ 2026, 5, 21, 19, 57, 51 ]
    },
    "v3Metadata" : {
      "annotations" : {
        "mta_id" : "bookscapm",
        "mta_version" : "1.0.0",
        "mta_resource" : "{\"name\":\"uaa_bookscapm\"}"
      },
      "labels" : {
        "mta_id" : "ae3834d4d96122b7278fff014e221e64"
      }
    },
    "credentials" : "********",
    "tags" : [ ],
    "type" : "managed"
  }
}, {
  "name" : "********",
  "metadata" : {
    "guid" : "2411e130-c3e1-4e62-a315-4a674041119a",
    "createdAt" : [ 2026, 5, 21, 19, 58, 15 ],
    "updatedAt" : [ 2026, 5, 21, 19, 58, 16 ]
  },
  "v3Metadata" : {
    "annotations" : {
      "mta_id" : "bookscapm",
      "mta_version" : "1.0.0"
    },
    "labels" : {
      "mta_id" : "ae3834d4d96122b7278fff014e221e64",
      "space_guid" : "b60fe882-3fd1-4122-b7fc-833334cb72da"
    }
  },
  "serviceInstance" : {
    "name" : "bookscapm-html5-app-host-service",
    "metadata" : {
      "guid" : "2379b2d6-90e8-44b7-bc62-a5762b0590ab",
      "createdAt" : [ 2026, 5, 21, 19, 57, 51 ],
      "updatedAt" : [ 2026, 5, 21, 19, 57, 51 ]
    },
    "v3Metadata" : {
      "annotations" : {
        "mta_id" : "bookscapm",
        "mta_version" : "1.0.0",
        "mta_resource" : "{\"name\":\"bookscapm_html_repo_host\"}"
      },
      "labels" : {
        "mta_id" : "ae3834d4d96122b7278fff014e221e64"
      }
    },
    "credentials" : "********",
    "tags" : [ ],
    "type" : "managed"
  }
}, {
  "name" : "********",
  "metadata" : {
    "guid" : "906bcd31-89ed-4dbb-9f7c-4f8730a9d568",
    "createdAt" : [ 2026, 5, 21, 19, 58, 15 ],
    "updatedAt" : [ 2026, 5, 21, 19, 58, 16 ]
  },
  "v3Metadata" : {
    "annotations" : {
      "mta_id" : "bookscapm",
      "mta_version" : "1.0.0"
    },
    "labels" : {
      "mta_id" : "ae3834d4d96122b7278fff014e221e64",
      "space_guid" : "b60fe882-3fd1-4122-b7fc-833334cb72da"
    }
  },
  "serviceInstance" : {
    "name" : "bookscapm-destination-service",
    "metadata" : {
      "guid" : "4c0edff4-ec8e-489b-9b93-1863c000ff09",
      "createdAt" : [ 2026, 5, 21, 19, 57, 50 ],
      "updatedAt" : [ 2026, 5, 21, 19, 57, 53 ]
    },
    "v3Metadata" : {
      "annotations" : {
        "mta_id" : "bookscapm",
        "mta_version" : "1.0.0",
        "mta_resource" : "{\"name\":\"bookscapm-destination-service\"}"
      },
      "labels" : {
        "mta_id" : "ae3834d4d96122b7278fff014e221e64"
      }
    },
    "credentials" : "********",
    "tags" : [ ],
    "type" : "managed"
  }
}, {
  "name" : "********",
  "metadata" : {
    "guid" : "151442e9-482f-4a0b-ace0-af4c7bf2ecfb",
    "createdAt" : [ 2026, 5, 21, 19, 58, 15 ],
    "updatedAt" : [ 2026, 5, 21, 19, 58, 16 ]
  },
  "v3Metadata" : {
    "annotations" : {
      "mta_id" : "bookscapm",
      "mta_version" : "1.0.0"
    },
    "labels" : {
      "mta_id" : "ae3834d4d96122b7278fff014e221e64",
      "space_guid" : "b60fe882-3fd1-4122-b7fc-833334cb72da"
    }
  },
  "serviceInstance" : {
    "name" : "bookscapm-html5-app-host-service",
    "metadata" : {
      "guid" : "2379b2d6-90e8-44b7-bc62-a5762b0590ab",
      "createdAt" : [ 2026, 5, 21, 19, 57, 51 ],
      "updatedAt" : [ 2026, 5, 21, 19, 57, 51 ]
    },
    "v3Metadata" : {
      "annotations" : {
        "mta_id" : "bookscapm",
        "mta_version" : "1.0.0",
        "mta_resource" : "{\"name\":\"bookscapm_html_repo_host\"}"
      },
      "labels" : {
        "mta_id" : "ae3834d4d96122b7278fff014e221e64"
      }
    },
    "credentials" : "********",
    "tags" : [ ],
    "type" : "managed"
  }
} ]#
#2026 05 21 20:09:33.863#Z#DEBUG#fb7aa7c6-5550-11f1-be9f-eeee0a80e2d9.OPERATION#flowable-async-job-executor-thread-6496#
Step "Detect Deployed MTA" finished#
#2026 05 21 20:09:33.903#Z#DEBUG#fb7aa7c6-5550-11f1-be9f-eeee0a80e2d9.OPERATION#flowable-async-job-executor-thread-6497#
[XS2CollectSystemParametersStep] Executing task "collectSystemParametersTask" of process "fb7aa7ec-5550-11f1-be9f-eeee0a80e2d9"...#
#2026 05 21 20:09:33.904#Z#DEBUG#fb7aa7c6-5550-11f1-be9f-eeee0a80e2d9.OPERATION#flowable-async-job-executor-thread-6497#
[XS2CollectSystemParametersStep] Collecting system parameters...#
#2026 05 21 20:09:33.904#Z#DEBUG#fb7aa7c6-5550-11f1-be9f-eeee0a80e2d9.OPERATION#flowable-async-job-executor-thread-6497#
[XS2CollectSystemParametersStep] Getting default domain...#
#2026 05 21 20:09:33.937#Z#DEBUG#fb7aa7c6-5550-11f1-be9f-eeee0a80e2d9.OPERATION#flowable-async-job-executor-thread-6497#
[XS2CollectSystemParametersStep] Default domain: cfapps.us10-001.hana.ondemand.com#
#2026 05 21 20:09:33.938#Z#DEBUG#fb7aa7c6-5550-11f1-be9f-eeee0a80e2d9.OPERATION#flowable-async-job-executor-thread-6497#
[XS2CollectSystemParametersStep] Checking for overwriting read-only parameters for mta with id: "bookscapm"#
#2026 05 21 20:09:33.938#Z#DEBUG#fb7aa7c6-5550-11f1-be9f-eeee0a80e2d9.OPERATION#flowable-async-job-executor-thread-6497#
[XS2CollectSystemParametersStep] No read-only parameters are overwritten#
#2026 05 21 20:09:33.953#Z#DEBUG#fb7aa7c6-5550-11f1-be9f-eeee0a80e2d9.OPERATION#flowable-async-job-executor-thread-6497#
[XS2CollectSystemParametersStep] Descriptor with system parameters: {
  "majorSchemaVersion" : 3,
  "schemaVersion" : "3.3.0",
  "id" : "bookscapm",
  "version" : "1.0.0",
  "modules" : [ {
    "majorSchemaVersion" : 3,
    "name" : "bookscapm-srv",
    "type" : "javascript.nodejs",
    "path" : "bookscapm-srv",
    "properties" : { },
    "parameters" : {
      "default-url" : "${protocol}://${default-uri}",
      "default-app-name" : "bookscapm-srv",
      "generated-password" : "********",
      "default-live-url" : "${protocol}://${default-live-uri}",
      "default-uri" : "${host}.${domain}",
      "default-instances" : 1,
      "default-live-host" : "28d7c084trial-dev-bookscapm-srv",
      "instances" : 1,
      "buildpack" : "nodejs_buildpack",
      "default-host" : "28d7c084trial-dev-bookscapm-srv",
      "app-name" : "${default-app-name}",
      "default-live-uri" : "28d7c084trial-dev-bookscapm-srv.${domain}",
      "protocol" : "https",
      "default-live-app-name" : "bookscapm-srv",
      "default-live-domain" : "cfapps.us10-001.hana.ondemand.com",
      "domain" : "${default-domain}",
      "host" : "${default-host}",
      "generated-user" : "********"
    },
    "requiredDependencies" : [ {
      "majorSchemaVersion" : 3,
      "name" : "bookscapm-db",
      "properties" : { },
      "parameters" : { },
      "propertiesMetadata" : {
        "metadata" : { }
      },
      "parametersMetadata" : {
        "metadata" : { }
      }
    }, {
      "majorSchemaVersion" : 3,
      "name" : "uaa_bookscapm",
      "properties" : { },
      "parameters" : { },
      "propertiesMetadata" : {
        "metadata" : { }
      },
      "parametersMetadata" : {
        "metadata" : { }
      }
    } ],
    "providedDependencies" : [ {
      "majorSchemaVersion" : 3,
      "name" : "srv-api",
      "isPublic" : false,
      "properties" : {
        "srv-url" : "${default-url}"
      },
      "parameters" : { },
      "propertiesMetadata" : {
        "metadata" : { }
      },
      "parametersMetadata" : {
        "metadata" : { }
      }
    }, {
      "majorSchemaVersion" : 3,
      "name" : "bookscapm-srv",
      "isPublic" : false,
      "properties" : { },
      "parameters" : { },
      "propertiesMetadata" : {
        "metadata" : { }
      },
      "parametersMetadata" : {
        "metadata" : { }
      }
    } ],
    "propertiesMetadata" : {
      "metadata" : { }
    },
    "parametersMetadata" : {
      "metadata" : { }
    },
    "hooks" : [ ]
  }, {
    "majorSchemaVersion" : 3,
    "name" : "bookscapm-db-deployer",
    "type" : "com.sap.xs.hdi",
    "path" : "bookscapm-db-deployer",
    "properties" : {
      "EXIT" : 1
    },
    "parameters" : {
      "default-url" : "${protocol}://${default-uri}",
      "default-app-name" : "bookscapm-db-deployer",
      "generated-password" : "********",
      "default-live-url" : "${protocol}://${default-live-uri}",
      "default-uri" : "${host}.${domain}",
      "memory" : "256M",
      "default-instances" : 1,
      "no-route" : true,
      "default-live-host" : "28d7c084trial-dev-bookscapm-db-deployer",
      "instances" : "${default-instances}",
      "buildpack" : "nodejs_buildpack",
      "default-host" : "28d7c084trial-dev-bookscapm-db-deployer",
      "app-name" : "${default-app-name}",
      "default-live-uri" : "28d7c084trial-dev-bookscapm-db-deployer.${domain}",
      "protocol" : "https",
      "default-live-app-name" : "bookscapm-db-deployer",
      "default-live-domain" : "cfapps.us10-001.hana.ondemand.com",
      "dependency-type" : "hard",
      "domain" : "${default-domain}",
      "host" : "${default-host}",
      "generated-user" : "********",
      "tasks" : [ {
        "name" : "deploy",
        "memory" : "256M",
        "command" : "npm start"
      } ],
      "no-start" : true
    },
    "requiredDependencies" : [ {
      "majorSchemaVersion" : 3,
      "name" : "bookscapm-db",
      "properties" : { },
      "parameters" : { },
      "propertiesMetadata" : {
        "metadata" : { }
      },
      "parametersMetadata" : {
        "metadata" : { }
      }
    } ],
    "providedDependencies" : [ {
      "majorSchemaVersion" : 3,
      "name" : "bookscapm-db-deployer",
      "isPublic" : false,
      "properties" : { },
      "parameters" : { },
      "propertiesMetadata" : {
        "metadata" : { }
      },
      "parametersMetadata" : {
        "metadata" : { }
      }
    } ],
    "propertiesMetadata" : {
      "metadata" : { }
    },
    "parametersMetadata" : {
      "metadata" : { }
    },
    "hooks" : [ ]
  }, {
    "majorSchemaVersion" : 3,
    "name" : "bookscapm-destination-content",
    "type" : "com.sap.application.content",
    "properties" : { },
    "parameters" : {
      "default-url" : "${protocol}://${default-uri}",
      "default-app-name" : "bookscapm-destination-content",
      "generated-password" : "********",
      "default-live-url" : "${protocol}://${default-live-uri}",
      "default-uri" : "${host}.${domain}",
      "default-instances" : 1,
      "default-live-host" : "28d7c084trial-dev-bookscapm-destination-content",
      "instances" : "${default-instances}",
      "default-host" : "28d7c084trial-dev-bookscapm-destination-content",
      "content" : {
        "instance" : {
          "destinations" : [ {
            "Name" : "bookscapmapprouter_bookscapm_html_repo_host",
            "ServiceInstanceName" : "bookscapm-html5-app-host-service",
            "ServiceKeyName" : "********",
            "sap.cloud.service" : "bookscapmapprouter"
          }, {
            "Authentication" : "********",
            "Name" : "bookscapmapprouter_uaa_bookscapm",
            "ServiceInstanceName" : "bookscapm-xsuaa-service",
            "ServiceKeyName" : "********",
            "sap.cloud.service" : "bookscapmapprouter"
          } ],
          "existing_destinations_policy" : "ignore"
        }
      },
      "app-name" : "${default-app-name}",
      "default-live-uri" : "28d7c084trial-dev-bookscapm-destination-content.${domain}",
      "protocol" : "https",
      "default-live-app-name" : "bookscapm-destination-content",
      "default-live-domain" : "cfapps.us10-001.hana.ondemand.com",
      "domain" : "${default-domain}",
      "host" : "${default-host}",
      "generated-user" : "********"
    },
    "requiredDependencies" : [ {
      "majorSchemaVersion" : 3,
      "name" : "bookscapm-destination-service",
      "properties" : { },
      "parameters" : {
        "content-target" : true
      },
      "propertiesMetadata" : {
        "metadata" : { }
      },
      "parametersMetadata" : {
        "metadata" : { }
      }
    }, {
      "majorSchemaVersion" : 3,
      "name" : "bookscapm_html_repo_host",
      "properties" : { },
      "parameters" : {
        "service-key" : "********"
      },
      "propertiesMetadata" : {
        "metadata" : { }
      },
      "parametersMetadata" : {
        "metadata" : { }
      }
    }, {
      "majorSchemaVersion" : 3,
      "name" : "uaa_bookscapm",
      "properties" : { },
      "parameters" : {
        "service-key" : "********"
      },
      "propertiesMetadata" : {
        "metadata" : { }
      },
      "parametersMetadata" : {
        "metadata" : { }
      }
    } ],
    "providedDependencies" : [ {
      "majorSchemaVersion" : 3,
      "name" : "bookscapm-destination-content",
      "isPublic" : false,
      "properties" : { },
      "parameters" : { },
      "propertiesMetadata" : {
        "metadata" : { }
      },
      "parametersMetadata" : {
        "metadata" : { }
      }
    } ],
    "propertiesMetadata" : {
      "metadata" : { }
    },
    "parametersMetadata" : {
      "metadata" : { }
    },
    "hooks" : [ ]
  }, {
    "majorSchemaVersion" : 3,
    "name" : "bookscapm-app-content",
    "type" : "com.sap.application.content",
    "path" : "bookscapm-app-content",
    "properties" : { },
    "parameters" : {
      "default-url" : "${protocol}://${default-uri}",
      "default-app-name" : "bookscapm-app-content",
      "generated-password" : "********",
      "default-live-url" : "${protocol}://${default-live-uri}",
      "default-uri" : "${host}.${domain}",
      "default-instances" : 1,
      "default-live-host" : "28d7c084trial-dev-bookscapm-app-content",
      "instances" : "${default-instances}",
      "default-host" : "28d7c084trial-dev-bookscapm-app-content",
      "app-name" : "${default-app-name}",
      "default-live-uri" : "28d7c084trial-dev-bookscapm-app-content.${domain}",
      "protocol" : "https",
      "default-live-app-name" : "bookscapm-app-content",
      "default-live-domain" : "cfapps.us10-001.hana.ondemand.com",
      "domain" : "${default-domain}",
      "host" : "${default-host}",
      "generated-user" : "********"
    },
    "requiredDependencies" : [ {
      "majorSchemaVersion" : 3,
      "name" : "bookscapm_html_repo_host",
      "properties" : { },
      "parameters" : {
        "content-target" : true
      },
      "propertiesMetadata" : {
        "metadata" : { }
      },
      "parametersMetadata" : {
        "metadata" : { }
      }
    } ],
    "providedDependencies" : [ {
      "majorSchemaVersion" : 3,
      "name" : "bookscapm-app-content",
      "isPublic" : false,
      "properties" : { },
      "parameters" : { },
      "propertiesMetadata" : {
        "metadata" : { }
      },
      "parametersMetadata" : {
        "metadata" : { }
      }
    } ],
    "propertiesMetadata" : {
      "metadata" : { }
    },
    "parametersMetadata" : {
      "metadata" : { }
    },
    "hooks" : [ ]
  } ],
  "resources" : [ {
    "majorSchemaVersion" : 3,
    "name" : "bookscapm-db",
    "type" : "com.sap.xs.hdi-container",
    "properties" : { },
    "parameters" : {
      "generated-password" : "********",
      "service-name" : "${default-service-name}",
      "service-plan" : "hdi-shared",
      "service" : "hana",
      "generated-user" : "********",
      "default-xsappname" : "bookscapm-db",
      "type" : "managed-service",
      "default-service-name" : "bookscapm-db",
      "default-container-name" : "28D7C084TRIAL_DEV_BOOKSCAPM_DB"
    },
    "isActive" : true,
    "isOptional" : false,
    "propertiesMetadata" : {
      "metadata" : { }
    },
    "parametersMetadata" : {
      "metadata" : { }
    },
    "requiredDependencies" : [ ],
    "processedAfter" : [ ]
  }, {
    "majorSchemaVersion" : 3,
    "name" : "bookscapm-destination-service",
    "type" : "org.cloudfoundry.managed-service",
    "properties" : { },
    "parameters" : {
      "generated-password" : "********",
      "service-name" : "bookscapm-destination-service",
      "service-plan" : "lite",
      "service" : "destination",
      "generated-user" : "********",
      "default-xsappname" : "bookscapm-destination-service",
      "type" : "managed-service",
      "config" : {
        "HTML5Runtime_enabled" : true,
        "init_data" : {
          "instance" : {
            "destinations" : [ {
              "Authentication" : "********",
              "Name" : "ui5",
              "ProxyType" : "Internet",
              "Type" : "HTTP",
              "URL" : "https://ui5.sap.com"
            }, {
              "Authentication" : "********",
              "HTML5.DynamicDestination" : true,
              "HTML5.ForwardAuthToken" : "********",
              "Name" : "srv-api",
              "ProxyType" : "Internet",
              "Type" : "HTTP",
              "URL" : "~{srv-api/srv-url}"
            } ],
            "existing_destinations_policy" : "update"
          }
        },
        "version" : "1.0.0"
      },
      "default-service-name" : "bookscapm-destination-service",
      "default-container-name" : "28D7C084TRIAL_DEV_BOOKSCAPM_DESTINATION_SERVICE"
    },
    "isActive" : true,
    "isOptional" : false,
    "propertiesMetadata" : {
      "metadata" : { }
    },
    "parametersMetadata" : {
      "metadata" : { }
    },
    "requiredDependencies" : [ {
      "majorSchemaVersion" : 3,
      "name" : "srv-api",
      "properties" : { },
      "parameters" : { },
      "propertiesMetadata" : {
        "metadata" : { }
      },
      "parametersMetadata" : {
        "metadata" : { }
      }
    } ],
    "processedAfter" : [ ]
  }, {
    "majorSchemaVersion" : 3,
    "name" : "bookscapm_html_repo_host",
    "type" : "org.cloudfoundry.managed-service",
    "properties" : { },
    "parameters" : {
      "generated-password" : "********",
      "service-name" : "bookscapm-html5-app-host-service",
      "service-plan" : "app-host",
      "service" : "html5-apps-repo",
      "generated-user" : "********",
      "default-xsappname" : "bookscapm_html_repo_host",
      "type" : "managed-service",
      "default-service-name" : "bookscapm_html_repo_host",
      "default-container-name" : "28D7C084TRIAL_DEV_BOOKSCAPM_HTML_REPO_HOST"
    },
    "isActive" : true,
    "isOptional" : false,
    "propertiesMetadata" : {
      "metadata" : { }
    },
    "parametersMetadata" : {
      "metadata" : { }
    },
    "requiredDependencies" : [ ],
    "processedAfter" : [ ]
  }, {
    "majorSchemaVersion" : 3,
    "name" : "uaa_bookscapm",
    "type" : "org.cloudfoundry.managed-service",
    "properties" : { },
    "parameters" : {
      "generated-password" : "********",
      "path" : "./xs-security.json",
      "service-name" : "bookscapm-xsuaa-service",
      "service-plan" : "application",
      "service" : "xsuaa",
      "generated-user" : "********",
      "default-xsappname" : "uaa_bookscapm",
      "type" : "managed-service",
      "default-service-name" : "uaa_bookscapm",
      "default-container-name" : "28D7C084TRIAL_DEV_UAA_BOOKSCAPM"
    },
    "isActive" : true,
    "isOptional" : false,
    "propertiesMetadata" : {
      "metadata" : { }
    },
    "parametersMetadata" : {
      "metadata" : { }
    },
    "requiredDependencies" : [ ],
    "processedAfter" : [ ]
  } ],
  "parameters" : {
    "deploy_mode" : "html5-repo",
    "mta-id" : "bookscapm",
    "authorization-url" : "********",
    "org-guid" : "51676b3c-3669-44ee-8d82-d188a1d10898",
    "org" : "28d7c084trial",
    "deploy-target" : "28d7c084trial dev",
    "enable-parallel-deployments" : true,
    "space" : "dev",
    "xs-api-url" : "https://api.cf.us10-001.hana.ondemand.com",
    "deploy-url" : "deploy-service.cfapps.us10-001.hana.ondemand.com",
    "xs-type" : "CF",
    "default-domain" : "cfapps.us10-001.hana.ondemand.com",
    "mta-version" : "1.0.0",
    "xs-auth-url" : "********",
    "space-guid" : "b60fe882-3fd1-4122-b7fc-833334cb72da",
    "user" : "********",
    "controller-url" : "https://api.cf.us10-001.hana.ondemand.com",
    "timestamp" : "20260521200933"
  },
  "parametersMetadata" : {
    "metadata" : { }
  }
}#
#2026 05 21 20:09:33.955#Z#DEBUG#fb7aa7c6-5550-11f1-be9f-eeee0a80e2d9.OPERATION#flowable-async-job-executor-thread-6497#
[XS2CollectSystemParametersStep] Version rule: SAME_HIGHER#
#2026 05 21 20:09:33.955#Z#INFO#fb7aa7c6-5550-11f1-be9f-eeee0a80e2d9.OPERATION#flowable-async-job-executor-thread-6497#
[XS2CollectSystemParametersStep] Detected new MTA version: "1.0.0"#
#2026 05 21 20:09:33.962#Z#INFO#fb7aa7c6-5550-11f1-be9f-eeee0a80e2d9.OPERATION#flowable-async-job-executor-thread-6497#
[XS2CollectSystemParametersStep] Deployed MTA version: "1.0.0"#
#2026 05 21 20:09:33.966#Z#DEBUG#fb7aa7c6-5550-11f1-be9f-eeee0a80e2d9.OPERATION#flowable-async-job-executor-thread-6497#
[XS2CollectSystemParametersStep] MTA accepted for deployment#
#2026 05 21 20:09:33.967#Z#DEBUG#fb7aa7c6-5550-11f1-be9f-eeee0a80e2d9.OPERATION#flowable-async-job-executor-thread-6497#
[XS2CollectSystemParametersStep] System parameters collected#
#2026 05 21 20:09:33.967#Z#DEBUG#fb7aa7c6-5550-11f1-be9f-eeee0a80e2d9.OPERATION#flowable-async-job-executor-thread-6497#
Step "Collect System Parameters" finished#
#2026 05 21 20:09:34.002#Z#DEBUG#fb7aa7c6-5550-11f1-be9f-eeee0a80e2d9.OPERATION#flowable-async-job-executor-thread-6497#
[ProcessDescriptorStep] Executing task "processDescriptorTask" of process "fb7aa7ec-5550-11f1-be9f-eeee0a80e2d9"...#
#2026 05 21 20:09:34.003#Z#DEBUG#fb7aa7c6-5550-11f1-be9f-eeee0a80e2d9.OPERATION#flowable-async-job-executor-thread-6497#
[ProcessDescriptorStep] Resolving properties and parameters in merged descriptor...#
#2026 05 21 20:09:34.007#Z#DEBUG#fb7aa7c6-5550-11f1-be9f-eeee0a80e2d9.OPERATION#flowable-async-job-executor-thread-6497#
[ProcessDescriptorStep] Subscriptions: [ ]#
#2026 05 21 20:09:34.008#Z#DEBUG#fb7aa7c6-5550-11f1-be9f-eeee0a80e2d9.OPERATION#flowable-async-job-executor-thread-6497#
[ProcessDescriptorStep] MTA modules: [bookscapm-srv, bookscapm-app-content, bookscapm-db-deployer, bookscapm-destination-content]#
#2026 05 21 20:09:34.008#Z#DEBUG#fb7aa7c6-5550-11f1-be9f-eeee0a80e2d9.OPERATION#flowable-async-job-executor-thread-6497#
[ProcessDescriptorStep] Resolved deployment descriptor: {
  "majorSchemaVersion" : 3,
  "schemaVersion" : "3.3.0",
  "id" : "bookscapm",
  "version" : "1.0.0",
  "modules" : [ {
    "majorSchemaVersion" : 3,
    "name" : "bookscapm-srv",
    "type" : "javascript.nodejs",
    "path" : "bookscapm-srv",
    "properties" : { },
    "parameters" : {
      "default-url" : "https://28d7c084trial-dev-bookscapm-srv.cfapps.us10-001.hana.ondemand.com",
      "default-app-name" : "bookscapm-srv",
      "generated-password" : "********",
      "default-live-url" : "https://28d7c084trial-dev-bookscapm-srv.cfapps.us10-001.hana.ondemand.com",
      "default-uri" : "28d7c084trial-dev-bookscapm-srv.cfapps.us10-001.hana.ondemand.com",
      "default-instances" : 1,
      "default-live-host" : "28d7c084trial-dev-bookscapm-srv",
      "instances" : 1,
      "buildpack" : "nodejs_buildpack",
      "default-host" : "28d7c084trial-dev-bookscapm-srv",
      "app-name" : "bookscapm-srv",
      "default-live-uri" : "28d7c084trial-dev-bookscapm-srv.cfapps.us10-001.hana.ondemand.com",
      "protocol" : "https",
      "default-live-app-name" : "bookscapm-srv",
      "default-live-domain" : "cfapps.us10-001.hana.ondemand.com",
      "domain" : "cfapps.us10-001.hana.ondemand.com",
      "host" : "28d7c084trial-dev-bookscapm-srv",
      "generated-user" : "********"
    },
    "requiredDependencies" : [ {
      "majorSchemaVersion" : 3,
      "name" : "bookscapm-db",
      "properties" : { },
      "parameters" : { },
      "propertiesMetadata" : {
        "metadata" : { }
      },
      "parametersMetadata" : {
        "metadata" : { }
      }
    }, {
      "majorSchemaVersion" : 3,
      "name" : "uaa_bookscapm",
      "properties" : { },
      "parameters" : { },
      "propertiesMetadata" : {
        "metadata" : { }
      },
      "parametersMetadata" : {
        "metadata" : { }
      }
    } ],
    "providedDependencies" : [ {
      "majorSchemaVersion" : 3,
      "name" : "srv-api",
      "isPublic" : false,
      "properties" : {
        "srv-url" : "https://28d7c084trial-dev-bookscapm-srv.cfapps.us10-001.hana.ondemand.com"
      },
      "parameters" : { },
      "propertiesMetadata" : {
        "metadata" : { }
      },
      "parametersMetadata" : {
        "metadata" : { }
      }
    }, {
      "majorSchemaVersion" : 3,
      "name" : "bookscapm-srv",
      "isPublic" : false,
      "properties" : { },
      "parameters" : { },
      "propertiesMetadata" : {
        "metadata" : { }
      },
      "parametersMetadata" : {
        "metadata" : { }
      }
    } ],
    "propertiesMetadata" : {
      "metadata" : { }
    },
    "parametersMetadata" : {
      "metadata" : { }
    },
    "hooks" : [ ]
  }, {
    "majorSchemaVersion" : 3,
    "name" : "bookscapm-db-deployer",
    "type" : "com.sap.xs.hdi",
    "path" : "bookscapm-db-deployer",
    "properties" : {
      "EXIT" : 1
    },
    "parameters" : {
      "default-url" : "https://28d7c084trial-dev-bookscapm-db-deployer.cfapps.us10-001.hana.ondemand.com",
      "default-app-name" : "bookscapm-db-deployer",
      "generated-password" : "********",
      "default-live-url" : "https://28d7c084trial-dev-bookscapm-db-deployer.cfapps.us10-001.hana.ondemand.com",
      "default-uri" : "28d7c084trial-dev-bookscapm-db-deployer.cfapps.us10-001.hana.ondemand.com",
      "memory" : "256M",
      "default-instances" : 1,
      "no-route" : true,
      "default-live-host" : "28d7c084trial-dev-bookscapm-db-deployer",
      "instances" : 1,
      "buildpack" : "nodejs_buildpack",
      "default-host" : "28d7c084trial-dev-bookscapm-db-deployer",
      "app-name" : "bookscapm-db-deployer",
      "default-live-uri" : "28d7c084trial-dev-bookscapm-db-deployer.cfapps.us10-001.hana.ondemand.com",
      "protocol" : "https",
      "default-live-app-name" : "bookscapm-db-deployer",
      "default-live-domain" : "cfapps.us10-001.hana.ondemand.com",
      "dependency-type" : "hard",
      "domain" : "cfapps.us10-001.hana.ondemand.com",
      "host" : "28d7c084trial-dev-bookscapm-db-deployer",
      "generated-user" : "********",
      "tasks" : [ {
        "command" : "npm start",
        "memory" : "256M",
        "name" : "deploy"
      } ],
      "no-start" : true
    },
    "requiredDependencies" : [ {
      "majorSchemaVersion" : 3,
      "name" : "bookscapm-db",
      "properties" : { },
      "parameters" : { },
      "propertiesMetadata" : {
        "metadata" : { }
      },
      "parametersMetadata" : {
        "metadata" : { }
      }
    } ],
    "providedDependencies" : [ {
      "majorSchemaVersion" : 3,
      "name" : "bookscapm-db-deployer",
      "isPublic" : false,
      "properties" : { },
      "parameters" : { },
      "propertiesMetadata" : {
        "metadata" : { }
      },
      "parametersMetadata" : {
        "metadata" : { }
      }
    } ],
    "propertiesMetadata" : {
      "metadata" : { }
    },
    "parametersMetadata" : {
      "metadata" : { }
    },
    "hooks" : [ ]
  }, {
    "majorSchemaVersion" : 3,
    "name" : "bookscapm-destination-content",
    "type" : "com.sap.application.content",
    "properties" : { },
    "parameters" : {
      "default-url" : "https://28d7c084trial-dev-bookscapm-destination-content.cfapps.us10-001.hana.ondemand.com",
      "default-app-name" : "bookscapm-destination-content",
      "generated-password" : "********",
      "default-live-url" : "https://28d7c084trial-dev-bookscapm-destination-content.cfapps.us10-001.hana.ondemand.com",
      "default-uri" : "28d7c084trial-dev-bookscapm-destination-content.cfapps.us10-001.hana.ondemand.com",
      "default-instances" : 1,
      "default-live-host" : "28d7c084trial-dev-bookscapm-destination-content",
      "instances" : 1,
      "default-host" : "28d7c084trial-dev-bookscapm-destination-content",
      "content" : {
        "instance" : {
          "destinations" : [ {
            "Name" : "bookscapmapprouter_bookscapm_html_repo_host",
            "ServiceInstanceName" : "bookscapm-html5-app-host-service",
            "ServiceKeyName" : "********",
            "sap.cloud.service" : "bookscapmapprouter"
          }, {
            "Authentication" : "********",
            "Name" : "bookscapmapprouter_uaa_bookscapm",
            "ServiceInstanceName" : "bookscapm-xsuaa-service",
            "ServiceKeyName" : "********",
            "sap.cloud.service" : "bookscapmapprouter"
          } ],
          "existing_destinations_policy" : "ignore"
        }
      },
      "app-name" : "bookscapm-destination-content",
      "default-live-uri" : "28d7c084trial-dev-bookscapm-destination-content.cfapps.us10-001.hana.ondemand.com",
      "protocol" : "https",
      "default-live-app-name" : "bookscapm-destination-content",
      "default-live-domain" : "cfapps.us10-001.hana.ondemand.com",
      "domain" : "cfapps.us10-001.hana.ondemand.com",
      "host" : "28d7c084trial-dev-bookscapm-destination-content",
      "generated-user" : "********"
    },
    "requiredDependencies" : [ {
      "majorSchemaVersion" : 3,
      "name" : "bookscapm-destination-service",
      "properties" : { },
      "parameters" : {
        "content-target" : true
      },
      "propertiesMetadata" : {
        "metadata" : { }
      },
      "parametersMetadata" : {
        "metadata" : { }
      }
    }, {
      "majorSchemaVersion" : 3,
      "name" : "bookscapm_html_repo_host",
      "properties" : { },
      "parameters" : {
        "service-key" : "********"
      },
      "propertiesMetadata" : {
        "metadata" : { }
      },
      "parametersMetadata" : {
        "metadata" : { }
      }
    }, {
      "majorSchemaVersion" : 3,
      "name" : "uaa_bookscapm",
      "properties" : { },
      "parameters" : {
        "service-key" : "********"
      },
      "propertiesMetadata" : {
        "metadata" : { }
      },
      "parametersMetadata" : {
        "metadata" : { }
      }
    } ],
    "providedDependencies" : [ {
      "majorSchemaVersion" : 3,
      "name" : "bookscapm-destination-content",
      "isPublic" : false,
      "properties" : { },
      "parameters" : { },
      "propertiesMetadata" : {
        "metadata" : { }
      },
      "parametersMetadata" : {
        "metadata" : { }
      }
    } ],
    "propertiesMetadata" : {
      "metadata" : { }
    },
    "parametersMetadata" : {
      "metadata" : { }
    },
    "hooks" : [ ]
  }, {
    "majorSchemaVersion" : 3,
    "name" : "bookscapm-app-content",
    "type" : "com.sap.application.content",
    "path" : "bookscapm-app-content",
    "properties" : { },
    "parameters" : {
      "default-url" : "https://28d7c084trial-dev-bookscapm-app-content.cfapps.us10-001.hana.ondemand.com",
      "default-app-name" : "bookscapm-app-content",
      "generated-password" : "********",
      "default-live-url" : "https://28d7c084trial-dev-bookscapm-app-content.cfapps.us10-001.hana.ondemand.com",
      "default-uri" : "28d7c084trial-dev-bookscapm-app-content.cfapps.us10-001.hana.ondemand.com",
      "default-instances" : 1,
      "default-live-host" : "28d7c084trial-dev-bookscapm-app-content",
      "instances" : 1,
      "default-host" : "28d7c084trial-dev-bookscapm-app-content",
      "app-name" : "bookscapm-app-content",
      "default-live-uri" : "28d7c084trial-dev-bookscapm-app-content.cfapps.us10-001.hana.ondemand.com",
      "protocol" : "https",
      "default-live-app-name" : "bookscapm-app-content",
      "default-live-domain" : "cfapps.us10-001.hana.ondemand.com",
      "domain" : "cfapps.us10-001.hana.ondemand.com",
      "host" : "28d7c084trial-dev-bookscapm-app-content",
      "generated-user" : "********"
    },
    "requiredDependencies" : [ {
      "majorSchemaVersion" : 3,
      "name" : "bookscapm_html_repo_host",
      "properties" : { },
      "parameters" : {
        "content-target" : true
      },
      "propertiesMetadata" : {
        "metadata" : { }
      },
      "parametersMetadata" : {
        "metadata" : { }
      }
    } ],
    "providedDependencies" : [ {
      "majorSchemaVersion" : 3,
      "name" : "bookscapm-app-content",
      "isPublic" : false,
      "properties" : { },
      "parameters" : { },
      "propertiesMetadata" : {
        "metadata" : { }
      },
      "parametersMetadata" : {
        "metadata" : { }
      }
    } ],
    "propertiesMetadata" : {
      "metadata" : { }
    },
    "parametersMetadata" : {
      "metadata" : { }
    },
    "hooks" : [ ]
  } ],
  "resources" : [ {
    "majorSchemaVersion" : 3,
    "name" : "bookscapm-db",
    "type" : "com.sap.xs.hdi-container",
    "properties" : { },
    "parameters" : {
      "generated-password" : "********",
      "service-name" : "bookscapm-db",
      "service-plan" : "hdi-shared",
      "service" : "hana",
      "generated-user" : "********",
      "default-xsappname" : "bookscapm-db",
      "type" : "managed-service",
      "default-service-name" : "bookscapm-db",
      "default-container-name" : "28D7C084TRIAL_DEV_BOOKSCAPM_DB"
    },
    "isActive" : true,
    "isOptional" : false,
    "propertiesMetadata" : {
      "metadata" : { }
    },
    "parametersMetadata" : {
      "metadata" : { }
    },
    "requiredDependencies" : [ ],
    "processedAfter" : [ ]
  }, {
    "majorSchemaVersion" : 3,
    "name" : "bookscapm-destination-service",
    "type" : "org.cloudfoundry.managed-service",
    "properties" : { },
    "parameters" : {
      "generated-password" : "********",
      "service-name" : "bookscapm-destination-service",
      "service-plan" : "lite",
      "service" : "destination",
      "generated-user" : "********",
      "default-xsappname" : "bookscapm-destination-service",
      "type" : "managed-service",
      "config" : {
        "HTML5Runtime_enabled" : true,
        "init_data" : {
          "instance" : {
            "destinations" : [ {
              "Authentication" : "********",
              "Name" : "ui5",
              "ProxyType" : "Internet",
              "Type" : "HTTP",
              "URL" : "https://ui5.sap.com"
            }, {
              "Authentication" : "********",
              "HTML5.DynamicDestination" : true,
              "HTML5.ForwardAuthToken" : "********",
              "Name" : "srv-api",
              "ProxyType" : "Internet",
              "Type" : "HTTP",
              "URL" : "https://28d7c084trial-dev-bookscapm-srv.cfapps.us10-001.hana.ondemand.com"
            } ],
            "existing_destinations_policy" : "update"
          }
        },
        "version" : "1.0.0"
      },
      "default-service-name" : "bookscapm-destination-service",
      "default-container-name" : "28D7C084TRIAL_DEV_BOOKSCAPM_DESTINATION_SERVICE"
    },
    "isActive" : true,
    "isOptional" : false,
    "propertiesMetadata" : {
      "metadata" : { }
    },
    "parametersMetadata" : {
      "metadata" : { }
    },
    "requiredDependencies" : [ {
      "majorSchemaVersion" : 3,
      "name" : "srv-api",
      "properties" : { },
      "parameters" : { },
      "propertiesMetadata" : {
        "metadata" : { }
      },
      "parametersMetadata" : {
        "metadata" : { }
      }
    } ],
    "processedAfter" : [ ]
  }, {
    "majorSchemaVersion" : 3,
    "name" : "bookscapm_html_repo_host",
    "type" : "org.cloudfoundry.managed-service",
    "properties" : { },
    "parameters" : {
      "generated-password" : "********",
      "service-name" : "bookscapm-html5-app-host-service",
      "service-plan" : "app-host",
      "service" : "html5-apps-repo",
      "generated-user" : "********",
      "default-xsappname" : "bookscapm_html_repo_host",
      "type" : "managed-service",
      "default-service-name" : "bookscapm_html_repo_host",
      "default-container-name" : "28D7C084TRIAL_DEV_BOOKSCAPM_HTML_REPO_HOST"
    },
    "isActive" : true,
    "isOptional" : false,
    "propertiesMetadata" : {
      "metadata" : { }
    },
    "parametersMetadata" : {
      "metadata" : { }
    },
    "requiredDependencies" : [ ],
    "processedAfter" : [ ]
  }, {
    "majorSchemaVersion" : 3,
    "name" : "uaa_bookscapm",
    "type" : "org.cloudfoundry.managed-service",
    "properties" : { },
    "parameters" : {
      "generated-password" : "********",
      "path" : "./xs-security.json",
      "service-name" : "bookscapm-xsuaa-service",
      "service-plan" : "application",
      "service" : "xsuaa",
      "generated-user" : "********",
      "default-xsappname" : "uaa_bookscapm",
      "type" : "managed-service",
      "default-service-name" : "uaa_bookscapm",
      "default-container-name" : "28D7C084TRIAL_DEV_UAA_BOOKSCAPM"
    },
    "isActive" : true,
    "isOptional" : false,
    "propertiesMetadata" : {
      "metadata" : { }
    },
    "parametersMetadata" : {
      "metadata" : { }
    },
    "requiredDependencies" : [ ],
    "processedAfter" : [ ]
  } ],
  "parameters" : {
    "deploy_mode" : "html5-repo",
    "mta-id" : "bookscapm",
    "authorization-url" : "********",
    "org-guid" : "51676b3c-3669-44ee-8d82-d188a1d10898",
    "org" : "28d7c084trial",
    "deploy-target" : "28d7c084trial dev",
    "enable-parallel-deployments" : true,
    "region-primary-domain" : "us10.hana.ondemand.com",
    "space" : "dev",
    "region-domain" : "us10-001.hana.ondemand.com",
    "xs-api-url" : "https://api.cf.us10-001.hana.ondemand.com",
    "deploy-url" : "deploy-service.cfapps.us10-001.hana.ondemand.com",
    "xs-type" : "CF",
    "default-domain" : "cfapps.us10-001.hana.ondemand.com",
    "mta-version" : "1.0.0",
    "xs-auth-url" : "********",
    "space-guid" : "b60fe882-3fd1-4122-b7fc-833334cb72da",
    "user" : "********",
    "controller-url" : "https://api.cf.us10-001.hana.ondemand.com",
    "timestamp" : "20260521200933"
  },
  "parametersMetadata" : {
    "metadata" : { }
  }
}#
#2026 05 21 20:09:34.008#Z#DEBUG#fb7aa7c6-5550-11f1-be9f-eeee0a80e2d9.OPERATION#flowable-async-job-executor-thread-6497#
[ProcessDescriptorStep] Merged descriptor properties and parameters resolved#
#2026 05 21 20:09:34.008#Z#DEBUG#fb7aa7c6-5550-11f1-be9f-eeee0a80e2d9.OPERATION#flowable-async-job-executor-thread-6497#
Step "Process Descriptor Step" finished#
#2026 05 21 20:09:34.045#Z#DEBUG#fb7aa7c6-5550-11f1-be9f-eeee0a80e2d9.OPERATION#flowable-async-job-executor-thread-6491#
[XS2BuildCloudDeployModelStep] Executing task "buildDeployModelTask" of process "fb7aa7ec-5550-11f1-be9f-eeee0a80e2d9"...#
#2026 05 21 20:09:34.049#Z#DEBUG#fb7aa7c6-5550-11f1-be9f-eeee0a80e2d9.OPERATION#flowable-async-job-executor-thread-6491#
[XS2BuildCloudDeployModelStep] Service keys defined for content deployment grouped by service name: {
  "uaa_bookscapm" : [ {
    "name" : "********",
    "v3Metadata" : {
      "annotations" : {
        "mta_id" : "bookscapm",
        "mta_version" : "1.0.0"
      },
      "labels" : {
        "mta_id" : "ae3834d4d96122b7278fff014e221e64",
        "space_guid" : "b60fe882-3fd1-4122-b7fc-833334cb72da"
      }
    },
    "credentials" : "********",
    "moduleName" : "bookscapm-destination-content",
    "resourceName" : "uaa_bookscapm",
    "serviceInstance" : {
      "isOptional" : false,
      "isManaged" : false,
      "name" : "bookscapm-xsuaa-service",
      "credentials" : "********",
      "tags" : [ ],
      "shouldSkipParametersUpdate" : false,
      "shouldSkipPlanUpdate" : false,
      "shouldSkipTagsUpdate" : false,
      "shouldSkipSyslogUrlUpdate" : false
    },
    "shouldDeleteServiceKeyAfterDeploy" : "********",
    "resourceType" : "org.cloudfoundry.managed-service"
  } ],
  "bookscapm-destination-service" : [ {
    "name" : "********",
    "v3Metadata" : {
      "annotations" : {
        "mta_id" : "bookscapm",
        "mta_version" : "1.0.0"
      },
      "labels" : {
        "mta_id" : "ae3834d4d96122b7278fff014e221e64",
        "space_guid" : "b60fe882-3fd1-4122-b7fc-833334cb72da"
      }
    },
    "credentials" : "********",
    "moduleName" : "bookscapm-destination-content",
    "resourceName" : "bookscapm-destination-service",
    "serviceInstance" : {
      "isOptional" : false,
      "isManaged" : false,
      "name" : "bookscapm-destination-service",
      "credentials" : "********",
      "tags" : [ ],
      "shouldSkipParametersUpdate" : false,
      "shouldSkipPlanUpdate" : false,
      "shouldSkipTagsUpdate" : false,
      "shouldSkipSyslogUrlUpdate" : false
    },
    "shouldDeleteServiceKeyAfterDeploy" : "********",
    "resourceType" : "org.cloudfoundry.managed-service"
  } ],
  "bookscapm_html_repo_host" : [ {
    "name" : "********",
    "v3Metadata" : {
      "annotations" : {
        "mta_id" : "bookscapm",
        "mta_version" : "1.0.0"
      },
      "labels" : {
        "mta_id" : "ae3834d4d96122b7278fff014e221e64",
        "space_guid" : "b60fe882-3fd1-4122-b7fc-833334cb72da"
      }
    },
    "credentials" : "********",
    "moduleName" : "bookscapm-destination-content",
    "resourceName" : "bookscapm_html_repo_host",
    "serviceInstance" : {
      "isOptional" : false,
      "isManaged" : false,
      "name" : "bookscapm-html5-app-host-service",
      "credentials" : "********",
      "tags" : [ ],
      "shouldSkipParametersUpdate" : false,
      "shouldSkipPlanUpdate" : false,
      "shouldSkipTagsUpdate" : false,
      "shouldSkipSyslogUrlUpdate" : false
    },
    "shouldDeleteServiceKeyAfterDeploy" : "********",
    "resourceType" : "org.cloudfoundry.managed-service"
  }, {
    "name" : "********",
    "v3Metadata" : {
      "annotations" : {
        "mta_id" : "bookscapm",
        "mta_version" : "1.0.0"
      },
      "labels" : {
        "mta_id" : "ae3834d4d96122b7278fff014e221e64",
        "space_guid" : "b60fe882-3fd1-4122-b7fc-833334cb72da"
      }
    },
    "credentials" : "********",
    "moduleName" : "bookscapm-app-content",
    "resourceName" : "bookscapm_html_repo_host",
    "serviceInstance" : {
      "isOptional" : false,
      "isManaged" : false,
      "name" : "bookscapm-html5-app-host-service",
      "credentials" : "********",
      "tags" : [ ],
      "shouldSkipParametersUpdate" : false,
      "shouldSkipPlanUpdate" : false,
      "shouldSkipTagsUpdate" : false,
      "shouldSkipSyslogUrlUpdate" : false
    },
    "shouldDeleteServiceKeyAfterDeploy" : "********",
    "resourceType" : "org.cloudfoundry.managed-service"
  } ]
}#
#2026 05 21 20:09:34.049#Z#DEBUG#fb7aa7c6-5550-11f1-be9f-eeee0a80e2d9.OPERATION#flowable-async-job-executor-thread-6491#
[XS2BuildCloudDeployModelStep] Building cloud deployment model...#
#2026 05 21 20:09:34.051#Z#DEBUG#fb7aa7c6-5550-11f1-be9f-eeee0a80e2d9.OPERATION#flowable-async-job-executor-thread-6491#
[XS2BuildCloudDeployModelStep] MTA archive modules: [bookscapm-srv, bookscapm-app-content, bookscapm-db-deployer]#
#2026 05 21 20:09:34.051#Z#DEBUG#fb7aa7c6-5550-11f1-be9f-eeee0a80e2d9.OPERATION#flowable-async-job-executor-thread-6491#
[XS2BuildCloudDeployModelStep] Deployed modules: []#
#2026 05 21 20:09:34.052#Z#DEBUG#fb7aa7c6-5550-11f1-be9f-eeee0a80e2d9.OPERATION#flowable-async-job-executor-thread-6491#
[XS2BuildCloudDeployModelStep] MTA modules: [bookscapm-srv, bookscapm-app-content, bookscapm-db-deployer, bookscapm-destination-content]#
#2026 05 21 20:09:34.052#Z#DEBUG#fb7aa7c6-5550-11f1-be9f-eeee0a80e2d9.OPERATION#flowable-async-job-executor-thread-6491#
[XS2BuildCloudDeployModelStep] Service keys to create: {
  "bookscapm-destination-service" : [ ],
  "uaa_bookscapm" : [ ],
  "bookscapm_html_repo_host" : [ ],
  "bookscapm-db" : [ ]
}#
#2026 05 21 20:09:34.053#Z#DEBUG#fb7aa7c6-5550-11f1-be9f-eeee0a80e2d9.OPERATION#flowable-async-job-executor-thread-6491#
[XS2BuildCloudDeployModelStep] Modules to deploy: [{
  "majorSchemaVersion" : 3,
  "name" : "bookscapm-srv",
  "type" : "javascript.nodejs",
  "path" : "bookscapm-srv",
  "properties" : { },
  "parameters" : {
    "default-url" : "https://28d7c084trial-dev-bookscapm-srv.cfapps.us10-001.hana.ondemand.com",
    "default-app-name" : "bookscapm-srv",
    "generated-password" : "********",
    "default-live-url" : "https://28d7c084trial-dev-bookscapm-srv.cfapps.us10-001.hana.ondemand.com",
    "default-uri" : "28d7c084trial-dev-bookscapm-srv.cfapps.us10-001.hana.ondemand.com",
    "default-instances" : 1,
    "default-live-host" : "28d7c084trial-dev-bookscapm-srv",
    "instances" : 1,
    "buildpack" : "nodejs_buildpack",
    "default-host" : "28d7c084trial-dev-bookscapm-srv",
    "app-name" : "bookscapm-srv",
    "default-live-uri" : "28d7c084trial-dev-bookscapm-srv.cfapps.us10-001.hana.ondemand.com",
    "protocol" : "https",
    "default-live-app-name" : "bookscapm-srv",
    "default-live-domain" : "cfapps.us10-001.hana.ondemand.com",
    "dependency-type" : "soft",
    "domain" : "cfapps.us10-001.hana.ondemand.com",
    "host" : "28d7c084trial-dev-bookscapm-srv",
    "generated-user" : "********"
  },
  "requiredDependencies" : [ {
    "majorSchemaVersion" : 3,
    "name" : "bookscapm-db",
    "properties" : { },
    "parameters" : { },
    "propertiesMetadata" : {
      "metadata" : { }
    },
    "parametersMetadata" : {
      "metadata" : { }
    }
  }, {
    "majorSchemaVersion" : 3,
    "name" : "uaa_bookscapm",
    "properties" : { },
    "parameters" : { },
    "propertiesMetadata" : {
      "metadata" : { }
    },
    "parametersMetadata" : {
      "metadata" : { }
    }
  } ],
  "providedDependencies" : [ {
    "majorSchemaVersion" : 3,
    "name" : "srv-api",
    "isPublic" : false,
    "properties" : {
      "srv-url" : "https://28d7c084trial-dev-bookscapm-srv.cfapps.us10-001.hana.ondemand.com"
    },
    "parameters" : { },
    "propertiesMetadata" : {
      "metadata" : { }
    },
    "parametersMetadata" : {
      "metadata" : { }
    }
  }, {
    "majorSchemaVersion" : 3,
    "name" : "bookscapm-srv",
    "isPublic" : false,
    "properties" : { },
    "parameters" : { },
    "propertiesMetadata" : {
      "metadata" : { }
    },
    "parametersMetadata" : {
      "metadata" : { }
    }
  } ],
  "propertiesMetadata" : {
    "metadata" : { }
  },
  "parametersMetadata" : {
    "metadata" : { }
  },
  "deployedAfter" : [ ],
  "hooks" : [ ]
}, {
  "majorSchemaVersion" : 3,
  "name" : "bookscapm-db-deployer",
  "type" : "com.sap.xs.hdi",
  "path" : "bookscapm-db-deployer",
  "properties" : {
    "EXIT" : 1
  },
  "parameters" : {
    "default-url" : "https://28d7c084trial-dev-bookscapm-db-deployer.cfapps.us10-001.hana.ondemand.com",
    "default-app-name" : "bookscapm-db-deployer",
    "generated-password" : "********",
    "default-live-url" : "https://28d7c084trial-dev-bookscapm-db-deployer.cfapps.us10-001.hana.ondemand.com",
    "default-uri" : "28d7c084trial-dev-bookscapm-db-deployer.cfapps.us10-001.hana.ondemand.com",
    "memory" : "256M",
    "default-instances" : 1,
    "no-route" : true,
    "default-live-host" : "28d7c084trial-dev-bookscapm-db-deployer",
    "instances" : 1,
    "buildpack" : "nodejs_buildpack",
    "default-host" : "28d7c084trial-dev-bookscapm-db-deployer",
    "app-name" : "bookscapm-db-deployer",
    "default-live-uri" : "28d7c084trial-dev-bookscapm-db-deployer.cfapps.us10-001.hana.ondemand.com",
    "protocol" : "https",
    "default-live-app-name" : "bookscapm-db-deployer",
    "default-live-domain" : "cfapps.us10-001.hana.ondemand.com",
    "dependency-type" : "hard",
    "domain" : "cfapps.us10-001.hana.ondemand.com",
    "host" : "28d7c084trial-dev-bookscapm-db-deployer",
    "generated-user" : "********",
    "tasks" : [ {
      "command" : "npm start",
      "memory" : "256M",
      "name" : "deploy"
    } ],
    "no-start" : true
  },
  "requiredDependencies" : [ {
    "majorSchemaVersion" : 3,
    "name" : "bookscapm-db",
    "properties" : { },
    "parameters" : { },
    "propertiesMetadata" : {
      "metadata" : { }
    },
    "parametersMetadata" : {
      "metadata" : { }
    }
  } ],
  "providedDependencies" : [ {
    "majorSchemaVersion" : 3,
    "name" : "bookscapm-db-deployer",
    "isPublic" : false,
    "properties" : { },
    "parameters" : { },
    "propertiesMetadata" : {
      "metadata" : { }
    },
    "parametersMetadata" : {
      "metadata" : { }
    }
  } ],
  "propertiesMetadata" : {
    "metadata" : { }
  },
  "parametersMetadata" : {
    "metadata" : { }
  },
  "deployedAfter" : [ ],
  "hooks" : [ ]
}, {
  "majorSchemaVersion" : 3,
  "name" : "bookscapm-destination-content",
  "type" : "com.sap.application.content",
  "properties" : { },
  "parameters" : {
    "default-url" : "https://28d7c084trial-dev-bookscapm-destination-content.cfapps.us10-001.hana.ondemand.com",
    "default-app-name" : "bookscapm-destination-content",
    "generated-password" : "********",
    "default-live-url" : "https://28d7c084trial-dev-bookscapm-destination-content.cfapps.us10-001.hana.ondemand.com",
    "default-uri" : "28d7c084trial-dev-bookscapm-destination-content.cfapps.us10-001.hana.ondemand.com",
    "default-instances" : 1,
    "default-live-host" : "28d7c084trial-dev-bookscapm-destination-content",
    "instances" : 1,
    "default-host" : "28d7c084trial-dev-bookscapm-destination-content",
    "content" : {
      "instance" : {
        "destinations" : [ {
          "Name" : "bookscapmapprouter_bookscapm_html_repo_host",
          "ServiceInstanceName" : "bookscapm-html5-app-host-service",
          "ServiceKeyName" : "********",
          "sap.cloud.service" : "bookscapmapprouter"
        }, {
          "Authentication" : "********",
          "Name" : "bookscapmapprouter_uaa_bookscapm",
          "ServiceInstanceName" : "bookscapm-xsuaa-service",
          "ServiceKeyName" : "********",
          "sap.cloud.service" : "bookscapmapprouter"
        } ],
        "existing_destinations_policy" : "ignore"
      }
    },
    "app-name" : "bookscapm-destination-content",
    "default-live-uri" : "28d7c084trial-dev-bookscapm-destination-content.cfapps.us10-001.hana.ondemand.com",
    "protocol" : "https",
    "default-live-app-name" : "bookscapm-destination-content",
    "default-live-domain" : "cfapps.us10-001.hana.ondemand.com",
    "dependency-type" : "soft",
    "domain" : "cfapps.us10-001.hana.ondemand.com",
    "host" : "28d7c084trial-dev-bookscapm-destination-content",
    "generated-user" : "********"
  },
  "requiredDependencies" : [ {
    "majorSchemaVersion" : 3,
    "name" : "bookscapm-destination-service",
    "properties" : { },
    "parameters" : {
      "content-target" : true
    },
    "propertiesMetadata" : {
      "metadata" : { }
    },
    "parametersMetadata" : {
      "metadata" : { }
    }
  }, {
    "majorSchemaVersion" : 3,
    "name" : "bookscapm_html_repo_host",
    "properties" : { },
    "parameters" : {
      "service-key" : "********"
    },
    "propertiesMetadata" : {
      "metadata" : { }
    },
    "parametersMetadata" : {
      "metadata" : { }
    }
  }, {
    "majorSchemaVersion" : 3,
    "name" : "uaa_bookscapm",
    "properties" : { },
    "parameters" : {
      "service-key" : "********"
    },
    "propertiesMetadata" : {
      "metadata" : { }
    },
    "parametersMetadata" : {
      "metadata" : { }
    }
  } ],
  "providedDependencies" : [ {
    "majorSchemaVersion" : 3,
    "name" : "bookscapm-destination-content",
    "isPublic" : false,
    "properties" : { },
    "parameters" : { },
    "propertiesMetadata" : {
      "metadata" : { }
    },
    "parametersMetadata" : {
      "metadata" : { }
    }
  } ],
  "propertiesMetadata" : {
    "metadata" : { }
  },
  "parametersMetadata" : {
    "metadata" : { }
  },
  "deployedAfter" : [ ],
  "hooks" : [ ]
}, {
  "majorSchemaVersion" : 3,
  "name" : "bookscapm-app-content",
  "type" : "com.sap.application.content",
  "path" : "bookscapm-app-content",
  "properties" : { },
  "parameters" : {
    "default-url" : "https://28d7c084trial-dev-bookscapm-app-content.cfapps.us10-001.hana.ondemand.com",
    "default-app-name" : "bookscapm-app-content",
    "generated-password" : "********",
    "default-live-url" : "https://28d7c084trial-dev-bookscapm-app-content.cfapps.us10-001.hana.ondemand.com",
    "default-uri" : "28d7c084trial-dev-bookscapm-app-content.cfapps.us10-001.hana.ondemand.com",
    "default-instances" : 1,
    "default-live-host" : "28d7c084trial-dev-bookscapm-app-content",
    "instances" : 1,
    "default-host" : "28d7c084trial-dev-bookscapm-app-content",
    "app-name" : "bookscapm-app-content",
    "default-live-uri" : "28d7c084trial-dev-bookscapm-app-content.cfapps.us10-001.hana.ondemand.com",
    "protocol" : "https",
    "default-live-app-name" : "bookscapm-app-content",
    "default-live-domain" : "cfapps.us10-001.hana.ondemand.com",
    "dependency-type" : "soft",
    "domain" : "cfapps.us10-001.hana.ondemand.com",
    "host" : "28d7c084trial-dev-bookscapm-app-content",
    "generated-user" : "********"
  },
  "requiredDependencies" : [ {
    "majorSchemaVersion" : 3,
    "name" : "bookscapm_html_repo_host",
    "properties" : { },
    "parameters" : {
      "content-target" : true
    },
    "propertiesMetadata" : {
      "metadata" : { }
    },
    "parametersMetadata" : {
      "metadata" : { }
    }
  } ],
  "providedDependencies" : [ {
    "majorSchemaVersion" : 3,
    "name" : "bookscapm-app-content",
    "isPublic" : false,
    "properties" : { },
    "parameters" : { },
    "propertiesMetadata" : {
      "metadata" : { }
    },
    "parametersMetadata" : {
      "metadata" : { }
    }
  } ],
  "propertiesMetadata" : {
    "metadata" : { }
  },
  "parametersMetadata" : {
    "metadata" : { }
  },
  "deployedAfter" : [ ],
  "hooks" : [ ]
}]#
#2026 05 21 20:09:34.054#Z#DEBUG#fb7aa7c6-5550-11f1-be9f-eeee0a80e2d9.OPERATION#flowable-async-job-executor-thread-6491#
[XS2BuildCloudDeployModelStep] Custom domains: []#
#2026 05 21 20:09:34.056#Z#DEBUG#fb7aa7c6-5550-11f1-be9f-eeee0a80e2d9.OPERATION#flowable-async-job-executor-thread-6491#
[XS2BuildCloudDeployModelStep] Calculating resource batches...#
#2026 05 21 20:09:34.056#Z#DEBUG#fb7aa7c6-5550-11f1-be9f-eeee0a80e2d9.OPERATION#flowable-async-job-executor-thread-6491#
[XS2BuildCloudDeployModelStep] Calculating resource batches completed.#
#2026 05 21 20:09:34.056#Z#DEBUG#fb7aa7c6-5550-11f1-be9f-eeee0a80e2d9.OPERATION#flowable-async-job-executor-thread-6491#
[XS2BuildCloudDeployModelStep] Cloud deployment model built#
#2026 05 21 20:09:34.056#Z#DEBUG#fb7aa7c6-5550-11f1-be9f-eeee0a80e2d9.OPERATION#flowable-async-job-executor-thread-6491#
Step "Build Deploy Model" finished#
#2026 05 21 20:09:34.096#Z#DEBUG#fb7aa7c6-5550-11f1-be9f-eeee0a80e2d9.OPERATION#flowable-async-job-executor-thread-6491#
[BuildCloudUndeployModelStep] Executing task "buildUndeployModelTask" of process "fb7aa7ec-5550-11f1-be9f-eeee0a80e2d9"...#
#2026 05 21 20:09:34.097#Z#DEBUG#fb7aa7c6-5550-11f1-be9f-eeee0a80e2d9.OPERATION#flowable-async-job-executor-thread-6491#
[BuildCloudUndeployModelStep] Building cloud undeployment model...#
#2026 05 21 20:09:34.099#Z#DEBUG#fb7aa7c6-5550-11f1-be9f-eeee0a80e2d9.OPERATION#flowable-async-job-executor-thread-6491#
[BuildCloudUndeployModelStep] Detecting service keys to delete.#
#2026 05 21 20:09:34.100#Z#DEBUG#fb7aa7c6-5550-11f1-be9f-eeee0a80e2d9.OPERATION#flowable-async-job-executor-thread-6491#
[BuildCloudUndeployModelStep] Detected deployed service keys by service "{bookscapm-html5-app-host-service=[DeployedMtaServiceKey{name=bookscapm_html_repo_host-key, metadata=CloudMetadata{guid=2411e130-c3e1-4e62-a315-4a674041119a, createdAt=2026-05-21T19:58:15, updatedAt=2026-05-21T19:58:16, url=null}, v3Metadata=Metadata{annotations={mta_id=bookscapm, mta_version=1.0.0}, labels={mta_id=ae3834d4d96122b7278fff014e221e64, space_guid=b60fe882-3fd1-4122-b7fc-833334cb72da}}, credentials=null, serviceInstance=CloudServiceInstance{name=bookscapm-html5-app-host-service, metadata=CloudMetadata{guid=2379b2d6-90e8-44b7-bc62-a5762b0590ab, createdAt=2026-05-21T19:57:51, updatedAt=2026-05-21T19:57:51, url=null}, v3Metadata=Metadata{annotations={mta_id=bookscapm, mta_version=1.0.0, mta_resource={"name":"bookscapm_html_repo_host"}}, labels={mta_id=ae3834d4d96122b7278fff014e221e64}}, label=null, plan=null, provider=null, broker=null, version=null, credentials={}, syslogDrainUrl=null, tags=[], type=managed, lastOperation=null}, serviceKeyOperation=null, resourceName=null}, DeployedMtaServiceKey{name=bookscapm-app-content-bookscapm_html_repo_host-credentials, metadata=CloudMetadata{guid=151442e9-482f-4a0b-ace0-af4c7bf2ecfb, createdAt=2026-05-21T19:58:15, updatedAt=2026-05-21T19:58:16, url=null}, v3Metadata=Metadata{annotations={mta_id=bookscapm, mta_version=1.0.0}, labels={mta_id=ae3834d4d96122b7278fff014e221e64, space_guid=b60fe882-3fd1-4122-b7fc-833334cb72da}}, credentials=null, serviceInstance=CloudServiceInstance{name=bookscapm-html5-app-host-service, metadata=CloudMetadata{guid=2379b2d6-90e8-44b7-bc62-a5762b0590ab, createdAt=2026-05-21T19:57:51, updatedAt=2026-05-21T19:57:51, url=null}, v3Metadata=Metadata{annotations={mta_id=bookscapm, mta_version=1.0.0, mta_resource={"name":"bookscapm_html_repo_host"}}, labels={mta_id=ae3834d4d96122b7278fff014e221e64}}, label=null, plan=null, provider=null, broker=null, version=null, credentials={}, syslogDrainUrl=null, tags=[], type=managed, lastOperation=null}, serviceKeyOperation=null, resourceName=null}], bookscapm-destination-service=[DeployedMtaServiceKey{name=bookscapm-destination-content-bookscapm-destination-service-credentials, metadata=CloudMetadata{guid=906bcd31-89ed-4dbb-9f7c-4f8730a9d568, createdAt=2026-05-21T19:58:15, updatedAt=2026-05-21T19:58:16, url=null}, v3Metadata=Metadata{annotations={mta_id=bookscapm, mta_version=1.0.0}, labels={mta_id=ae3834d4d96122b7278fff014e221e64, space_guid=b60fe882-3fd1-4122-b7fc-833334cb72da}}, credentials=null, serviceInstance=CloudServiceInstance{name=bookscapm-destination-service, metadata=CloudMetadata{guid=4c0edff4-ec8e-489b-9b93-1863c000ff09, createdAt=2026-05-21T19:57:50, updatedAt=2026-05-21T19:57:53, url=null}, v3Metadata=Metadata{annotations={mta_id=bookscapm, mta_version=1.0.0, mta_resource={"name":"bookscapm-destination-service"}}, labels={mta_id=ae3834d4d96122b7278fff014e221e64}}, label=null, plan=null, provider=null, broker=null, version=null, credentials={}, syslogDrainUrl=null, tags=[], type=managed, lastOperation=null}, serviceKeyOperation=null, resourceName=null}], bookscapm-xsuaa-service=[DeployedMtaServiceKey{name=uaa_bookscapm-key, metadata=CloudMetadata{guid=3a801e20-882e-4b57-abb9-c48964adaca6, createdAt=2026-05-21T19:58:15, updatedAt=2026-05-21T19:58:15, url=null}, v3Metadata=Metadata{annotations={mta_id=bookscapm, mta_version=1.0.0}, labels={mta_id=ae3834d4d96122b7278fff014e221e64, space_guid=b60fe882-3fd1-4122-b7fc-833334cb72da}}, credentials=null, serviceInstance=CloudServiceInstance{name=bookscapm-xsuaa-service, metadata=CloudMetadata{guid=19440028-2121-4c6c-b214-4cfae1cd4615, createdAt=2026-05-21T19:57:51, updatedAt=2026-05-21T19:57:51, url=null}, v3Metadata=Metadata{annotations={mta_id=bookscapm, mta_version=1.0.0, mta_resource={"name":"uaa_bookscapm"}}, labels={mta_id=ae3834d4d96122b7278fff014e221e64}}, label=null, plan=null, provider=null, broker=null, version=null, credentials={}, syslogDrainUrl=null, tags=[], type=managed, lastOperation=null}, serviceKeyOperation=null, resourceName=null}]}"#
#2026 05 21 20:09:34.102#Z#DEBUG#fb7aa7c6-5550-11f1-be9f-eeee0a80e2d9.OPERATION#flowable-async-job-executor-thread-6491#
[BuildCloudUndeployModelStep] New service keys by service "{bookscapm-html5-app-host-service=[bookscapm_html_repo_host-key, bookscapm-app-content-bookscapm_html_repo_host-credentials], bookscapm-destination-service=[bookscapm-destination-content-bookscapm-destination-service-credentials], bookscapm-xsuaa-service=[uaa_bookscapm-key]}"#
#2026 05 21 20:09:34.104#Z#DEBUG#fb7aa7c6-5550-11f1-be9f-eeee0a80e2d9.OPERATION#flowable-async-job-executor-thread-6491#
[BuildCloudUndeployModelStep] Existing service keys by service "{}"#
#2026 05 21 20:09:34.104#Z#DEBUG#fb7aa7c6-5550-11f1-be9f-eeee0a80e2d9.OPERATION#flowable-async-job-executor-thread-6491#
[BuildCloudUndeployModelStep] Detected service keys to delete "[]"#
#2026 05 21 20:09:34.108#Z#DEBUG#fb7aa7c6-5550-11f1-be9f-eeee0a80e2d9.OPERATION#flowable-async-job-executor-thread-6491#
[BuildCloudUndeployModelStep] MTA modules: [bookscapm-srv, bookscapm-app-content, bookscapm-db-deployer, bookscapm-destination-content]#
#2026 05 21 20:09:34.108#Z#DEBUG#fb7aa7c6-5550-11f1-be9f-eeee0a80e2d9.OPERATION#flowable-async-job-executor-thread-6491#
[BuildCloudUndeployModelStep] Modules to undeploy: [ ]#
#2026 05 21 20:09:34.108#Z#DEBUG#fb7aa7c6-5550-11f1-be9f-eeee0a80e2d9.OPERATION#flowable-async-job-executor-thread-6491#
[BuildCloudUndeployModelStep] Modules that won't be changed: [ ]#
#2026 05 21 20:09:34.109#Z#DEBUG#fb7aa7c6-5550-11f1-be9f-eeee0a80e2d9.OPERATION#flowable-async-job-executor-thread-6491#
[BuildCloudUndeployModelStep] Subscriptions to delete: [ ]#
#2026 05 21 20:09:34.111#Z#DEBUG#fb7aa7c6-5550-11f1-be9f-eeee0a80e2d9.OPERATION#flowable-async-job-executor-thread-6491#
[BuildCloudUndeployModelStep] Cloud services to delete: []#
#2026 05 21 20:09:34.111#Z#DEBUG#fb7aa7c6-5550-11f1-be9f-eeee0a80e2d9.OPERATION#flowable-async-job-executor-thread-6491#
[BuildCloudUndeployModelStep] Cloud applications to undeploy: [ ]#
#2026 05 21 20:09:34.114#Z#DEBUG#fb7aa7c6-5550-11f1-be9f-eeee0a80e2d9.OPERATION#flowable-async-job-executor-thread-6491#
[BuildCloudUndeployModelStep] Cloud undeployment model built#
#2026 05 21 20:09:34.114#Z#DEBUG#fb7aa7c6-5550-11f1-be9f-eeee0a80e2d9.OPERATION#flowable-async-job-executor-thread-6491#
Step "Build Undeploy Model" finished#
#2026 05 21 20:09:34.150#Z#DEBUG#fb7aa7c6-5550-11f1-be9f-eeee0a80e2d9.OPERATION#flowable-async-job-executor-thread-6491#
[AddDomainsStep] Executing task "addDomainsTask" of process "fb7aa7ec-5550-11f1-be9f-eeee0a80e2d9"...#
#2026 05 21 20:09:34.152#Z#DEBUG#fb7aa7c6-5550-11f1-be9f-eeee0a80e2d9.OPERATION#flowable-async-job-executor-thread-6491#
[AddDomainsStep] Custom domains: []#
#2026 05 21 20:09:34.152#Z#DEBUG#fb7aa7c6-5550-11f1-be9f-eeee0a80e2d9.OPERATION#flowable-async-job-executor-thread-6491#
Step "Add Domains" finished#
#2026 05 21 20:09:34.297#Z#DEBUG#fb7aa7c6-5550-11f1-be9f-eeee0a80e2d9.OPERATION#flowable-async-job-executor-thread-6495#
[ExtractBatchedServicesWithResolvedDynamicParametersStep] Executing task "prepareModulesDeploymentTask" of process "fc3433fc-5550-11f1-be9f-eeee0a80e2d9"...#
#2026 05 21 20:09:34.298#Z#DEBUG#fb7aa7c6-5550-11f1-be9f-eeee0a80e2d9.OPERATION#flowable-async-job-executor-thread-6495#
[ExtractBatchedServicesWithResolvedDynamicParametersStep] Extracting services and resolving dynamic parameters from batch#
#2026 05 21 20:09:34.299#Z#DEBUG#fb7aa7c6-5550-11f1-be9f-eeee0a80e2d9.OPERATION#flowable-async-job-executor-thread-6495#
[ExtractBatchedServicesWithResolvedDynamicParametersStep] Services to create: [ {
  "isOptional" : false,
  "isManaged" : true,
  "name" : "bookscapm-db",
  "v3Metadata" : {
    "annotations" : {
      "mta_id" : "bookscapm",
      "mta_version" : "1.0.0",
      "mta_resource" : "{\"name\":\"bookscapm-db\"}"
    },
    "labels" : {
      "mta_id" : "ae3834d4d96122b7278fff014e221e64"
    }
  },
  "label" : "hana",
  "plan" : "hdi-shared",
  "credentials" : "********",
  "tags" : [ ],
  "type" : "managed",
  "resourceName" : "bookscapm-db",
  "shouldSkipParametersUpdate" : false,
  "shouldSkipPlanUpdate" : false,
  "shouldSkipTagsUpdate" : false,
  "shouldSkipSyslogUrlUpdate" : false
}, {
  "isOptional" : false,
  "isManaged" : true,
  "name" : "bookscapm-destination-service",
  "v3Metadata" : {
    "annotations" : {
      "mta_id" : "bookscapm",
      "mta_version" : "1.0.0",
      "mta_resource" : "{\"name\":\"bookscapm-destination-service\"}"
    },
    "labels" : {
      "mta_id" : "ae3834d4d96122b7278fff014e221e64"
    }
  },
  "label" : "destination",
  "plan" : "lite",
  "credentials" : "********",
  "tags" : [ ],
  "type" : "managed",
  "resourceName" : "bookscapm-destination-service",
  "shouldSkipParametersUpdate" : false,
  "shouldSkipPlanUpdate" : false,
  "shouldSkipTagsUpdate" : false,
  "shouldSkipSyslogUrlUpdate" : false
}, {
  "isOptional" : false,
  "isManaged" : true,
  "name" : "bookscapm-html5-app-host-service",
  "v3Metadata" : {
    "annotations" : {
      "mta_id" : "bookscapm",
      "mta_version" : "1.0.0",
      "mta_resource" : "{\"name\":\"bookscapm_html_repo_host\"}"
    },
    "labels" : {
      "mta_id" : "ae3834d4d96122b7278fff014e221e64"
    }
  },
  "label" : "html5-apps-repo",
  "plan" : "app-host",
  "credentials" : "********",
  "tags" : [ ],
  "type" : "managed",
  "resourceName" : "bookscapm_html_repo_host",
  "shouldSkipParametersUpdate" : false,
  "shouldSkipPlanUpdate" : false,
  "shouldSkipTagsUpdate" : false,
  "shouldSkipSyslogUrlUpdate" : false
}, {
  "isOptional" : false,
  "isManaged" : true,
  "name" : "bookscapm-xsuaa-service",
  "v3Metadata" : {
    "annotations" : {
      "mta_id" : "bookscapm",
      "mta_version" : "1.0.0",
      "mta_resource" : "{\"name\":\"uaa_bookscapm\"}"
    },
    "labels" : {
      "mta_id" : "ae3834d4d96122b7278fff014e221e64"
    }
  },
  "label" : "xsuaa",
  "plan" : "application",
  "credentials" : "********",
  "tags" : [ ],
  "type" : "managed",
  "resourceName" : "uaa_bookscapm",
  "shouldSkipParametersUpdate" : false,
  "shouldSkipPlanUpdate" : false,
  "shouldSkipTagsUpdate" : false,
  "shouldSkipSyslogUrlUpdate" : false
} ]#
#2026 05 21 20:09:34.300#Z#DEBUG#fb7aa7c6-5550-11f1-be9f-eeee0a80e2d9.OPERATION#flowable-async-job-executor-thread-6495#
Step "Extract Services with Resolved Dynamic parameters from batch" finished#
#2026 05 21 20:09:34.404#Z#DEBUG#fb7aa7c6-5550-11f1-be9f-eeee0a80e2d9.OPERATION#flowable-async-job-executor-thread-6496#
[CheckServiceOperationStateStep] Executing task "CheckServiceOperationStateTask" of process "fc48ccb4-5550-11f1-be9f-eeee0a80e2d9"...#
#2026 05 21 20:09:34.405#Z#DEBUG#fb7aa7c6-5550-11f1-be9f-eeee0a80e2d9.OPERATION#flowable-async-job-executor-thread-6496#
[CheckServiceOperationStateStep] Getting service instance "bookscapm-db"...#
#2026 05 21 20:09:34.499#Z#DEBUG#fb7aa7c6-5550-11f1-be9f-eeee0a80e2d9.OPERATION#flowable-async-job-executor-thread-6496#
Step "Check for service operations in Progress" finished#
#2026 05 21 20:09:34.532#Z#DEBUG#fb7aa7c6-5550-11f1-be9f-eeee0a80e2d9.OPERATION#flowable-async-job-executor-thread-6494#
[DetermineServiceCreateUpdateServiceActionsStep] Executing task "DetermineServiceCreateUpdateActionsTask" of process "fc48ccb4-5550-11f1-be9f-eeee0a80e2d9"...#
#2026 05 21 20:09:34.534#Z#INFO#fb7aa7c6-5550-11f1-be9f-eeee0a80e2d9.OPERATION#flowable-async-job-executor-thread-6494#
[DetermineServiceCreateUpdateServiceActionsStep] Processing service "bookscapm-db"...#
#2026 05 21 20:09:34.539#Z#DEBUG#fb7aa7c6-5550-11f1-be9f-eeee0a80e2d9.OPERATION#flowable-async-job-executor-thread-6494#
[DetermineServiceCreateUpdateServiceActionsStep] Getting service instance "bookscapm-db"...#
#2026 05 21 20:09:34.638#Z#DEBUG#fb7aa7c6-5550-11f1-be9f-eeee0a80e2d9.OPERATION#flowable-async-job-executor-thread-6494#
[DetermineServiceCreateUpdateServiceActionsStep] Existing service: {
  "name" : "bookscapm-db",
  "metadata" : {
    "guid" : "b2f93d59-c13e-49bf-8dac-2b9e6dbbf03c",
    "createdAt" : [ 2026, 5, 21, 19, 57, 51 ],
    "updatedAt" : [ 2026, 5, 21, 19, 57, 51 ]
  },
  "v3Metadata" : {
    "annotations" : {
      "mta_id" : "bookscapm",
      "mta_version" : "1.0.0",
      "mta_resource" : "{\"name\":\"bookscapm-db\"}"
    },
    "labels" : {
      "mta_id" : "ae3834d4d96122b7278fff014e221e64"
    }
  },
  "label" : "hana",
  "plan" : "hdi-shared",
  "credentials" : "********",
  "tags" : [ ],
  "type" : "managed",
  "lastOperation" : {
    "type" : "CREATE",
    "state" : "SUCCEEDED"
  }
}#
#2026 05 21 20:09:34.638#Z#WARN#fb7aa7c6-5550-11f1-be9f-eeee0a80e2d9.OPERATION#flowable-async-job-executor-thread-6494#
[DetermineServiceCreateUpdateServiceActionsStep] Service parameters for service "bookscapm-db" will not be updated, as the parameters are not defined or empty.#
#2026 05 21 20:09:34.638#Z#DEBUG#fb7aa7c6-5550-11f1-be9f-eeee0a80e2d9.OPERATION#flowable-async-job-executor-thread-6494#
Step "Determine update actions" finished#
#2026 05 21 20:09:34.683#Z#DEBUG#fb7aa7c6-5550-11f1-be9f-eeee0a80e2d9.OPERATION#flowable-async-job-executor-thread-6494#
[CheckForServiceBindingOrKeyOperationStep] Executing task "CheckForServiceBindingOrKeyCreation" of process "fc48ccb4-5550-11f1-be9f-eeee0a80e2d9"...#
#2026 05 21 20:09:34.685#Z#DEBUG#fb7aa7c6-5550-11f1-be9f-eeee0a80e2d9.OPERATION#flowable-async-job-executor-thread-6494#
Step "Check for service binding or key creation" finished#
#2026 05 21 20:09:35.455#Z#DEBUG#fb7aa7c6-5550-11f1-be9f-eeee0a80e2d9.OPERATION#flowable-async-job-executor-thread-6495#
[CheckServiceOperationStateStep] Executing task "CheckServiceOperationStateTask" of process "fce979dd-5550-11f1-be9f-eeee0a80e2d9"...#
#2026 05 21 20:09:35.456#Z#DEBUG#fb7aa7c6-5550-11f1-be9f-eeee0a80e2d9.OPERATION#flowable-async-job-executor-thread-6495#
[CheckServiceOperationStateStep] Getting service instance "bookscapm-destination-service"...#
#2026 05 21 20:09:35.552#Z#DEBUG#fb7aa7c6-5550-11f1-be9f-eeee0a80e2d9.OPERATION#flowable-async-job-executor-thread-6495#
Step "Check for service operations in Progress" finished#
#2026 05 21 20:09:35.550#Z#DEBUG#fb7aa7c6-5550-11f1-be9f-eeee0a80e2d9.OPERATION#flowable-async-job-executor-thread-6543#
[CheckServiceOperationStateStep] Executing task "CheckServiceOperationStateTask" of process "fcf735d0-5550-11f1-9766-eeee0a8faf9b"...#
#2026 05 21 20:09:35.552#Z#DEBUG#fb7aa7c6-5550-11f1-be9f-eeee0a80e2d9.OPERATION#flowable-async-job-executor-thread-6543#
[CheckServiceOperationStateStep] Getting service instance "bookscapm-html5-app-host-service"...#
#2026 05 21 20:09:35.649#Z#DEBUG#fb7aa7c6-5550-11f1-be9f-eeee0a80e2d9.OPERATION#flowable-async-job-executor-thread-6543#
Step "Check for service operations in Progress" finished#
#2026 05 21 20:09:35.585#Z#DEBUG#fb7aa7c6-5550-11f1-be9f-eeee0a80e2d9.OPERATION#flowable-async-job-executor-thread-6495#
[DetermineServiceCreateUpdateServiceActionsStep] Executing task "DetermineServiceCreateUpdateActionsTask" of process "fce979dd-5550-11f1-be9f-eeee0a80e2d9"...#
#2026 05 21 20:09:35.588#Z#INFO#fb7aa7c6-5550-11f1-be9f-eeee0a80e2d9.OPERATION#flowable-async-job-executor-thread-6495#
[DetermineServiceCreateUpdateServiceActionsStep] Processing service "bookscapm-destination-service"...#
#2026 05 21 20:09:35.593#Z#DEBUG#fb7aa7c6-5550-11f1-be9f-eeee0a80e2d9.OPERATION#flowable-async-job-executor-thread-6495#
[DetermineServiceCreateUpdateServiceActionsStep] Getting service instance "bookscapm-destination-service"...#
#2026 05 21 20:09:35.694#Z#DEBUG#fb7aa7c6-5550-11f1-be9f-eeee0a80e2d9.OPERATION#flowable-async-job-executor-thread-6495#
[DetermineServiceCreateUpdateServiceActionsStep] Existing service: {
  "name" : "bookscapm-destination-service",
  "metadata" : {
    "guid" : "4c0edff4-ec8e-489b-9b93-1863c000ff09",
    "createdAt" : [ 2026, 5, 21, 19, 57, 50 ],
    "updatedAt" : [ 2026, 5, 21, 19, 57, 53 ]
  },
  "v3Metadata" : {
    "annotations" : {
      "mta_id" : "bookscapm",
      "mta_version" : "1.0.0",
      "mta_resource" : "{\"name\":\"bookscapm-destination-service\"}"
    },
    "labels" : {
      "mta_id" : "ae3834d4d96122b7278fff014e221e64"
    }
  },
  "label" : "destination",
  "plan" : "lite",
  "credentials" : "********",
  "tags" : [ ],
  "type" : "managed",
  "lastOperation" : {
    "type" : "CREATE",
    "description" : "",
    "state" : "SUCCEEDED"
  }
}#
#2026 05 21 20:09:35.694#Z#DEBUG#fb7aa7c6-5550-11f1-be9f-eeee0a80e2d9.OPERATION#flowable-async-job-executor-thread-6495#
[DetermineServiceCreateUpdateServiceActionsStep] Service parameters will be updated#
#2026 05 21 20:09:35.694#Z#DEBUG#fb7aa7c6-5550-11f1-be9f-eeee0a80e2d9.OPERATION#flowable-async-job-executor-thread-6495#
[DetermineServiceCreateUpdateServiceActionsStep] New parameters: {
  "HTML5Runtime_enabled" : true,
  "init_data" : {
    "instance" : {
      "destinations" : [ {
        "Authentication" : "********",
        "Name" : "ui5",
        "ProxyType" : "Internet",
        "Type" : "HTTP",
        "URL" : "https://ui5.sap.com"
      }, {
        "Authentication" : "********",
        "HTML5.DynamicDestination" : true,
        "HTML5.ForwardAuthToken" : "********",
        "Name" : "srv-api",
        "ProxyType" : "Internet",
        "Type" : "HTTP",
        "URL" : "https://28d7c084trial-dev-bookscapm-srv.cfapps.us10-001.hana.ondemand.com"
      } ],
      "existing_destinations_policy" : "update"
    }
  },
  "version" : "1.0.0"
}#
#2026 05 21 20:09:35.694#Z#DEBUG#fb7aa7c6-5550-11f1-be9f-eeee0a80e2d9.OPERATION#flowable-async-job-executor-thread-6495#
Step "Determine update actions" finished#
#2026 05 21 20:09:35.757#Z#DEBUG#fb7aa7c6-5550-11f1-be9f-eeee0a80e2d9.OPERATION#flowable-async-job-executor-thread-6495#
[CheckForServiceBindingOrKeyOperationStep] Executing task "CheckForServiceBindingOrKeyCreation" of process "fce979dd-5550-11f1-be9f-eeee0a80e2d9"...#
#2026 05 21 20:09:35.761#Z#DEBUG#fb7aa7c6-5550-11f1-be9f-eeee0a80e2d9.OPERATION#flowable-async-job-executor-thread-6495#
Step "Check for service binding or key creation" finished#
#2026 05 21 20:09:35.686#Z#DEBUG#fb7aa7c6-5550-11f1-be9f-eeee0a80e2d9.OPERATION#flowable-async-job-executor-thread-6543#
[DetermineServiceCreateUpdateServiceActionsStep] Executing task "DetermineServiceCreateUpdateActionsTask" of process "fcf735d0-5550-11f1-9766-eeee0a8faf9b"...#
#2026 05 21 20:09:35.688#Z#INFO#fb7aa7c6-5550-11f1-be9f-eeee0a80e2d9.OPERATION#flowable-async-job-executor-thread-6543#
[DetermineServiceCreateUpdateServiceActionsStep] Processing service "bookscapm-html5-app-host-service"...#
#2026 05 21 20:09:35.695#Z#DEBUG#fb7aa7c6-5550-11f1-be9f-eeee0a80e2d9.OPERATION#flowable-async-job-executor-thread-6543#
[DetermineServiceCreateUpdateServiceActionsStep] Getting service instance "bookscapm-html5-app-host-service"...#
#2026 05 21 20:09:35.797#Z#DEBUG#fb7aa7c6-5550-11f1-be9f-eeee0a80e2d9.OPERATION#flowable-async-job-executor-thread-6543#
[DetermineServiceCreateUpdateServiceActionsStep] Existing service: {
  "name" : "bookscapm-html5-app-host-service",
  "metadata" : {
    "guid" : "2379b2d6-90e8-44b7-bc62-a5762b0590ab",
    "createdAt" : [ 2026, 5, 21, 19, 57, 51 ],
    "updatedAt" : [ 2026, 5, 21, 19, 57, 51 ]
  },
  "v3Metadata" : {
    "annotations" : {
      "mta_id" : "bookscapm",
      "mta_version" : "1.0.0",
      "mta_resource" : "{\"name\":\"bookscapm_html_repo_host\"}"
    },
    "labels" : {
      "mta_id" : "ae3834d4d96122b7278fff014e221e64"
    }
  },
  "label" : "html5-apps-repo",
  "plan" : "app-host",
  "credentials" : "********",
  "tags" : [ ],
  "type" : "managed",
  "lastOperation" : {
    "type" : "CREATE",
    "description" : "",
    "state" : "SUCCEEDED"
  }
}#
#2026 05 21 20:09:35.797#Z#WARN#fb7aa7c6-5550-11f1-be9f-eeee0a80e2d9.OPERATION#flowable-async-job-executor-thread-6543#
[DetermineServiceCreateUpdateServiceActionsStep] Service parameters for service "bookscapm-html5-app-host-service" will not be updated, as the parameters are not defined or empty.#
#2026 05 21 20:09:35.797#Z#DEBUG#fb7aa7c6-5550-11f1-be9f-eeee0a80e2d9.OPERATION#flowable-async-job-executor-thread-6543#
Step "Determine update actions" finished#
#2026 05 21 20:09:35.857#Z#DEBUG#fb7aa7c6-5550-11f1-be9f-eeee0a80e2d9.OPERATION#flowable-async-job-executor-thread-6543#
[CheckForServiceBindingOrKeyOperationStep] Executing task "CheckForServiceBindingOrKeyCreation" of process "fcf735d0-5550-11f1-9766-eeee0a8faf9b"...#
#2026 05 21 20:09:35.859#Z#DEBUG#fb7aa7c6-5550-11f1-be9f-eeee0a80e2d9.OPERATION#flowable-async-job-executor-thread-6543#
Step "Check for service binding or key creation" finished#
#2026 05 21 20:09:35.824#Z#DEBUG#fb7aa7c6-5550-11f1-be9f-eeee0a80e2d9.OPERATION#flowable-async-job-executor-thread-6495#
[UpdateServiceParametersStep] Executing task "UpdateServiceParametersTask" of process "fce979dd-5550-11f1-be9f-eeee0a80e2d9"...#
#2026 05 21 20:09:35.827#Z#INFO#fb7aa7c6-5550-11f1-be9f-eeee0a80e2d9.OPERATION#flowable-async-job-executor-thread-6495#
[UpdateServiceParametersStep] Updating service "bookscapm-destination-service"...#
#2026 05 21 20:09:35.833#Z#DEBUG#fb7aa7c6-5550-11f1-be9f-eeee0a80e2d9.OPERATION#flowable-async-job-executor-thread-6495#
[UpdateServiceParametersStep] Updating service parameters for service "bookscapm-destination-service"...#
#2026 05 21 20:09:35.928#Z#DEBUG#fb7aa7c6-5550-11f1-be9f-eeee0a80e2d9.OPERATION#flowable-async-job-executor-thread-6495#
[UpdateServiceParametersStep] Service "bookscapm-destination-service" updated#
#2026 05 21 20:09:35.928#Z#DEBUG#fb7aa7c6-5550-11f1-be9f-eeee0a80e2d9.OPERATION#flowable-async-job-executor-thread-6495#
[UpdateServiceParametersStep] Triggered service operations: {
  "bookscapm-destination-service" : "UPDATE"
}#
#2026 05 21 20:09:35.929#Z#DEBUG#fb7aa7c6-5550-11f1-be9f-eeee0a80e2d9.OPERATION#flowable-async-job-executor-thread-6495#
Step "Update parameters" finished#
#2026 05 21 20:09:38.478#Z#DEBUG#fb7aa7c6-5550-11f1-be9f-eeee0a80e2d9.OPERATION#flowable-async-job-executor-thread-6499#
[CheckServiceOperationStateStep] Executing task "CheckServiceOperationStateTask" of process "feb623e6-5550-11f1-be9f-eeee0a80e2d9"...#
#2026 05 21 20:09:38.479#Z#DEBUG#fb7aa7c6-5550-11f1-be9f-eeee0a80e2d9.OPERATION#flowable-async-job-executor-thread-6499#
[CheckServiceOperationStateStep] Getting service instance "bookscapm-xsuaa-service"...#
#2026 05 21 20:09:38.569#Z#DEBUG#fb7aa7c6-5550-11f1-be9f-eeee0a80e2d9.OPERATION#flowable-async-job-executor-thread-6499#
Step "Check for service operations in Progress" finished#
#2026 05 21 20:09:38.603#Z#DEBUG#fb7aa7c6-5550-11f1-be9f-eeee0a80e2d9.OPERATION#flowable-async-job-executor-thread-6499#
[DetermineServiceCreateUpdateServiceActionsStep] Executing task "DetermineServiceCreateUpdateActionsTask" of process "feb623e6-5550-11f1-be9f-eeee0a80e2d9"...#
#2026 05 21 20:09:38.605#Z#INFO#fb7aa7c6-5550-11f1-be9f-eeee0a80e2d9.OPERATION#flowable-async-job-executor-thread-6499#
[DetermineServiceCreateUpdateServiceActionsStep] Processing service "bookscapm-xsuaa-service"...#
#2026 05 21 20:09:38.610#Z#DEBUG#fb7aa7c6-5550-11f1-be9f-eeee0a80e2d9.OPERATION#flowable-async-job-executor-thread-6499#
[DetermineServiceCreateUpdateServiceActionsStep] Getting service instance "bookscapm-xsuaa-service"...#
#2026 05 21 20:09:38.703#Z#INFO#fb7aa7c6-5550-11f1-be9f-eeee0a80e2d9.OPERATION#flowable-async-job-executor-thread-6499#
[DetermineServiceCreateUpdateServiceActionsStep] Setting service "bookscapm-xsuaa-service" parameters from "xs-security.json"#
#2026 05 21 20:09:38.735#Z#DEBUG#fb7aa7c6-5550-11f1-be9f-eeee0a80e2d9.OPERATION#flowable-async-job-executor-thread-6499#
[DetermineServiceCreateUpdateServiceActionsStep] Existing service: {
  "name" : "bookscapm-xsuaa-service",
  "metadata" : {
    "guid" : "19440028-2121-4c6c-b214-4cfae1cd4615",
    "createdAt" : [ 2026, 5, 21, 19, 57, 51 ],
    "updatedAt" : [ 2026, 5, 21, 19, 57, 51 ]
  },
  "v3Metadata" : {
    "annotations" : {
      "mta_id" : "bookscapm",
      "mta_version" : "1.0.0",
      "mta_resource" : "{\"name\":\"uaa_bookscapm\"}"
    },
    "labels" : {
      "mta_id" : "ae3834d4d96122b7278fff014e221e64"
    }
  },
  "label" : "xsuaa",
  "plan" : "application",
  "credentials" : "********",
  "tags" : [ ],
  "type" : "managed",
  "lastOperation" : {
    "type" : "CREATE",
    "description" : "",
    "state" : "SUCCEEDED"
  }
}#
#2026 05 21 20:09:38.735#Z#DEBUG#fb7aa7c6-5550-11f1-be9f-eeee0a80e2d9.OPERATION#flowable-async-job-executor-thread-6499#
[DetermineServiceCreateUpdateServiceActionsStep] Service parameters will be updated#
#2026 05 21 20:09:38.735#Z#DEBUG#fb7aa7c6-5550-11f1-be9f-eeee0a80e2d9.OPERATION#flowable-async-job-executor-thread-6499#
[DetermineServiceCreateUpdateServiceActionsStep] New parameters: {
  "description" : "Security profile of called application",
  "role-templates" : [ {
    "name" : "********",
    "description" : "UAA",
    "scope-references" : [ "********" ]
  } ],
  "scopes" : [ {
    "name" : "********",
    "description" : "UAA"
  } ],
  "tenant-mode" : "dedicated",
  "xsappname" : "bookscapm"
}#
#2026 05 21 20:09:38.735#Z#DEBUG#fb7aa7c6-5550-11f1-be9f-eeee0a80e2d9.OPERATION#flowable-async-job-executor-thread-6499#
Step "Determine update actions" finished#
#2026 05 21 20:09:38.783#Z#DEBUG#fb7aa7c6-5550-11f1-be9f-eeee0a80e2d9.OPERATION#flowable-async-job-executor-thread-6499#
[CheckForServiceBindingOrKeyOperationStep] Executing task "CheckForServiceBindingOrKeyCreation" of process "feb623e6-5550-11f1-be9f-eeee0a80e2d9"...#
#2026 05 21 20:09:38.785#Z#DEBUG#fb7aa7c6-5550-11f1-be9f-eeee0a80e2d9.OPERATION#flowable-async-job-executor-thread-6499#
Step "Check for service binding or key creation" finished#
#2026 05 21 20:09:38.826#Z#DEBUG#fb7aa7c6-5550-11f1-be9f-eeee0a80e2d9.OPERATION#flowable-async-job-executor-thread-6499#
[UpdateServiceParametersStep] Executing task "UpdateServiceParametersTask" of process "feb623e6-5550-11f1-be9f-eeee0a80e2d9"...#
#2026 05 21 20:09:38.829#Z#INFO#fb7aa7c6-5550-11f1-be9f-eeee0a80e2d9.OPERATION#flowable-async-job-executor-thread-6499#
[UpdateServiceParametersStep] Updating service "bookscapm-xsuaa-service"...#
#2026 05 21 20:09:38.834#Z#DEBUG#fb7aa7c6-5550-11f1-be9f-eeee0a80e2d9.OPERATION#flowable-async-job-executor-thread-6499#
[UpdateServiceParametersStep] Updating service parameters for service "bookscapm-xsuaa-service"...#
#2026 05 21 20:09:38.924#Z#DEBUG#fb7aa7c6-5550-11f1-be9f-eeee0a80e2d9.OPERATION#flowable-async-job-executor-thread-6499#
[UpdateServiceParametersStep] Service "bookscapm-xsuaa-service" updated#
#2026 05 21 20:09:38.924#Z#DEBUG#fb7aa7c6-5550-11f1-be9f-eeee0a80e2d9.OPERATION#flowable-async-job-executor-thread-6499#
[UpdateServiceParametersStep] Triggered service operations: {
  "bookscapm-xsuaa-service" : "UPDATE"
}#
#2026 05 21 20:09:38.926#Z#DEBUG#fb7aa7c6-5550-11f1-be9f-eeee0a80e2d9.OPERATION#flowable-async-job-executor-thread-6499#
Step "Update parameters" finished#
#2026 05 21 20:09:41.205#Z#DEBUG#fb7aa7c6-5550-11f1-be9f-eeee0a80e2d9.OPERATION#flowable-async-job-executor-thread-8784#
[UpdateServiceParametersStep] Executing task "UpdateServiceParametersTask" of process "fce979dd-5550-11f1-be9f-eeee0a80e2d9"...#
#2026 05 21 20:09:41.206#Z#DEBUG#fb7aa7c6-5550-11f1-be9f-eeee0a80e2d9.OPERATION#flowable-async-job-executor-thread-8784#
[UpdateServiceParametersStep] Polling service operations...#
#2026 05 21 20:09:41.270#Z#DEBUG#fb7aa7c6-5550-11f1-be9f-eeee0a80e2d9.OPERATION#flowable-async-job-executor-thread-8784#
[UpdateServiceParametersStep] Getting service instance "bookscapm-destination-service"...#
#2026 05 21 20:09:41.373#Z#DEBUG#fb7aa7c6-5550-11f1-be9f-eeee0a80e2d9.OPERATION#flowable-async-job-executor-thread-8784#
[UpdateServiceParametersStep] Last operation for service "bookscapm-destination-service": {
  "type" : "UPDATE",
  "description" : "",
  "state" : "SUCCEEDED"
}#
#2026 05 21 20:09:41.373#Z#DEBUG#fb7aa7c6-5550-11f1-be9f-eeee0a80e2d9.OPERATION#flowable-async-job-executor-thread-8784#
[UpdateServiceParametersStep] Service "bookscapm-destination-service" updated#
#2026 05 21 20:09:41.373#Z#INFO#fb7aa7c6-5550-11f1-be9f-eeee0a80e2d9.OPERATION#flowable-async-job-executor-thread-8784#
[UpdateServiceParametersStep] 1 of 1 done#
#2026 05 21 20:09:41.379#Z#DEBUG#fb7aa7c6-5550-11f1-be9f-eeee0a80e2d9.OPERATION#flowable-async-job-executor-thread-8784#
[UpdateServiceParametersStep] Remaining services to poll: [ ]#
#2026 05 21 20:09:41.380#Z#DEBUG#fb7aa7c6-5550-11f1-be9f-eeee0a80e2d9.OPERATION#flowable-async-job-executor-thread-8784#
Step "Update parameters" finished#
#2026 05 21 20:09:51.236#Z#DEBUG#fb7aa7c6-5550-11f1-be9f-eeee0a80e2d9.OPERATION#flowable-async-job-executor-thread-8792#
[UpdateServiceParametersStep] Executing task "UpdateServiceParametersTask" of process "feb623e6-5550-11f1-be9f-eeee0a80e2d9"...#
#2026 05 21 20:09:51.237#Z#DEBUG#fb7aa7c6-5550-11f1-be9f-eeee0a80e2d9.OPERATION#flowable-async-job-executor-thread-8792#
[UpdateServiceParametersStep] Polling service operations...#
#2026 05 21 20:09:51.241#Z#DEBUG#fb7aa7c6-5550-11f1-be9f-eeee0a80e2d9.OPERATION#flowable-async-job-executor-thread-8792#
[UpdateServiceParametersStep] Getting service instance "bookscapm-xsuaa-service"...#
#2026 05 21 20:09:51.338#Z#DEBUG#fb7aa7c6-5550-11f1-be9f-eeee0a80e2d9.OPERATION#flowable-async-job-executor-thread-8792#
[UpdateServiceParametersStep] Last operation for service "bookscapm-xsuaa-service": {
  "type" : "UPDATE",
  "description" : "",
  "state" : "SUCCEEDED"
}#
#2026 05 21 20:09:51.338#Z#DEBUG#fb7aa7c6-5550-11f1-be9f-eeee0a80e2d9.OPERATION#flowable-async-job-executor-thread-8792#
[UpdateServiceParametersStep] Service "bookscapm-xsuaa-service" updated#
#2026 05 21 20:09:51.338#Z#INFO#fb7aa7c6-5550-11f1-be9f-eeee0a80e2d9.OPERATION#flowable-async-job-executor-thread-8792#
[UpdateServiceParametersStep] 1 of 1 done#
#2026 05 21 20:09:51.343#Z#DEBUG#fb7aa7c6-5550-11f1-be9f-eeee0a80e2d9.OPERATION#flowable-async-job-executor-thread-8792#
[UpdateServiceParametersStep] Remaining services to poll: [ ]#
#2026 05 21 20:09:51.344#Z#DEBUG#fb7aa7c6-5550-11f1-be9f-eeee0a80e2d9.OPERATION#flowable-async-job-executor-thread-8792#
Step "Update parameters" finished#
#2026 05 21 20:09:51.570#Z#DEBUG#fb7aa7c6-5550-11f1-be9f-eeee0a80e2d9.OPERATION#flowable-async-job-executor-thread-8795#
[PrepareModulesDeploymentStep] Executing task "prepareModulesDeploymentTask" of process "0681881d-5551-11f1-add1-eeee0a8c98ee"...#
#2026 05 21 20:09:51.570#Z#DEBUG#fb7aa7c6-5550-11f1-be9f-eeee0a80e2d9.OPERATION#flowable-async-job-executor-thread-8795#
[PrepareModulesDeploymentStep] Preparing modules deployment...#
#2026 05 21 20:09:51.575#Z#DEBUG#fb7aa7c6-5550-11f1-be9f-eeee0a80e2d9.OPERATION#flowable-async-job-executor-thread-8795#
Step "Prepare Modules Deployment" finished#
#2026 05 21 20:09:51.609#Z#DEBUG#fb7aa7c6-5550-11f1-be9f-eeee0a80e2d9.OPERATION#flowable-async-job-executor-thread-8795#
[ComputeNextModulesStep] Executing task "computeNextModulesToDeployInParallel" of process "0681881d-5551-11f1-add1-eeee0a8c98ee"...#
#2026 05 21 20:09:51.610#Z#DEBUG#fb7aa7c6-5550-11f1-be9f-eeee0a80e2d9.OPERATION#flowable-async-job-executor-thread-8795#
[ComputeNextModulesStep] Computing modules for next parallel iteration...#
#2026 05 21 20:09:51.613#Z#DEBUG#fb7aa7c6-5550-11f1-be9f-eeee0a80e2d9.OPERATION#flowable-async-job-executor-thread-8795#
[ComputeNextModulesStep] Completed modules detected: []#
#2026 05 21 20:09:51.613#Z#DEBUG#fb7aa7c6-5550-11f1-be9f-eeee0a80e2d9.OPERATION#flowable-async-job-executor-thread-8795#
[ComputeNextModulesStep] All modules for deploy detected: [bookscapm-srv, bookscapm-app-content, bookscapm-db-deployer, bookscapm-destination-content]#
#2026 05 21 20:09:51.613#Z#DEBUG#fb7aa7c6-5550-11f1-be9f-eeee0a80e2d9.OPERATION#flowable-async-job-executor-thread-8795#
[ComputeNextModulesStep] Modules not for deploy detected: []#
#2026 05 21 20:09:51.613#Z#DEBUG#fb7aa7c6-5550-11f1-be9f-eeee0a80e2d9.OPERATION#flowable-async-job-executor-thread-8795#
[ComputeNextModulesStep] Computed modules for next parallel iteration: [ {
  "majorSchemaVersion" : 3,
  "name" : "bookscapm-srv",
  "type" : "javascript.nodejs",
  "path" : "bookscapm-srv",
  "properties" : { },
  "parameters" : {
    "app-name" : "bookscapm-srv",
    "buildpack" : "nodejs_buildpack",
    "default-app-name" : "bookscapm-srv",
    "default-host" : "28d7c084trial-dev-bookscapm-srv",
    "default-instances" : 1,
    "default-live-app-name" : "bookscapm-srv",
    "default-live-domain" : "cfapps.us10-001.hana.ondemand.com",
    "default-live-host" : "28d7c084trial-dev-bookscapm-srv",
    "default-live-uri" : "28d7c084trial-dev-bookscapm-srv.cfapps.us10-001.hana.ondemand.com",
    "default-live-url" : "https://28d7c084trial-dev-bookscapm-srv.cfapps.us10-001.hana.ondemand.com",
    "default-uri" : "28d7c084trial-dev-bookscapm-srv.cfapps.us10-001.hana.ondemand.com",
    "default-url" : "https://28d7c084trial-dev-bookscapm-srv.cfapps.us10-001.hana.ondemand.com",
    "dependency-type" : "soft",
    "domain" : "cfapps.us10-001.hana.ondemand.com",
    "generated-password" : "********",
    "generated-user" : "********",
    "host" : "28d7c084trial-dev-bookscapm-srv",
    "instances" : 1,
    "protocol" : "https"
  },
  "requiredDependencies" : [ {
    "majorSchemaVersion" : 3,
    "name" : "bookscapm-db",
    "properties" : { },
    "parameters" : { },
    "propertiesMetadata" : {
      "metadata" : { }
    },
    "parametersMetadata" : {
      "metadata" : { }
    }
  }, {
    "majorSchemaVersion" : 3,
    "name" : "uaa_bookscapm",
    "properties" : { },
    "parameters" : { },
    "propertiesMetadata" : {
      "metadata" : { }
    },
    "parametersMetadata" : {
      "metadata" : { }
    }
  } ],
  "providedDependencies" : [ {
    "majorSchemaVersion" : 3,
    "name" : "srv-api",
    "isPublic" : false,
    "properties" : {
      "srv-url" : "https://28d7c084trial-dev-bookscapm-srv.cfapps.us10-001.hana.ondemand.com"
    },
    "parameters" : { },
    "propertiesMetadata" : {
      "metadata" : { }
    },
    "parametersMetadata" : {
      "metadata" : { }
    }
  }, {
    "majorSchemaVersion" : 3,
    "name" : "bookscapm-srv",
    "isPublic" : false,
    "properties" : { },
    "parameters" : { },
    "propertiesMetadata" : {
      "metadata" : { }
    },
    "parametersMetadata" : {
      "metadata" : { }
    }
  } ],
  "propertiesMetadata" : {
    "metadata" : { }
  },
  "parametersMetadata" : {
    "metadata" : { }
  },
  "deployedAfter" : [ ],
  "hooks" : [ ]
}, {
  "majorSchemaVersion" : 3,
  "name" : "bookscapm-db-deployer",
  "type" : "com.sap.xs.hdi",
  "path" : "bookscapm-db-deployer",
  "properties" : {
    "EXIT" : 1
  },
  "parameters" : {
    "app-name" : "bookscapm-db-deployer",
    "buildpack" : "nodejs_buildpack",
    "default-app-name" : "bookscapm-db-deployer",
    "default-host" : "28d7c084trial-dev-bookscapm-db-deployer",
    "default-instances" : 1,
    "default-live-app-name" : "bookscapm-db-deployer",
    "default-live-domain" : "cfapps.us10-001.hana.ondemand.com",
    "default-live-host" : "28d7c084trial-dev-bookscapm-db-deployer",
    "default-live-uri" : "28d7c084trial-dev-bookscapm-db-deployer.cfapps.us10-001.hana.ondemand.com",
    "default-live-url" : "https://28d7c084trial-dev-bookscapm-db-deployer.cfapps.us10-001.hana.ondemand.com",
    "default-uri" : "28d7c084trial-dev-bookscapm-db-deployer.cfapps.us10-001.hana.ondemand.com",
    "default-url" : "https://28d7c084trial-dev-bookscapm-db-deployer.cfapps.us10-001.hana.ondemand.com",
    "dependency-type" : "hard",
    "domain" : "cfapps.us10-001.hana.ondemand.com",
    "generated-password" : "********",
    "generated-user" : "********",
    "host" : "28d7c084trial-dev-bookscapm-db-deployer",
    "instances" : 1,
    "memory" : "256M",
    "no-route" : true,
    "no-start" : true,
    "protocol" : "https",
    "tasks" : [ {
      "command" : "npm start",
      "memory" : "256M",
      "name" : "deploy"
    } ]
  },
  "requiredDependencies" : [ {
    "majorSchemaVersion" : 3,
    "name" : "bookscapm-db",
    "properties" : { },
    "parameters" : { },
    "propertiesMetadata" : {
      "metadata" : { }
    },
    "parametersMetadata" : {
      "metadata" : { }
    }
  } ],
  "providedDependencies" : [ {
    "majorSchemaVersion" : 3,
    "name" : "bookscapm-db-deployer",
    "isPublic" : false,
    "properties" : { },
    "parameters" : { },
    "propertiesMetadata" : {
      "metadata" : { }
    },
    "parametersMetadata" : {
      "metadata" : { }
    }
  } ],
  "propertiesMetadata" : {
    "metadata" : { }
  },
  "parametersMetadata" : {
    "metadata" : { }
  },
  "deployedAfter" : [ ],
  "hooks" : [ ]
}, {
  "majorSchemaVersion" : 3,
  "name" : "bookscapm-destination-content",
  "type" : "com.sap.application.content",
  "properties" : { },
  "parameters" : {
    "app-name" : "bookscapm-destination-content",
    "content" : {
      "instance" : {
        "destinations" : [ {
          "Name" : "bookscapmapprouter_bookscapm_html_repo_host",
          "ServiceInstanceName" : "bookscapm-html5-app-host-service",
          "ServiceKeyName" : "********",
          "sap.cloud.service" : "bookscapmapprouter"
        }, {
          "Authentication" : "********",
          "Name" : "bookscapmapprouter_uaa_bookscapm",
          "ServiceInstanceName" : "bookscapm-xsuaa-service",
          "ServiceKeyName" : "********",
          "sap.cloud.service" : "bookscapmapprouter"
        } ],
        "existing_destinations_policy" : "ignore"
      }
    },
    "default-app-name" : "bookscapm-destination-content",
    "default-host" : "28d7c084trial-dev-bookscapm-destination-content",
    "default-instances" : 1,
    "default-live-app-name" : "bookscapm-destination-content",
    "default-live-domain" : "cfapps.us10-001.hana.ondemand.com",
    "default-live-host" : "28d7c084trial-dev-bookscapm-destination-content",
    "default-live-uri" : "28d7c084trial-dev-bookscapm-destination-content.cfapps.us10-001.hana.ondemand.com",
    "default-live-url" : "https://28d7c084trial-dev-bookscapm-destination-content.cfapps.us10-001.hana.ondemand.com",
    "default-uri" : "28d7c084trial-dev-bookscapm-destination-content.cfapps.us10-001.hana.ondemand.com",
    "default-url" : "https://28d7c084trial-dev-bookscapm-destination-content.cfapps.us10-001.hana.ondemand.com",
    "dependency-type" : "soft",
    "domain" : "cfapps.us10-001.hana.ondemand.com",
    "generated-password" : "********",
    "generated-user" : "********",
    "host" : "28d7c084trial-dev-bookscapm-destination-content",
    "instances" : 1,
    "protocol" : "https"
  },
  "requiredDependencies" : [ {
    "majorSchemaVersion" : 3,
    "name" : "bookscapm-destination-service",
    "properties" : { },
    "parameters" : {
      "content-target" : true
    },
    "propertiesMetadata" : {
      "metadata" : { }
    },
    "parametersMetadata" : {
      "metadata" : { }
    }
  }, {
    "majorSchemaVersion" : 3,
    "name" : "bookscapm_html_repo_host",
    "properties" : { },
    "parameters" : {
      "service-key" : "********"
    },
    "propertiesMetadata" : {
      "metadata" : { }
    },
    "parametersMetadata" : {
      "metadata" : { }
    }
  }, {
    "majorSchemaVersion" : 3,
    "name" : "uaa_bookscapm",
    "properties" : { },
    "parameters" : {
      "service-key" : "********"
    },
    "propertiesMetadata" : {
      "metadata" : { }
    },
    "parametersMetadata" : {
      "metadata" : { }
    }
  } ],
  "providedDependencies" : [ {
    "majorSchemaVersion" : 3,
    "name" : "bookscapm-destination-content",
    "isPublic" : false,
    "properties" : { },
    "parameters" : { },
    "propertiesMetadata" : {
      "metadata" : { }
    },
    "parametersMetadata" : {
      "metadata" : { }
    }
  } ],
  "propertiesMetadata" : {
    "metadata" : { }
  },
  "parametersMetadata" : {
    "metadata" : { }
  },
  "deployedAfter" : [ ],
  "hooks" : [ ]
}, {
  "majorSchemaVersion" : 3,
  "name" : "bookscapm-app-content",
  "type" : "com.sap.application.content",
  "path" : "bookscapm-app-content",
  "properties" : { },
  "parameters" : {
    "app-name" : "bookscapm-app-content",
    "default-app-name" : "bookscapm-app-content",
    "default-host" : "28d7c084trial-dev-bookscapm-app-content",
    "default-instances" : 1,
    "default-live-app-name" : "bookscapm-app-content",
    "default-live-domain" : "cfapps.us10-001.hana.ondemand.com",
    "default-live-host" : "28d7c084trial-dev-bookscapm-app-content",
    "default-live-uri" : "28d7c084trial-dev-bookscapm-app-content.cfapps.us10-001.hana.ondemand.com",
    "default-live-url" : "https://28d7c084trial-dev-bookscapm-app-content.cfapps.us10-001.hana.ondemand.com",
    "default-uri" : "28d7c084trial-dev-bookscapm-app-content.cfapps.us10-001.hana.ondemand.com",
    "default-url" : "https://28d7c084trial-dev-bookscapm-app-content.cfapps.us10-001.hana.ondemand.com",
    "dependency-type" : "soft",
    "domain" : "cfapps.us10-001.hana.ondemand.com",
    "generated-password" : "********",
    "generated-user" : "********",
    "host" : "28d7c084trial-dev-bookscapm-app-content",
    "instances" : 1,
    "protocol" : "https"
  },
  "requiredDependencies" : [ {
    "majorSchemaVersion" : 3,
    "name" : "bookscapm_html_repo_host",
    "properties" : { },
    "parameters" : {
      "content-target" : true
    },
    "propertiesMetadata" : {
      "metadata" : { }
    },
    "parametersMetadata" : {
      "metadata" : { }
    }
  } ],
  "providedDependencies" : [ {
    "majorSchemaVersion" : 3,
    "name" : "bookscapm-app-content",
    "isPublic" : false,
    "properties" : { },
    "parameters" : { },
    "propertiesMetadata" : {
      "metadata" : { }
    },
    "parametersMetadata" : {
      "metadata" : { }
    }
  } ],
  "propertiesMetadata" : {
    "metadata" : { }
  },
  "parametersMetadata" : {
    "metadata" : { }
  },
  "deployedAfter" : [ ],
  "hooks" : [ ]
} ]#
#2026 05 21 20:09:51.613#Z#DEBUG#fb7aa7c6-5550-11f1-be9f-eeee0a80e2d9.OPERATION#flowable-async-job-executor-thread-8795#
Step "Compute Next Modules To Deploy" finished#
#2026 05 21 20:09:51.743#Z#DEBUG#fb7aa7c6-5550-11f1-be9f-eeee0a80e2d9.OPERATION#flowable-async-job-executor-thread-8792#
[ProcessDescriptorStep] Executing task "reprocessDescriptorTask" of process "069bc6b5-5551-11f1-add1-eeee0a8c98ee"...#
#2026 05 21 20:09:51.744#Z#DEBUG#fb7aa7c6-5550-11f1-be9f-eeee0a80e2d9.OPERATION#flowable-async-job-executor-thread-8792#
[ProcessDescriptorStep] Resolving properties and parameters in merged descriptor...#
#2026 05 21 20:09:51.748#Z#DEBUG#fb7aa7c6-5550-11f1-be9f-eeee0a80e2d9.OPERATION#flowable-async-job-executor-thread-8792#
[ProcessDescriptorStep] Subscriptions: [ ]#
#2026 05 21 20:09:51.754#Z#DEBUG#fb7aa7c6-5550-11f1-be9f-eeee0a80e2d9.OPERATION#flowable-async-job-executor-thread-8792#
[ProcessDescriptorStep] MTA modules: [bookscapm-srv, bookscapm-app-content, bookscapm-db-deployer, bookscapm-destination-content]#
#2026 05 21 20:09:51.756#Z#DEBUG#fb7aa7c6-5550-11f1-be9f-eeee0a80e2d9.OPERATION#flowable-async-job-executor-thread-8792#
[ProcessDescriptorStep] Resolved deployment descriptor: {
  "majorSchemaVersion" : 3,
  "schemaVersion" : "3.3.0",
  "id" : "bookscapm",
  "version" : "1.0.0",
  "modules" : [ {
    "majorSchemaVersion" : 3,
    "name" : "bookscapm-srv",
    "type" : "javascript.nodejs",
    "path" : "bookscapm-srv",
    "properties" : { },
    "parameters" : {
      "default-url" : "https://28d7c084trial-dev-bookscapm-srv.cfapps.us10-001.hana.ondemand.com",
      "default-app-name" : "bookscapm-srv",
      "generated-password" : "********",
      "default-live-url" : "https://28d7c084trial-dev-bookscapm-srv.cfapps.us10-001.hana.ondemand.com",
      "default-uri" : "28d7c084trial-dev-bookscapm-srv.cfapps.us10-001.hana.ondemand.com",
      "default-instances" : 1,
      "default-live-host" : "28d7c084trial-dev-bookscapm-srv",
      "instances" : 1,
      "buildpack" : "nodejs_buildpack",
      "default-host" : "28d7c084trial-dev-bookscapm-srv",
      "app-name" : "bookscapm-srv",
      "default-live-uri" : "28d7c084trial-dev-bookscapm-srv.cfapps.us10-001.hana.ondemand.com",
      "protocol" : "https",
      "default-live-app-name" : "bookscapm-srv",
      "default-live-domain" : "cfapps.us10-001.hana.ondemand.com",
      "domain" : "cfapps.us10-001.hana.ondemand.com",
      "host" : "28d7c084trial-dev-bookscapm-srv",
      "generated-user" : "********"
    },
    "requiredDependencies" : [ {
      "majorSchemaVersion" : 3,
      "name" : "bookscapm-db",
      "properties" : { },
      "parameters" : { },
      "propertiesMetadata" : {
        "metadata" : { }
      },
      "parametersMetadata" : {
        "metadata" : { }
      }
    }, {
      "majorSchemaVersion" : 3,
      "name" : "uaa_bookscapm",
      "properties" : { },
      "parameters" : { },
      "propertiesMetadata" : {
        "metadata" : { }
      },
      "parametersMetadata" : {
        "metadata" : { }
      }
    } ],
    "providedDependencies" : [ {
      "majorSchemaVersion" : 3,
      "name" : "srv-api",
      "isPublic" : false,
      "properties" : {
        "srv-url" : "https://28d7c084trial-dev-bookscapm-srv.cfapps.us10-001.hana.ondemand.com"
      },
      "parameters" : { },
      "propertiesMetadata" : {
        "metadata" : { }
      },
      "parametersMetadata" : {
        "metadata" : { }
      }
    }, {
      "majorSchemaVersion" : 3,
      "name" : "bookscapm-srv",
      "isPublic" : false,
      "properties" : { },
      "parameters" : { },
      "propertiesMetadata" : {
        "metadata" : { }
      },
      "parametersMetadata" : {
        "metadata" : { }
      }
    } ],
    "propertiesMetadata" : {
      "metadata" : { }
    },
    "parametersMetadata" : {
      "metadata" : { }
    },
    "hooks" : [ ]
  }, {
    "majorSchemaVersion" : 3,
    "name" : "bookscapm-db-deployer",
    "type" : "com.sap.xs.hdi",
    "path" : "bookscapm-db-deployer",
    "properties" : {
      "EXIT" : 1
    },
    "parameters" : {
      "default-url" : "https://28d7c084trial-dev-bookscapm-db-deployer.cfapps.us10-001.hana.ondemand.com",
      "default-app-name" : "bookscapm-db-deployer",
      "generated-password" : "********",
      "default-live-url" : "https://28d7c084trial-dev-bookscapm-db-deployer.cfapps.us10-001.hana.ondemand.com",
      "default-uri" : "28d7c084trial-dev-bookscapm-db-deployer.cfapps.us10-001.hana.ondemand.com",
      "memory" : "256M",
      "default-instances" : 1,
      "no-route" : true,
      "default-live-host" : "28d7c084trial-dev-bookscapm-db-deployer",
      "instances" : 1,
      "buildpack" : "nodejs_buildpack",
      "default-host" : "28d7c084trial-dev-bookscapm-db-deployer",
      "app-name" : "bookscapm-db-deployer",
      "default-live-uri" : "28d7c084trial-dev-bookscapm-db-deployer.cfapps.us10-001.hana.ondemand.com",
      "protocol" : "https",
      "default-live-app-name" : "bookscapm-db-deployer",
      "default-live-domain" : "cfapps.us10-001.hana.ondemand.com",
      "dependency-type" : "hard",
      "domain" : "cfapps.us10-001.hana.ondemand.com",
      "host" : "28d7c084trial-dev-bookscapm-db-deployer",
      "generated-user" : "********",
      "tasks" : [ {
        "command" : "npm start",
        "memory" : "256M",
        "name" : "deploy"
      } ],
      "no-start" : true
    },
    "requiredDependencies" : [ {
      "majorSchemaVersion" : 3,
      "name" : "bookscapm-db",
      "properties" : { },
      "parameters" : { },
      "propertiesMetadata" : {
        "metadata" : { }
      },
      "parametersMetadata" : {
        "metadata" : { }
      }
    } ],
    "providedDependencies" : [ {
      "majorSchemaVersion" : 3,
      "name" : "bookscapm-db-deployer",
      "isPublic" : false,
      "properties" : { },
      "parameters" : { },
      "propertiesMetadata" : {
        "metadata" : { }
      },
      "parametersMetadata" : {
        "metadata" : { }
      }
    } ],
    "propertiesMetadata" : {
      "metadata" : { }
    },
    "parametersMetadata" : {
      "metadata" : { }
    },
    "hooks" : [ ]
  }, {
    "majorSchemaVersion" : 3,
    "name" : "bookscapm-destination-content",
    "type" : "com.sap.application.content",
    "properties" : { },
    "parameters" : {
      "default-url" : "https://28d7c084trial-dev-bookscapm-destination-content.cfapps.us10-001.hana.ondemand.com",
      "default-app-name" : "bookscapm-destination-content",
      "generated-password" : "********",
      "default-live-url" : "https://28d7c084trial-dev-bookscapm-destination-content.cfapps.us10-001.hana.ondemand.com",
      "default-uri" : "28d7c084trial-dev-bookscapm-destination-content.cfapps.us10-001.hana.ondemand.com",
      "default-instances" : 1,
      "default-live-host" : "28d7c084trial-dev-bookscapm-destination-content",
      "instances" : 1,
      "default-host" : "28d7c084trial-dev-bookscapm-destination-content",
      "content" : {
        "instance" : {
          "destinations" : [ {
            "Name" : "bookscapmapprouter_bookscapm_html_repo_host",
            "ServiceInstanceName" : "bookscapm-html5-app-host-service",
            "ServiceKeyName" : "********",
            "sap.cloud.service" : "bookscapmapprouter"
          }, {
            "Authentication" : "********",
            "Name" : "bookscapmapprouter_uaa_bookscapm",
            "ServiceInstanceName" : "bookscapm-xsuaa-service",
            "ServiceKeyName" : "********",
            "sap.cloud.service" : "bookscapmapprouter"
          } ],
          "existing_destinations_policy" : "ignore"
        }
      },
      "app-name" : "bookscapm-destination-content",
      "default-live-uri" : "28d7c084trial-dev-bookscapm-destination-content.cfapps.us10-001.hana.ondemand.com",
      "protocol" : "https",
      "default-live-app-name" : "bookscapm-destination-content",
      "default-live-domain" : "cfapps.us10-001.hana.ondemand.com",
      "domain" : "cfapps.us10-001.hana.ondemand.com",
      "host" : "28d7c084trial-dev-bookscapm-destination-content",
      "generated-user" : "********"
    },
    "requiredDependencies" : [ {
      "majorSchemaVersion" : 3,
      "name" : "bookscapm-destination-service",
      "properties" : { },
      "parameters" : {
        "content-target" : true
      },
      "propertiesMetadata" : {
        "metadata" : { }
      },
      "parametersMetadata" : {
        "metadata" : { }
      }
    }, {
      "majorSchemaVersion" : 3,
      "name" : "bookscapm_html_repo_host",
      "properties" : { },
      "parameters" : {
        "service-key" : "********"
      },
      "propertiesMetadata" : {
        "metadata" : { }
      },
      "parametersMetadata" : {
        "metadata" : { }
      }
    }, {
      "majorSchemaVersion" : 3,
      "name" : "uaa_bookscapm",
      "properties" : { },
      "parameters" : {
        "service-key" : "********"
      },
      "propertiesMetadata" : {
        "metadata" : { }
      },
      "parametersMetadata" : {
        "metadata" : { }
      }
    } ],
    "providedDependencies" : [ {
      "majorSchemaVersion" : 3,
      "name" : "bookscapm-destination-content",
      "isPublic" : false,
      "properties" : { },
      "parameters" : { },
      "propertiesMetadata" : {
        "metadata" : { }
      },
      "parametersMetadata" : {
        "metadata" : { }
      }
    } ],
    "propertiesMetadata" : {
      "metadata" : { }
    },
    "parametersMetadata" : {
      "metadata" : { }
    },
    "hooks" : [ ]
  }, {
    "majorSchemaVersion" : 3,
    "name" : "bookscapm-app-content",
    "type" : "com.sap.application.content",
    "path" : "bookscapm-app-content",
    "properties" : { },
    "parameters" : {
      "default-url" : "https://28d7c084trial-dev-bookscapm-app-content.cfapps.us10-001.hana.ondemand.com",
      "default-app-name" : "bookscapm-app-content",
      "generated-password" : "********",
      "default-live-url" : "https://28d7c084trial-dev-bookscapm-app-content.cfapps.us10-001.hana.ondemand.com",
      "default-uri" : "28d7c084trial-dev-bookscapm-app-content.cfapps.us10-001.hana.ondemand.com",
      "default-instances" : 1,
      "default-live-host" : "28d7c084trial-dev-bookscapm-app-content",
      "instances" : 1,
      "default-host" : "28d7c084trial-dev-bookscapm-app-content",
      "app-name" : "bookscapm-app-content",
      "default-live-uri" : "28d7c084trial-dev-bookscapm-app-content.cfapps.us10-001.hana.ondemand.com",
      "protocol" : "https",
      "default-live-app-name" : "bookscapm-app-content",
      "default-live-domain" : "cfapps.us10-001.hana.ondemand.com",
      "domain" : "cfapps.us10-001.hana.ondemand.com",
      "host" : "28d7c084trial-dev-bookscapm-app-content",
      "generated-user" : "********"
    },
    "requiredDependencies" : [ {
      "majorSchemaVersion" : 3,
      "name" : "bookscapm_html_repo_host",
      "properties" : { },
      "parameters" : {
        "content-target" : true
      },
      "propertiesMetadata" : {
        "metadata" : { }
      },
      "parametersMetadata" : {
        "metadata" : { }
      }
    } ],
    "providedDependencies" : [ {
      "majorSchemaVersion" : 3,
      "name" : "bookscapm-app-content",
      "isPublic" : false,
      "properties" : { },
      "parameters" : { },
      "propertiesMetadata" : {
        "metadata" : { }
      },
      "parametersMetadata" : {
        "metadata" : { }
      }
    } ],
    "propertiesMetadata" : {
      "metadata" : { }
    },
    "parametersMetadata" : {
      "metadata" : { }
    },
    "hooks" : [ ]
  } ],
  "resources" : [ {
    "majorSchemaVersion" : 3,
    "name" : "bookscapm-db",
    "type" : "com.sap.xs.hdi-container",
    "properties" : { },
    "parameters" : {
      "generated-password" : "********",
      "service-name" : "bookscapm-db",
      "service-plan" : "hdi-shared",
      "service" : "hana",
      "generated-user" : "********",
      "default-xsappname" : "bookscapm-db",
      "type" : "managed-service",
      "default-service-name" : "bookscapm-db",
      "default-container-name" : "28D7C084TRIAL_DEV_BOOKSCAPM_DB"
    },
    "isActive" : true,
    "isOptional" : false,
    "propertiesMetadata" : {
      "metadata" : { }
    },
    "parametersMetadata" : {
      "metadata" : { }
    },
    "requiredDependencies" : [ ],
    "processedAfter" : [ ]
  }, {
    "majorSchemaVersion" : 3,
    "name" : "bookscapm-destination-service",
    "type" : "org.cloudfoundry.managed-service",
    "properties" : { },
    "parameters" : {
      "generated-password" : "********",
      "service-name" : "bookscapm-destination-service",
      "service-plan" : "lite",
      "service" : "destination",
      "generated-user" : "********",
      "default-xsappname" : "bookscapm-destination-service",
      "type" : "managed-service",
      "config" : {
        "HTML5Runtime_enabled" : true,
        "init_data" : {
          "instance" : {
            "destinations" : [ {
              "Authentication" : "********",
              "Name" : "ui5",
              "ProxyType" : "Internet",
              "Type" : "HTTP",
              "URL" : "https://ui5.sap.com"
            }, {
              "Authentication" : "********",
              "HTML5.DynamicDestination" : true,
              "HTML5.ForwardAuthToken" : "********",
              "Name" : "srv-api",
              "ProxyType" : "Internet",
              "Type" : "HTTP",
              "URL" : "https://28d7c084trial-dev-bookscapm-srv.cfapps.us10-001.hana.ondemand.com"
            } ],
            "existing_destinations_policy" : "update"
          }
        },
        "version" : "1.0.0"
      },
      "default-service-name" : "bookscapm-destination-service",
      "default-container-name" : "28D7C084TRIAL_DEV_BOOKSCAPM_DESTINATION_SERVICE"
    },
    "isActive" : true,
    "isOptional" : false,
    "propertiesMetadata" : {
      "metadata" : { }
    },
    "parametersMetadata" : {
      "metadata" : { }
    },
    "requiredDependencies" : [ {
      "majorSchemaVersion" : 3,
      "name" : "srv-api",
      "properties" : { },
      "parameters" : { },
      "propertiesMetadata" : {
        "metadata" : { }
      },
      "parametersMetadata" : {
        "metadata" : { }
      }
    } ],
    "processedAfter" : [ ]
  }, {
    "majorSchemaVersion" : 3,
    "name" : "bookscapm_html_repo_host",
    "type" : "org.cloudfoundry.managed-service",
    "properties" : { },
    "parameters" : {
      "generated-password" : "********",
      "service-name" : "bookscapm-html5-app-host-service",
      "service-plan" : "app-host",
      "service" : "html5-apps-repo",
      "generated-user" : "********",
      "default-xsappname" : "bookscapm_html_repo_host",
      "type" : "managed-service",
      "default-service-name" : "bookscapm_html_repo_host",
      "default-container-name" : "28D7C084TRIAL_DEV_BOOKSCAPM_HTML_REPO_HOST"
    },
    "isActive" : true,
    "isOptional" : false,
    "propertiesMetadata" : {
      "metadata" : { }
    },
    "parametersMetadata" : {
      "metadata" : { }
    },
    "requiredDependencies" : [ ],
    "processedAfter" : [ ]
  }, {
    "majorSchemaVersion" : 3,
    "name" : "uaa_bookscapm",
    "type" : "org.cloudfoundry.managed-service",
    "properties" : { },
    "parameters" : {
      "generated-password" : "********",
      "path" : "./xs-security.json",
      "service-name" : "bookscapm-xsuaa-service",
      "service-plan" : "application",
      "service" : "xsuaa",
      "generated-user" : "********",
      "default-xsappname" : "uaa_bookscapm",
      "type" : "managed-service",
      "default-service-name" : "uaa_bookscapm",
      "default-container-name" : "28D7C084TRIAL_DEV_UAA_BOOKSCAPM"
    },
    "isActive" : true,
    "isOptional" : false,
    "propertiesMetadata" : {
      "metadata" : { }
    },
    "parametersMetadata" : {
      "metadata" : { }
    },
    "requiredDependencies" : [ ],
    "processedAfter" : [ ]
  } ],
  "parameters" : {
    "deploy_mode" : "html5-repo",
    "mta-id" : "bookscapm",
    "authorization-url" : "********",
    "org-guid" : "51676b3c-3669-44ee-8d82-d188a1d10898",
    "org" : "28d7c084trial",
    "deploy-target" : "28d7c084trial dev",
    "enable-parallel-deployments" : true,
    "region-primary-domain" : "us10.hana.ondemand.com",
    "space" : "dev",
    "region-domain" : "us10-001.hana.ondemand.com",
    "xs-api-url" : "https://api.cf.us10-001.hana.ondemand.com",
    "deploy-url" : "deploy-service.cfapps.us10-001.hana.ondemand.com",
    "xs-type" : "CF",
    "default-domain" : "cfapps.us10-001.hana.ondemand.com",
    "mta-version" : "1.0.0",
    "xs-auth-url" : "********",
    "space-guid" : "b60fe882-3fd1-4122-b7fc-833334cb72da",
    "user" : "********",
    "controller-url" : "https://api.cf.us10-001.hana.ondemand.com",
    "timestamp" : "20260521200933"
  },
  "parametersMetadata" : {
    "metadata" : { }
  }
}#
#2026 05 21 20:09:51.756#Z#DEBUG#fb7aa7c6-5550-11f1-be9f-eeee0a80e2d9.OPERATION#flowable-async-job-executor-thread-8792#
[ProcessDescriptorStep] Merged descriptor properties and parameters resolved#
#2026 05 21 20:09:51.756#Z#DEBUG#fb7aa7c6-5550-11f1-be9f-eeee0a80e2d9.OPERATION#flowable-async-job-executor-thread-8792#
Step "Re-Process Descriptor Step" finished#
#2026 05 21 20:09:51.784#Z#DEBUG#fb7aa7c6-5550-11f1-be9f-eeee0a80e2d9.OPERATION#flowable-async-job-executor-thread-8791#
[BuildApplicationDeployModelStep] Executing task "buildApplicationDeployModelTask" of process "069bc6b5-5551-11f1-add1-eeee0a8c98ee"...#
#2026 05 21 20:09:51.786#Z#DEBUG#fb7aa7c6-5550-11f1-be9f-eeee0a80e2d9.OPERATION#flowable-async-job-executor-thread-8791#
[BuildApplicationDeployModelStep] Building cloud deployment model for application "bookscapm-db-deployer"...#
#2026 05 21 20:09:51.792#Z#DEBUG#fb7aa7c6-5550-11f1-be9f-eeee0a80e2d9.OPERATION#flowable-async-job-executor-thread-8791#
[BuildApplicationDeployModelStep] No health-check-type is specified. Setting default type: port#
#2026 05 21 20:09:51.792#Z#INFO#fb7aa7c6-5550-11f1-be9f-eeee0a80e2d9.OPERATION#flowable-async-job-executor-thread-8791#
[BuildApplicationDeployModelStep] Building configuration entries for org 28d7c084trial, space dev, spaceId b60fe882-3fd1-4122-b7fc-833334cb72da and namespace null!#
#2026 05 21 20:09:51.793#Z#DEBUG#fb7aa7c6-5550-11f1-be9f-eeee0a80e2d9.OPERATION#flowable-async-job-executor-thread-8791#
[BuildApplicationDeployModelStep] Configuration entries to publish: [ ]#
#2026 05 21 20:09:51.793#Z#DEBUG#fb7aa7c6-5550-11f1-be9f-eeee0a80e2d9.OPERATION#flowable-async-job-executor-thread-8791#
[BuildApplicationDeployModelStep] Cloud deployment model for application built#
#2026 05 21 20:09:51.793#Z#DEBUG#fb7aa7c6-5550-11f1-be9f-eeee0a80e2d9.OPERATION#flowable-async-job-executor-thread-8791#
Step "Build Application Deploy Model" finished#
#2026 05 21 20:09:51.827#Z#DEBUG#fb7aa7c6-5550-11f1-be9f-eeee0a80e2d9.OPERATION#flowable-async-job-executor-thread-8791#
[CreateOrUpdateAppStep] Executing task "createAppTask" of process "069bc6b5-5551-11f1-add1-eeee0a8c98ee"...#
#2026 05 21 20:09:51.828#Z#DEBUG#fb7aa7c6-5550-11f1-be9f-eeee0a80e2d9.OPERATION#flowable-async-job-executor-thread-8791#
[CreateOrUpdateAppStep] Getting application "bookscapm-db-deployer"...#
#2026 05 21 20:09:51.864#Z#INFO#fb7aa7c6-5550-11f1-be9f-eeee0a80e2d9.OPERATION#flowable-async-job-executor-thread-8791#
[CreateOrUpdateAppStep] Creating application "bookscapm-db-deployer" from MTA module "bookscapm-db-deployer"...#
#2026 05 21 20:09:51.870#Z#DEBUG#fb7aa7c6-5550-11f1-be9f-eeee0a80e2d9.OPERATION#flowable-async-job-executor-thread-8791#
[CreateOrUpdateAppStep] Creating application "bookscapm-db-deployer" with disk "null" memory "256", URIs "" and staging: "{
  "buildpacks" : [ "nodejs_buildpack" ],
  "healthCheckType" : "port",
  "appFeatures" : { }
}"#
#2026 05 21 20:09:52.143#Z#DEBUG#fb7aa7c6-5550-11f1-be9f-eeee0a80e2d9.OPERATION#flowable-async-job-executor-thread-8791#
[CreateOrUpdateAppStep] Application "bookscapm-db-deployer" created#
#2026 05 21 20:09:52.143#Z#DEBUG#fb7aa7c6-5550-11f1-be9f-eeee0a80e2d9.OPERATION#flowable-async-job-executor-thread-8791#
Step "Create App" finished#
#2026 05 21 20:09:52.242#Z#DEBUG#fb7aa7c6-5550-11f1-be9f-eeee0a80e2d9.OPERATION#flowable-async-job-executor-thread-8791#
[CheckServiceBindingOperationStep] Executing task "checkForServiceBindingOperationInProgress" of process "06e922cb-5551-11f1-add1-eeee0a8c98ee"...#
#2026 05 21 20:09:52.243#Z#DEBUG#fb7aa7c6-5550-11f1-be9f-eeee0a80e2d9.OPERATION#flowable-async-job-executor-thread-8791#
[CheckServiceBindingOperationStep] Checking for service binding operation in progress between app "bookscapm-db-deployer" and service instance "bookscapm-db"#
#2026 05 21 20:09:52.243#Z#DEBUG#fb7aa7c6-5550-11f1-be9f-eeee0a80e2d9.OPERATION#flowable-async-job-executor-thread-8791#
[CheckServiceBindingOperationStep] Getting application guid "bookscapm-db-deployer"...#
#2026 05 21 20:09:52.284#Z#DEBUG#fb7aa7c6-5550-11f1-be9f-eeee0a80e2d9.OPERATION#flowable-async-job-executor-thread-8791#
[CheckServiceBindingOperationStep] Getting GUID of required service instance "bookscapm-db"...#
#2026 05 21 20:09:52.313#Z#DEBUG#fb7aa7c6-5550-11f1-be9f-eeee0a80e2d9.OPERATION#flowable-async-job-executor-thread-8791#
[CheckServiceBindingOperationStep] Getting binding of service instance "b2f93d59-c13e-49bf-8dac-2b9e6dbbf03c" with application "4ca6a648-0175-4d7e-abff-7f676a3265c6"...#
#2026 05 21 20:09:52.339#Z#DEBUG#fb7aa7c6-5550-11f1-be9f-eeee0a80e2d9.OPERATION#flowable-async-job-executor-thread-8791#
Step "Check For Service Binding Operation In Progress" finished#
#2026 05 21 20:09:52.363#Z#DEBUG#fb7aa7c6-5550-11f1-be9f-eeee0a80e2d9.OPERATION#flowable-async-job-executor-thread-8791#
[DetermineApplicationServiceBindingActionsStep] Executing task "determineApplicationServiceBindingActionsTask" of process "06e922cb-5551-11f1-add1-eeee0a8c98ee"...#
#2026 05 21 20:09:52.364#Z#DEBUG#fb7aa7c6-5550-11f1-be9f-eeee0a80e2d9.OPERATION#flowable-async-job-executor-thread-8791#
[DetermineApplicationServiceBindingActionsStep] Determine bind/unbind operations of application "bookscapm-db-deployer" to service instance "bookscapm-db"#
#2026 05 21 20:09:52.364#Z#DEBUG#fb7aa7c6-5550-11f1-be9f-eeee0a80e2d9.OPERATION#flowable-async-job-executor-thread-8791#
[DetermineApplicationServiceBindingActionsStep] Getting application "bookscapm-db-deployer"...#
#2026 05 21 20:09:52.409#Z#DEBUG#fb7aa7c6-5550-11f1-be9f-eeee0a80e2d9.OPERATION#flowable-async-job-executor-thread-8791#
[DetermineApplicationServiceBindingActionsStep] Binding parameters for application "bookscapm-db-deployer": { }#
#2026 05 21 20:09:52.446#Z#DEBUG#fb7aa7c6-5550-11f1-be9f-eeee0a80e2d9.OPERATION#flowable-async-job-executor-thread-8791#
[DetermineApplicationServiceBindingActionsStep] Calculated binding operations between application "bookscapm-db-deployer" and service instance "bookscapm-db": unbind - false bind - true#
#2026 05 21 20:09:52.446#Z#DEBUG#fb7aa7c6-5550-11f1-be9f-eeee0a80e2d9.OPERATION#flowable-async-job-executor-thread-8791#
Step "Determine Application Service Binding Actions" finished#
#2026 05 21 20:09:52.478#Z#DEBUG#fb7aa7c6-5550-11f1-be9f-eeee0a80e2d9.OPERATION#flowable-async-job-executor-thread-8791#
[BindServiceToApplicationStep] Executing task "bindServiceToApplicationTask" of process "06e922cb-5551-11f1-add1-eeee0a8c98ee"...#
#2026 05 21 20:09:52.480#Z#INFO#fb7aa7c6-5550-11f1-be9f-eeee0a80e2d9.OPERATION#flowable-async-job-executor-thread-8791#
[BindServiceToApplicationStep] Binding service instance "bookscapm-db" to application "bookscapm-db-deployer"...#
#2026 05 21 20:09:52.485#Z#DEBUG#fb7aa7c6-5550-11f1-be9f-eeee0a80e2d9.OPERATION#flowable-async-job-executor-thread-8791#
[BindServiceToApplicationStep] Binding service instance "bookscapm-db" to application "bookscapm-db-deployer" with parameters: { }#
#2026 05 21 20:09:52.607#Z#DEBUG#fb7aa7c6-5550-11f1-be9f-eeee0a80e2d9.OPERATION#flowable-async-job-executor-thread-8791#
Step "Bind Service to Application" finished#
#2026 05 21 20:09:53.523#Z#DEBUG#fb7aa7c6-5550-11f1-be9f-eeee0a80e2d9.OPERATION#flowable-async-job-executor-thread-8793#
[BuildContentDeploymentConfigurationStep] Executing task "buildContentDeploymentConfigurationTask" of process "07aac605-5551-11f1-add1-eeee0a8c98ee"...#
#2026 05 21 20:09:53.530#Z#DEBUG#fb7aa7c6-5550-11f1-be9f-eeee0a80e2d9.OPERATION#ForkJoinPool-196-worker-3#
[BuildContentDeploymentConfigurationStep] Getting service key "bookscapm_html_repo_host-key" for service instance "bookscapm-html5-app-host-service"...#
#2026 05 21 20:09:53.530#Z#DEBUG#fb7aa7c6-5550-11f1-be9f-eeee0a80e2d9.OPERATION#ForkJoinPool-196-worker-2#
[BuildContentDeploymentConfigurationStep] Getting service key "uaa_bookscapm-key" for service instance "bookscapm-xsuaa-service"...#
#2026 05 21 20:09:53.530#Z#DEBUG#fb7aa7c6-5550-11f1-be9f-eeee0a80e2d9.OPERATION#ForkJoinPool-196-worker-1#
[BuildContentDeploymentConfigurationStep] Getting service key "bookscapm-destination-content-bookscapm-destination-service-credentials" for service instance "bookscapm-destination-service"...#
#2026 05 21 20:09:53.697#Z#INFO#fb7aa7c6-5550-11f1-be9f-eeee0a80e2d9.OPERATION#ForkJoinPool-196-worker-3#
[BuildContentDeploymentConfigurationStep] Service key "bookscapm_html_repo_host-key" for service "bookscapm-html5-app-host-service" already exists#
#2026 05 21 20:09:53.701#Z#INFO#fb7aa7c6-5550-11f1-be9f-eeee0a80e2d9.OPERATION#ForkJoinPool-196-worker-1#
[BuildContentDeploymentConfigurationStep] Service key "bookscapm-destination-content-bookscapm-destination-service-credentials" for service "bookscapm-destination-service" already exists#
#2026 05 21 20:09:53.701#Z#INFO#fb7aa7c6-5550-11f1-be9f-eeee0a80e2d9.OPERATION#ForkJoinPool-196-worker-2#
[BuildContentDeploymentConfigurationStep] Service key "uaa_bookscapm-key" for service "bookscapm-xsuaa-service" already exists#
#2026 05 21 20:09:53.709#Z#DEBUG#fb7aa7c6-5550-11f1-be9f-eeee0a80e2d9.OPERATION#flowable-async-job-executor-thread-8793#
Step "Build Content Deployment Configuration" finished#
#2026 05 21 20:09:53.712#Z#DEBUG#fb7aa7c6-5550-11f1-be9f-eeee0a80e2d9.OPERATION#flowable-async-job-executor-thread-8793#
[CreateContentDeployClientConfigurationStep] Executing task "createContentDeployClientConfigurationTask" of process "07d1fc2b-5551-11f1-add1-eeee0a8c98ee"...#
#2026 05 21 20:09:53.712#Z#DEBUG#fb7aa7c6-5550-11f1-be9f-eeee0a80e2d9.OPERATION#flowable-async-job-executor-thread-8793#
[CreateContentDeployClientConfigurationStep] Content deployer client configuration: {
  "contentDeployerUrl" : "https://destination-configuration.cfapps.us10.hana.ondemand.com/destination-configuration/gacd",
  "uaaClientConfiguration" : {
    "url" : "********",
    "credentials" : "********",
    "authenticationStrategyType" : "********"
  },
  "httpRequestHeaders" : {
    "X-CorrelationID" : "fb7aa7c6-5550-11f1-be9f-eeee0a80e2d9"
  },
  "spaceId" : "b60fe882-3fd1-4122-b7fc-833334cb72da",
  "serviceName" : "bookscapm-destination-service"
}#
#2026 05 21 20:09:53.873#Z#DEBUG#fb7aa7c6-5550-11f1-be9f-eeee0a80e2d9.OPERATION#flowable-async-job-executor-thread-8793#
Step "Create Content Deploy Client Configuration" finished#
#2026 05 21 20:09:53.874#Z#DEBUG#fb7aa7c6-5550-11f1-be9f-eeee0a80e2d9.OPERATION#flowable-async-job-executor-thread-8793#
[GetContentFromDeploymentDescriptorStep] Executing task "getContentFromDeploymentDescriptorTask" of process "07d1fc2b-5551-11f1-add1-eeee0a8c98ee"...#
#2026 05 21 20:09:53.874#Z#DEBUG#fb7aa7c6-5550-11f1-be9f-eeee0a80e2d9.OPERATION#flowable-async-job-executor-thread-8793#
[GetContentFromDeploymentDescriptorStep] Content for module: "bookscapm-destination-content" is: "{
  "id" : "1676f36a-1926-47d4-9d33-c3119697908f",
  "contentType" : "EMBEDDED",
  "content" : {
    "instance" : {
      "destinations" : [ {
        "Name" : "bookscapmapprouter_bookscapm_html_repo_host",
        "ServiceInstanceName" : "bookscapm-html5-app-host-service",
        "ServiceKeyName" : "********",
        "sap.cloud.service" : "bookscapmapprouter"
      }, {
        "Authentication" : "********",
        "Name" : "bookscapmapprouter_uaa_bookscapm",
        "ServiceInstanceName" : "bookscapm-xsuaa-service",
        "ServiceKeyName" : "********",
        "sap.cloud.service" : "bookscapmapprouter"
      } ],
      "existing_destinations_policy" : "ignore"
    }
  }
}"#
#2026 05 21 20:09:53.874#Z#DEBUG#fb7aa7c6-5550-11f1-be9f-eeee0a80e2d9.OPERATION#flowable-async-job-executor-thread-8793#
Step "Get Content From Deployment Descriptor" finished#
#2026 05 21 20:09:53.697#Z#DEBUG#fb7aa7c6-5550-11f1-be9f-eeee0a80e2d9.OPERATION#flowable-async-job-executor-thread-6557#
[BuildContentDeploymentConfigurationStep] Executing task "buildContentDeploymentConfigurationTask" of process "07bf8663-5551-11f1-9766-eeee0a8faf9b"...#
#2026 05 21 20:09:53.705#Z#DEBUG#fb7aa7c6-5550-11f1-be9f-eeee0a80e2d9.OPERATION#flowable-async-job-executor-thread-6557#
[BuildContentDeploymentConfigurationStep] Getting service key "bookscapm-app-content-bookscapm_html_repo_host-credentials" for service instance "bookscapm-html5-app-host-service"...#
#2026 05 21 20:09:53.901#Z#INFO#fb7aa7c6-5550-11f1-be9f-eeee0a80e2d9.OPERATION#flowable-async-job-executor-thread-6557#
[BuildContentDeploymentConfigurationStep] Service key "bookscapm-app-content-bookscapm_html_repo_host-credentials" for service "bookscapm-html5-app-host-service" already exists#
#2026 05 21 20:09:53.909#Z#DEBUG#fb7aa7c6-5550-11f1-be9f-eeee0a80e2d9.OPERATION#flowable-async-job-executor-thread-6557#
Step "Build Content Deployment Configuration" finished#
#2026 05 21 20:09:53.914#Z#DEBUG#fb7aa7c6-5550-11f1-be9f-eeee0a80e2d9.OPERATION#flowable-async-job-executor-thread-6557#
[CreateContentDeployClientConfigurationStep] Executing task "createContentDeployClientConfigurationTask" of process "07f0a799-5551-11f1-9766-eeee0a8faf9b"...#
#2026 05 21 20:09:53.914#Z#DEBUG#fb7aa7c6-5550-11f1-be9f-eeee0a80e2d9.OPERATION#flowable-async-job-executor-thread-6557#
[CreateContentDeployClientConfigurationStep] Content deployer client configuration: {
  "contentDeployerUrl" : "https://html5-apps-repo-dt.cfapps.us10.hana.ondemand.com",
  "uaaClientConfiguration" : {
    "url" : "********",
    "credentials" : "********",
    "authenticationStrategyType" : "********"
  },
  "httpRequestHeaders" : {
    "X-CorrelationID" : "fb7aa7c6-5550-11f1-be9f-eeee0a80e2d9"
  },
  "spaceId" : "b60fe882-3fd1-4122-b7fc-833334cb72da",
  "serviceName" : "bookscapm_html_repo_host"
}#
#2026 05 21 20:09:54.097#Z#DEBUG#fb7aa7c6-5550-11f1-be9f-eeee0a80e2d9.OPERATION#flowable-async-job-executor-thread-6557#
Step "Create Content Deploy Client Configuration" finished#
#2026 05 21 20:09:54.099#Z#DEBUG#fb7aa7c6-5550-11f1-be9f-eeee0a80e2d9.OPERATION#flowable-async-job-executor-thread-6557#
[GetContentFromDeploymentDescriptorStep] Executing task "getContentFromDeploymentDescriptorTask" of process "07f0a799-5551-11f1-9766-eeee0a8faf9b"...#
#2026 05 21 20:09:54.100#Z#DEBUG#fb7aa7c6-5550-11f1-be9f-eeee0a80e2d9.OPERATION#flowable-async-job-executor-thread-6557#
Step "Get Content From Deployment Descriptor" finished#
#2026 05 21 20:09:53.875#Z#DEBUG#fb7aa7c6-5550-11f1-be9f-eeee0a80e2d9.OPERATION#flowable-async-job-executor-thread-8793#
[SynchronousContentDeployStep] Executing task "synchronousContentDeployTask" of process "07d1fc2b-5551-11f1-add1-eeee0a8c98ee"...#
#2026 05 21 20:09:53.876#Z#INFO#fb7aa7c6-5550-11f1-be9f-eeee0a80e2d9.OPERATION#flowable-async-job-executor-thread-8793#
[SynchronousContentDeployStep] Deploying content module "bookscapm-destination-content" in target service "bookscapm-destination-service"...#
#2026 05 21 20:09:54.033#Z#DEBUG#fb7aa7c6-5550-11f1-be9f-eeee0a80e2d9.OPERATION#flowable-async-job-executor-thread-8793#
[SynchronousContentDeployStep] Processing inline content upload for module: bookscapm-destination-content#
#2026 05 21 20:09:54.291#Z#DEBUG#fb7aa7c6-5550-11f1-be9f-eeee0a80e2d9.OPERATION#flowable-async-job-executor-thread-8793#
Step "Synchronous Deploy" finished#
#2026 05 21 20:09:54.101#Z#DEBUG#fb7aa7c6-5550-11f1-be9f-eeee0a80e2d9.OPERATION#flowable-async-job-executor-thread-6557#
[UploadContentStep] Executing task "uploadContentTask" of process "07f0a799-5551-11f1-9766-eeee0a8faf9b"...#
#2026 05 21 20:09:54.102#Z#INFO#fb7aa7c6-5550-11f1-be9f-eeee0a80e2d9.OPERATION#flowable-async-job-executor-thread-6557#
[UploadContentStep] Uploading content module "bookscapm-app-content" in target service "bookscapm_html_repo_host"...#
#2026 05 21 20:09:54.109#Z#DEBUG#fb7aa7c6-5550-11f1-be9f-eeee0a80e2d9.OPERATION#flowable-async-job-executor-thread-6557#
[UploadContentStep] Uploading file "bookscapm-app-content/resources/data.zip" for content module "bookscapm-app-content" in service "bookscapm_html_repo_host"#
#2026 05 21 20:09:54.369#Z#INFO#fb7aa7c6-5550-11f1-be9f-eeee0a80e2d9.OPERATION#flowable-async-job-executor-thread-6557#
[UploadContentStep] Content to deploy size: 5,137 in bytes#
#2026 05 21 20:09:54.939#Z#DEBUG#fb7aa7c6-5550-11f1-be9f-eeee0a80e2d9.OPERATION#flowable-async-job-executor-thread-6557#
[UploadContentStep] Uploaded content: {
  "id" : "7d9818c1-ec1c-4ae2-98ea-eae8b12a12d4",
  "name" : "content.zip",
  "contentType" : "FILE"
}#
#2026 05 21 20:09:54.939#Z#DEBUG#fb7aa7c6-5550-11f1-be9f-eeee0a80e2d9.OPERATION#flowable-async-job-executor-thread-6557#
Step "Upload Content" finished#
#2026 05 21 20:09:54.941#Z#DEBUG#fb7aa7c6-5550-11f1-be9f-eeee0a80e2d9.OPERATION#flowable-async-job-executor-thread-6557#
[StartContentDeployStep] Executing task "startContentDeployTask" of process "07f0a799-5551-11f1-9766-eeee0a8faf9b"...#
#2026 05 21 20:09:54.941#Z#INFO#fb7aa7c6-5550-11f1-be9f-eeee0a80e2d9.OPERATION#flowable-async-job-executor-thread-6557#
[StartContentDeployStep] Deploying content module "bookscapm-app-content" in target service "bookscapm_html_repo_host"...#
#2026 05 21 20:09:55.200#Z#DEBUG#fb7aa7c6-5550-11f1-be9f-eeee0a80e2d9.OPERATION#flowable-async-job-executor-thread-6557#
Step "Start Content Deploy" finished#
#2026 05 21 20:09:56.539#Z#DEBUG#fb7aa7c6-5550-11f1-be9f-eeee0a80e2d9.OPERATION#flowable-async-job-executor-thread-8797#
[ProcessDescriptorStep] Executing task "reprocessDescriptorTask" of process "0976fa4c-5551-11f1-add1-eeee0a8c98ee"...#
#2026 05 21 20:09:56.540#Z#DEBUG#fb7aa7c6-5550-11f1-be9f-eeee0a80e2d9.OPERATION#flowable-async-job-executor-thread-8797#
[ProcessDescriptorStep] Resolving properties and parameters in merged descriptor...#
#2026 05 21 20:09:56.543#Z#DEBUG#fb7aa7c6-5550-11f1-be9f-eeee0a80e2d9.OPERATION#flowable-async-job-executor-thread-8797#
[ProcessDescriptorStep] Subscriptions: [ ]#
#2026 05 21 20:09:56.550#Z#DEBUG#fb7aa7c6-5550-11f1-be9f-eeee0a80e2d9.OPERATION#flowable-async-job-executor-thread-8797#
[ProcessDescriptorStep] MTA modules: [bookscapm-srv, bookscapm-app-content, bookscapm-db-deployer, bookscapm-destination-content]#
#2026 05 21 20:09:56.553#Z#DEBUG#fb7aa7c6-5550-11f1-be9f-eeee0a80e2d9.OPERATION#flowable-async-job-executor-thread-8797#
[ProcessDescriptorStep] Resolved deployment descriptor: {
  "majorSchemaVersion" : 3,
  "schemaVersion" : "3.3.0",
  "id" : "bookscapm",
  "version" : "1.0.0",
  "modules" : [ {
    "majorSchemaVersion" : 3,
    "name" : "bookscapm-srv",
    "type" : "javascript.nodejs",
    "path" : "bookscapm-srv",
    "properties" : { },
    "parameters" : {
      "default-url" : "https://28d7c084trial-dev-bookscapm-srv.cfapps.us10-001.hana.ondemand.com",
      "default-app-name" : "bookscapm-srv",
      "generated-password" : "********",
      "default-live-url" : "https://28d7c084trial-dev-bookscapm-srv.cfapps.us10-001.hana.ondemand.com",
      "default-uri" : "28d7c084trial-dev-bookscapm-srv.cfapps.us10-001.hana.ondemand.com",
      "default-instances" : 1,
      "default-live-host" : "28d7c084trial-dev-bookscapm-srv",
      "instances" : 1,
      "buildpack" : "nodejs_buildpack",
      "default-host" : "28d7c084trial-dev-bookscapm-srv",
      "app-name" : "bookscapm-srv",
      "default-live-uri" : "28d7c084trial-dev-bookscapm-srv.cfapps.us10-001.hana.ondemand.com",
      "protocol" : "https",
      "default-live-app-name" : "bookscapm-srv",
      "default-live-domain" : "cfapps.us10-001.hana.ondemand.com",
      "domain" : "cfapps.us10-001.hana.ondemand.com",
      "host" : "28d7c084trial-dev-bookscapm-srv",
      "generated-user" : "********"
    },
    "requiredDependencies" : [ {
      "majorSchemaVersion" : 3,
      "name" : "bookscapm-db",
      "properties" : { },
      "parameters" : { },
      "propertiesMetadata" : {
        "metadata" : { }
      },
      "parametersMetadata" : {
        "metadata" : { }
      }
    }, {
      "majorSchemaVersion" : 3,
      "name" : "uaa_bookscapm",
      "properties" : { },
      "parameters" : { },
      "propertiesMetadata" : {
        "metadata" : { }
      },
      "parametersMetadata" : {
        "metadata" : { }
      }
    } ],
    "providedDependencies" : [ {
      "majorSchemaVersion" : 3,
      "name" : "srv-api",
      "isPublic" : false,
      "properties" : {
        "srv-url" : "https://28d7c084trial-dev-bookscapm-srv.cfapps.us10-001.hana.ondemand.com"
      },
      "parameters" : { },
      "propertiesMetadata" : {
        "metadata" : { }
      },
      "parametersMetadata" : {
        "metadata" : { }
      }
    }, {
      "majorSchemaVersion" : 3,
      "name" : "bookscapm-srv",
      "isPublic" : false,
      "properties" : { },
      "parameters" : { },
      "propertiesMetadata" : {
        "metadata" : { }
      },
      "parametersMetadata" : {
        "metadata" : { }
      }
    } ],
    "propertiesMetadata" : {
      "metadata" : { }
    },
    "parametersMetadata" : {
      "metadata" : { }
    },
    "hooks" : [ ]
  }, {
    "majorSchemaVersion" : 3,
    "name" : "bookscapm-db-deployer",
    "type" : "com.sap.xs.hdi",
    "path" : "bookscapm-db-deployer",
    "properties" : {
      "EXIT" : 1
    },
    "parameters" : {
      "default-url" : "https://28d7c084trial-dev-bookscapm-db-deployer.cfapps.us10-001.hana.ondemand.com",
      "default-app-name" : "bookscapm-db-deployer",
      "generated-password" : "********",
      "default-live-url" : "https://28d7c084trial-dev-bookscapm-db-deployer.cfapps.us10-001.hana.ondemand.com",
      "default-uri" : "28d7c084trial-dev-bookscapm-db-deployer.cfapps.us10-001.hana.ondemand.com",
      "memory" : "256M",
      "default-instances" : 1,
      "no-route" : true,
      "default-live-host" : "28d7c084trial-dev-bookscapm-db-deployer",
      "instances" : 1,
      "buildpack" : "nodejs_buildpack",
      "default-host" : "28d7c084trial-dev-bookscapm-db-deployer",
      "app-name" : "bookscapm-db-deployer",
      "default-live-uri" : "28d7c084trial-dev-bookscapm-db-deployer.cfapps.us10-001.hana.ondemand.com",
      "protocol" : "https",
      "default-live-app-name" : "bookscapm-db-deployer",
      "default-live-domain" : "cfapps.us10-001.hana.ondemand.com",
      "dependency-type" : "hard",
      "domain" : "cfapps.us10-001.hana.ondemand.com",
      "host" : "28d7c084trial-dev-bookscapm-db-deployer",
      "generated-user" : "********",
      "tasks" : [ {
        "command" : "npm start",
        "memory" : "256M",
        "name" : "deploy"
      } ],
      "no-start" : true
    },
    "requiredDependencies" : [ {
      "majorSchemaVersion" : 3,
      "name" : "bookscapm-db",
      "properties" : { },
      "parameters" : { },
      "propertiesMetadata" : {
        "metadata" : { }
      },
      "parametersMetadata" : {
        "metadata" : { }
      }
    } ],
    "providedDependencies" : [ {
      "majorSchemaVersion" : 3,
      "name" : "bookscapm-db-deployer",
      "isPublic" : false,
      "properties" : { },
      "parameters" : { },
      "propertiesMetadata" : {
        "metadata" : { }
      },
      "parametersMetadata" : {
        "metadata" : { }
      }
    } ],
    "propertiesMetadata" : {
      "metadata" : { }
    },
    "parametersMetadata" : {
      "metadata" : { }
    },
    "hooks" : [ ]
  }, {
    "majorSchemaVersion" : 3,
    "name" : "bookscapm-destination-content",
    "type" : "com.sap.application.content",
    "properties" : { },
    "parameters" : {
      "default-url" : "https://28d7c084trial-dev-bookscapm-destination-content.cfapps.us10-001.hana.ondemand.com",
      "default-app-name" : "bookscapm-destination-content",
      "generated-password" : "********",
      "default-live-url" : "https://28d7c084trial-dev-bookscapm-destination-content.cfapps.us10-001.hana.ondemand.com",
      "default-uri" : "28d7c084trial-dev-bookscapm-destination-content.cfapps.us10-001.hana.ondemand.com",
      "default-instances" : 1,
      "default-live-host" : "28d7c084trial-dev-bookscapm-destination-content",
      "instances" : 1,
      "default-host" : "28d7c084trial-dev-bookscapm-destination-content",
      "content" : {
        "instance" : {
          "destinations" : [ {
            "Name" : "bookscapmapprouter_bookscapm_html_repo_host",
            "ServiceInstanceName" : "bookscapm-html5-app-host-service",
            "ServiceKeyName" : "********",
            "sap.cloud.service" : "bookscapmapprouter"
          }, {
            "Authentication" : "********",
            "Name" : "bookscapmapprouter_uaa_bookscapm",
            "ServiceInstanceName" : "bookscapm-xsuaa-service",
            "ServiceKeyName" : "********",
            "sap.cloud.service" : "bookscapmapprouter"
          } ],
          "existing_destinations_policy" : "ignore"
        }
      },
      "app-name" : "bookscapm-destination-content",
      "default-live-uri" : "28d7c084trial-dev-bookscapm-destination-content.cfapps.us10-001.hana.ondemand.com",
      "protocol" : "https",
      "default-live-app-name" : "bookscapm-destination-content",
      "default-live-domain" : "cfapps.us10-001.hana.ondemand.com",
      "domain" : "cfapps.us10-001.hana.ondemand.com",
      "host" : "28d7c084trial-dev-bookscapm-destination-content",
      "generated-user" : "********"
    },
    "requiredDependencies" : [ {
      "majorSchemaVersion" : 3,
      "name" : "bookscapm-destination-service",
      "properties" : { },
      "parameters" : {
        "content-target" : true
      },
      "propertiesMetadata" : {
        "metadata" : { }
      },
      "parametersMetadata" : {
        "metadata" : { }
      }
    }, {
      "majorSchemaVersion" : 3,
      "name" : "bookscapm_html_repo_host",
      "properties" : { },
      "parameters" : {
        "service-key" : "********"
      },
      "propertiesMetadata" : {
        "metadata" : { }
      },
      "parametersMetadata" : {
        "metadata" : { }
      }
    }, {
      "majorSchemaVersion" : 3,
      "name" : "uaa_bookscapm",
      "properties" : { },
      "parameters" : {
        "service-key" : "********"
      },
      "propertiesMetadata" : {
        "metadata" : { }
      },
      "parametersMetadata" : {
        "metadata" : { }
      }
    } ],
    "providedDependencies" : [ {
      "majorSchemaVersion" : 3,
      "name" : "bookscapm-destination-content",
      "isPublic" : false,
      "properties" : { },
      "parameters" : { },
      "propertiesMetadata" : {
        "metadata" : { }
      },
      "parametersMetadata" : {
        "metadata" : { }
      }
    } ],
    "propertiesMetadata" : {
      "metadata" : { }
    },
    "parametersMetadata" : {
      "metadata" : { }
    },
    "hooks" : [ ]
  }, {
    "majorSchemaVersion" : 3,
    "name" : "bookscapm-app-content",
    "type" : "com.sap.application.content",
    "path" : "bookscapm-app-content",
    "properties" : { },
    "parameters" : {
      "default-url" : "https://28d7c084trial-dev-bookscapm-app-content.cfapps.us10-001.hana.ondemand.com",
      "default-app-name" : "bookscapm-app-content",
      "generated-password" : "********",
      "default-live-url" : "https://28d7c084trial-dev-bookscapm-app-content.cfapps.us10-001.hana.ondemand.com",
      "default-uri" : "28d7c084trial-dev-bookscapm-app-content.cfapps.us10-001.hana.ondemand.com",
      "default-instances" : 1,
      "default-live-host" : "28d7c084trial-dev-bookscapm-app-content",
      "instances" : 1,
      "default-host" : "28d7c084trial-dev-bookscapm-app-content",
      "app-name" : "bookscapm-app-content",
      "default-live-uri" : "28d7c084trial-dev-bookscapm-app-content.cfapps.us10-001.hana.ondemand.com",
      "protocol" : "https",
      "default-live-app-name" : "bookscapm-app-content",
      "default-live-domain" : "cfapps.us10-001.hana.ondemand.com",
      "domain" : "cfapps.us10-001.hana.ondemand.com",
      "host" : "28d7c084trial-dev-bookscapm-app-content",
      "generated-user" : "********"
    },
    "requiredDependencies" : [ {
      "majorSchemaVersion" : 3,
      "name" : "bookscapm_html_repo_host",
      "properties" : { },
      "parameters" : {
        "content-target" : true
      },
      "propertiesMetadata" : {
        "metadata" : { }
      },
      "parametersMetadata" : {
        "metadata" : { }
      }
    } ],
    "providedDependencies" : [ {
      "majorSchemaVersion" : 3,
      "name" : "bookscapm-app-content",
      "isPublic" : false,
      "properties" : { },
      "parameters" : { },
      "propertiesMetadata" : {
        "metadata" : { }
      },
      "parametersMetadata" : {
        "metadata" : { }
      }
    } ],
    "propertiesMetadata" : {
      "metadata" : { }
    },
    "parametersMetadata" : {
      "metadata" : { }
    },
    "hooks" : [ ]
  } ],
  "resources" : [ {
    "majorSchemaVersion" : 3,
    "name" : "bookscapm-db",
    "type" : "com.sap.xs.hdi-container",
    "properties" : { },
    "parameters" : {
      "generated-password" : "********",
      "service-name" : "bookscapm-db",
      "service-plan" : "hdi-shared",
      "service" : "hana",
      "generated-user" : "********",
      "default-xsappname" : "bookscapm-db",
      "type" : "managed-service",
      "default-service-name" : "bookscapm-db",
      "default-container-name" : "28D7C084TRIAL_DEV_BOOKSCAPM_DB"
    },
    "isActive" : true,
    "isOptional" : false,
    "propertiesMetadata" : {
      "metadata" : { }
    },
    "parametersMetadata" : {
      "metadata" : { }
    },
    "requiredDependencies" : [ ],
    "processedAfter" : [ ]
  }, {
    "majorSchemaVersion" : 3,
    "name" : "bookscapm-destination-service",
    "type" : "org.cloudfoundry.managed-service",
    "properties" : { },
    "parameters" : {
      "generated-password" : "********",
      "service-name" : "bookscapm-destination-service",
      "service-plan" : "lite",
      "service" : "destination",
      "generated-user" : "********",
      "default-xsappname" : "bookscapm-destination-service",
      "type" : "managed-service",
      "config" : {
        "HTML5Runtime_enabled" : true,
        "init_data" : {
          "instance" : {
            "destinations" : [ {
              "Authentication" : "********",
              "Name" : "ui5",
              "ProxyType" : "Internet",
              "Type" : "HTTP",
              "URL" : "https://ui5.sap.com"
            }, {
              "Authentication" : "********",
              "HTML5.DynamicDestination" : true,
              "HTML5.ForwardAuthToken" : "********",
              "Name" : "srv-api",
              "ProxyType" : "Internet",
              "Type" : "HTTP",
              "URL" : "https://28d7c084trial-dev-bookscapm-srv.cfapps.us10-001.hana.ondemand.com"
            } ],
            "existing_destinations_policy" : "update"
          }
        },
        "version" : "1.0.0"
      },
      "default-service-name" : "bookscapm-destination-service",
      "default-container-name" : "28D7C084TRIAL_DEV_BOOKSCAPM_DESTINATION_SERVICE"
    },
    "isActive" : true,
    "isOptional" : false,
    "propertiesMetadata" : {
      "metadata" : { }
    },
    "parametersMetadata" : {
      "metadata" : { }
    },
    "requiredDependencies" : [ {
      "majorSchemaVersion" : 3,
      "name" : "srv-api",
      "properties" : { },
      "parameters" : { },
      "propertiesMetadata" : {
        "metadata" : { }
      },
      "parametersMetadata" : {
        "metadata" : { }
      }
    } ],
    "processedAfter" : [ ]
  }, {
    "majorSchemaVersion" : 3,
    "name" : "bookscapm_html_repo_host",
    "type" : "org.cloudfoundry.managed-service",
    "properties" : { },
    "parameters" : {
      "generated-password" : "********",
      "service-name" : "bookscapm-html5-app-host-service",
      "service-plan" : "app-host",
      "service" : "html5-apps-repo",
      "generated-user" : "********",
      "default-xsappname" : "bookscapm_html_repo_host",
      "type" : "managed-service",
      "default-service-name" : "bookscapm_html_repo_host",
      "default-container-name" : "28D7C084TRIAL_DEV_BOOKSCAPM_HTML_REPO_HOST"
    },
    "isActive" : true,
    "isOptional" : false,
    "propertiesMetadata" : {
      "metadata" : { }
    },
    "parametersMetadata" : {
      "metadata" : { }
    },
    "requiredDependencies" : [ ],
    "processedAfter" : [ ]
  }, {
    "majorSchemaVersion" : 3,
    "name" : "uaa_bookscapm",
    "type" : "org.cloudfoundry.managed-service",
    "properties" : { },
    "parameters" : {
      "generated-password" : "********",
      "path" : "./xs-security.json",
      "service-name" : "bookscapm-xsuaa-service",
      "service-plan" : "application",
      "service" : "xsuaa",
      "generated-user" : "********",
      "default-xsappname" : "uaa_bookscapm",
      "type" : "managed-service",
      "default-service-name" : "uaa_bookscapm",
      "default-container-name" : "28D7C084TRIAL_DEV_UAA_BOOKSCAPM"
    },
    "isActive" : true,
    "isOptional" : false,
    "propertiesMetadata" : {
      "metadata" : { }
    },
    "parametersMetadata" : {
      "metadata" : { }
    },
    "requiredDependencies" : [ ],
    "processedAfter" : [ ]
  } ],
  "parameters" : {
    "deploy_mode" : "html5-repo",
    "mta-id" : "bookscapm",
    "authorization-url" : "********",
    "org-guid" : "51676b3c-3669-44ee-8d82-d188a1d10898",
    "org" : "28d7c084trial",
    "deploy-target" : "28d7c084trial dev",
    "enable-parallel-deployments" : true,
    "region-primary-domain" : "us10.hana.ondemand.com",
    "space" : "dev",
    "region-domain" : "us10-001.hana.ondemand.com",
    "xs-api-url" : "https://api.cf.us10-001.hana.ondemand.com",
    "deploy-url" : "deploy-service.cfapps.us10-001.hana.ondemand.com",
    "xs-type" : "CF",
    "default-domain" : "cfapps.us10-001.hana.ondemand.com",
    "mta-version" : "1.0.0",
    "xs-auth-url" : "********",
    "space-guid" : "b60fe882-3fd1-4122-b7fc-833334cb72da",
    "user" : "********",
    "controller-url" : "https://api.cf.us10-001.hana.ondemand.com",
    "timestamp" : "20260521200933"
  },
  "parametersMetadata" : {
    "metadata" : { }
  }
}#
#2026 05 21 20:09:56.553#Z#DEBUG#fb7aa7c6-5550-11f1-be9f-eeee0a80e2d9.OPERATION#flowable-async-job-executor-thread-8797#
[ProcessDescriptorStep] Merged descriptor properties and parameters resolved#
#2026 05 21 20:09:56.553#Z#DEBUG#fb7aa7c6-5550-11f1-be9f-eeee0a80e2d9.OPERATION#flowable-async-job-executor-thread-8797#
Step "Re-Process Descriptor Step" finished#
#2026 05 21 20:09:56.581#Z#DEBUG#fb7aa7c6-5550-11f1-be9f-eeee0a80e2d9.OPERATION#flowable-async-job-executor-thread-8797#
[BuildApplicationDeployModelStep] Executing task "buildApplicationDeployModelTask" of process "0976fa4c-5551-11f1-add1-eeee0a8c98ee"...#
#2026 05 21 20:09:56.583#Z#DEBUG#fb7aa7c6-5550-11f1-be9f-eeee0a80e2d9.OPERATION#flowable-async-job-executor-thread-8797#
[BuildApplicationDeployModelStep] Building cloud deployment model for application "bookscapm-srv"...#
#2026 05 21 20:09:56.587#Z#DEBUG#fb7aa7c6-5550-11f1-be9f-eeee0a80e2d9.OPERATION#flowable-async-job-executor-thread-8797#
[BuildApplicationDeployModelStep] No health-check-type is specified. Setting default type: port#
#2026 05 21 20:09:56.587#Z#INFO#fb7aa7c6-5550-11f1-be9f-eeee0a80e2d9.OPERATION#flowable-async-job-executor-thread-8797#
[BuildApplicationDeployModelStep] Building configuration entries for org 28d7c084trial, space dev, spaceId b60fe882-3fd1-4122-b7fc-833334cb72da and namespace null!#
#2026 05 21 20:09:56.588#Z#DEBUG#fb7aa7c6-5550-11f1-be9f-eeee0a80e2d9.OPERATION#flowable-async-job-executor-thread-8797#
[BuildApplicationDeployModelStep] Configuration entries to publish: [ ]#
#2026 05 21 20:09:56.588#Z#DEBUG#fb7aa7c6-5550-11f1-be9f-eeee0a80e2d9.OPERATION#flowable-async-job-executor-thread-8797#
[BuildApplicationDeployModelStep] Cloud deployment model for application built#
#2026 05 21 20:09:56.588#Z#DEBUG#fb7aa7c6-5550-11f1-be9f-eeee0a80e2d9.OPERATION#flowable-async-job-executor-thread-8797#
Step "Build Application Deploy Model" finished#
#2026 05 21 20:09:56.623#Z#DEBUG#fb7aa7c6-5550-11f1-be9f-eeee0a80e2d9.OPERATION#flowable-async-job-executor-thread-8797#
[CreateOrUpdateAppStep] Executing task "createAppTask" of process "0976fa4c-5551-11f1-add1-eeee0a8c98ee"...#
#2026 05 21 20:09:56.625#Z#DEBUG#fb7aa7c6-5550-11f1-be9f-eeee0a80e2d9.OPERATION#flowable-async-job-executor-thread-8797#
[CreateOrUpdateAppStep] Getting application "bookscapm-srv"...#
#2026 05 21 20:09:56.664#Z#INFO#fb7aa7c6-5550-11f1-be9f-eeee0a80e2d9.OPERATION#flowable-async-job-executor-thread-8797#
[CreateOrUpdateAppStep] Creating application "bookscapm-srv" from MTA module "bookscapm-srv"...#
#2026 05 21 20:09:56.671#Z#DEBUG#fb7aa7c6-5550-11f1-be9f-eeee0a80e2d9.OPERATION#flowable-async-job-executor-thread-8797#
[CreateOrUpdateAppStep] Creating application "bookscapm-srv" with disk "null" memory "null", URIs "28d7c084trial-dev-bookscapm-srv.cfapps.us10-001.hana.ondemand.com" and staging: "{
  "buildpacks" : [ "nodejs_buildpack" ],
  "healthCheckType" : "port",
  "appFeatures" : { }
}"#
#2026 05 21 20:09:57.111#Z#DEBUG#fb7aa7c6-5550-11f1-be9f-eeee0a80e2d9.OPERATION#flowable-async-job-executor-thread-8797#
[CreateOrUpdateAppStep] Application "bookscapm-srv" created#
#2026 05 21 20:09:57.111#Z#DEBUG#fb7aa7c6-5550-11f1-be9f-eeee0a80e2d9.OPERATION#flowable-async-job-executor-thread-8797#
Step "Create App" finished#
#2026 05 21 20:09:57.196#Z#DEBUG#fb7aa7c6-5550-11f1-be9f-eeee0a80e2d9.OPERATION#flowable-async-job-executor-thread-8800#
[CheckServiceBindingOperationStep] Executing task "checkForServiceBindingOperationInProgress" of process "09dff49f-5551-11f1-add1-eeee0a8c98ee"...#
#2026 05 21 20:09:57.197#Z#DEBUG#fb7aa7c6-5550-11f1-be9f-eeee0a80e2d9.OPERATION#flowable-async-job-executor-thread-8800#
[CheckServiceBindingOperationStep] Checking for service binding operation in progress between app "bookscapm-srv" and service instance "bookscapm-db"#
#2026 05 21 20:09:57.197#Z#DEBUG#fb7aa7c6-5550-11f1-be9f-eeee0a80e2d9.OPERATION#flowable-async-job-executor-thread-8800#
[CheckServiceBindingOperationStep] Getting application guid "bookscapm-srv"...#
#2026 05 21 20:09:57.237#Z#DEBUG#fb7aa7c6-5550-11f1-be9f-eeee0a80e2d9.OPERATION#flowable-async-job-executor-thread-8800#
[CheckServiceBindingOperationStep] Getting GUID of required service instance "bookscapm-db"...#
#2026 05 21 20:09:57.270#Z#DEBUG#fb7aa7c6-5550-11f1-be9f-eeee0a80e2d9.OPERATION#flowable-async-job-executor-thread-8800#
[CheckServiceBindingOperationStep] Getting binding of service instance "b2f93d59-c13e-49bf-8dac-2b9e6dbbf03c" with application "c5b30daf-2eb2-465a-874b-302cfe83c0d1"...#
#2026 05 21 20:09:57.299#Z#DEBUG#fb7aa7c6-5550-11f1-be9f-eeee0a80e2d9.OPERATION#flowable-async-job-executor-thread-8800#
Step "Check For Service Binding Operation In Progress" finished#
#2026 05 21 20:09:57.330#Z#DEBUG#fb7aa7c6-5550-11f1-be9f-eeee0a80e2d9.OPERATION#flowable-async-job-executor-thread-8800#
[DetermineApplicationServiceBindingActionsStep] Executing task "determineApplicationServiceBindingActionsTask" of process "09dff49f-5551-11f1-add1-eeee0a8c98ee"...#
#2026 05 21 20:09:57.331#Z#DEBUG#fb7aa7c6-5550-11f1-be9f-eeee0a80e2d9.OPERATION#flowable-async-job-executor-thread-8800#
[DetermineApplicationServiceBindingActionsStep] Determine bind/unbind operations of application "bookscapm-srv" to service instance "bookscapm-db"#
#2026 05 21 20:09:57.331#Z#DEBUG#fb7aa7c6-5550-11f1-be9f-eeee0a80e2d9.OPERATION#flowable-async-job-executor-thread-8800#
[DetermineApplicationServiceBindingActionsStep] Getting application "bookscapm-srv"...#
#2026 05 21 20:09:57.380#Z#DEBUG#fb7aa7c6-5550-11f1-be9f-eeee0a80e2d9.OPERATION#flowable-async-job-executor-thread-8800#
[DetermineApplicationServiceBindingActionsStep] Binding parameters for application "bookscapm-srv": { }#
#2026 05 21 20:09:57.400#Z#DEBUG#fb7aa7c6-5550-11f1-be9f-eeee0a80e2d9.OPERATION#flowable-async-job-executor-thread-8800#
[DetermineApplicationServiceBindingActionsStep] Calculated binding operations between application "bookscapm-srv" and service instance "bookscapm-db": unbind - false bind - true#
#2026 05 21 20:09:57.400#Z#DEBUG#fb7aa7c6-5550-11f1-be9f-eeee0a80e2d9.OPERATION#flowable-async-job-executor-thread-8800#
Step "Determine Application Service Binding Actions" finished#
#2026 05 21 20:09:57.433#Z#DEBUG#fb7aa7c6-5550-11f1-be9f-eeee0a80e2d9.OPERATION#flowable-async-job-executor-thread-8800#
[BindServiceToApplicationStep] Executing task "bindServiceToApplicationTask" of process "09dff49f-5551-11f1-add1-eeee0a8c98ee"...#
#2026 05 21 20:09:57.435#Z#INFO#fb7aa7c6-5550-11f1-be9f-eeee0a80e2d9.OPERATION#flowable-async-job-executor-thread-8800#
[BindServiceToApplicationStep] Binding service instance "bookscapm-db" to application "bookscapm-srv"...#
#2026 05 21 20:09:57.440#Z#DEBUG#fb7aa7c6-5550-11f1-be9f-eeee0a80e2d9.OPERATION#flowable-async-job-executor-thread-8800#
[BindServiceToApplicationStep] Binding service instance "bookscapm-db" to application "bookscapm-srv" with parameters: { }#
#2026 05 21 20:09:57.571#Z#DEBUG#fb7aa7c6-5550-11f1-be9f-eeee0a80e2d9.OPERATION#flowable-async-job-executor-thread-8800#
Step "Bind Service to Application" finished#
#2026 05 21 20:09:59.503#Z#DEBUG#fb7aa7c6-5550-11f1-be9f-eeee0a80e2d9.OPERATION#flowable-async-job-executor-thread-8802#
[CheckServiceBindingOperationStep] Executing task "checkForServiceBindingOperationInProgress" of process "0b3f0fb3-5551-11f1-add1-eeee0a8c98ee"...#
#2026 05 21 20:09:59.503#Z#DEBUG#fb7aa7c6-5550-11f1-be9f-eeee0a80e2d9.OPERATION#flowable-async-job-executor-thread-8802#
[CheckServiceBindingOperationStep] Checking for service binding operation in progress between app "bookscapm-srv" and service instance "bookscapm-xsuaa-service"#
#2026 05 21 20:09:59.504#Z#DEBUG#fb7aa7c6-5550-11f1-be9f-eeee0a80e2d9.OPERATION#flowable-async-job-executor-thread-8802#
[CheckServiceBindingOperationStep] Getting application guid "bookscapm-srv"...#
#2026 05 21 20:09:59.540#Z#DEBUG#fb7aa7c6-5550-11f1-be9f-eeee0a80e2d9.OPERATION#flowable-async-job-executor-thread-8802#
[CheckServiceBindingOperationStep] Getting GUID of required service instance "bookscapm-xsuaa-service"...#
#2026 05 21 20:09:59.570#Z#DEBUG#fb7aa7c6-5550-11f1-be9f-eeee0a80e2d9.OPERATION#flowable-async-job-executor-thread-8802#
[CheckServiceBindingOperationStep] Getting binding of service instance "19440028-2121-4c6c-b214-4cfae1cd4615" with application "c5b30daf-2eb2-465a-874b-302cfe83c0d1"...#
#2026 05 21 20:09:59.599#Z#DEBUG#fb7aa7c6-5550-11f1-be9f-eeee0a80e2d9.OPERATION#flowable-async-job-executor-thread-8802#
Step "Check For Service Binding Operation In Progress" finished#
#2026 05 21 20:09:59.629#Z#DEBUG#fb7aa7c6-5550-11f1-be9f-eeee0a80e2d9.OPERATION#flowable-async-job-executor-thread-8803#
[DetermineApplicationServiceBindingActionsStep] Executing task "determineApplicationServiceBindingActionsTask" of process "0b3f0fb3-5551-11f1-add1-eeee0a8c98ee"...#
#2026 05 21 20:09:59.631#Z#DEBUG#fb7aa7c6-5550-11f1-be9f-eeee0a80e2d9.OPERATION#flowable-async-job-executor-thread-8803#
[DetermineApplicationServiceBindingActionsStep] Determine bind/unbind operations of application "bookscapm-srv" to service instance "bookscapm-xsuaa-service"#
#2026 05 21 20:09:59.631#Z#DEBUG#fb7aa7c6-5550-11f1-be9f-eeee0a80e2d9.OPERATION#flowable-async-job-executor-thread-8803#
[DetermineApplicationServiceBindingActionsStep] Getting application "bookscapm-srv"...#
#2026 05 21 20:09:59.677#Z#DEBUG#fb7aa7c6-5550-11f1-be9f-eeee0a80e2d9.OPERATION#flowable-async-job-executor-thread-8803#
[DetermineApplicationServiceBindingActionsStep] Binding parameters for application "bookscapm-srv": { }#
#2026 05 21 20:09:59.707#Z#DEBUG#fb7aa7c6-5550-11f1-be9f-eeee0a80e2d9.OPERATION#flowable-async-job-executor-thread-8803#
[DetermineApplicationServiceBindingActionsStep] Calculated binding operations between application "bookscapm-srv" and service instance "bookscapm-xsuaa-service": unbind - false bind - true#
#2026 05 21 20:09:59.707#Z#DEBUG#fb7aa7c6-5550-11f1-be9f-eeee0a80e2d9.OPERATION#flowable-async-job-executor-thread-8803#
Step "Determine Application Service Binding Actions" finished#
#2026 05 21 20:09:59.744#Z#DEBUG#fb7aa7c6-5550-11f1-be9f-eeee0a80e2d9.OPERATION#flowable-async-job-executor-thread-8803#
[BindServiceToApplicationStep] Executing task "bindServiceToApplicationTask" of process "0b3f0fb3-5551-11f1-add1-eeee0a8c98ee"...#
#2026 05 21 20:09:59.746#Z#INFO#fb7aa7c6-5550-11f1-be9f-eeee0a80e2d9.OPERATION#flowable-async-job-executor-thread-8803#
[BindServiceToApplicationStep] Binding service instance "bookscapm-xsuaa-service" to application "bookscapm-srv"...#
#2026 05 21 20:09:59.751#Z#DEBUG#fb7aa7c6-5550-11f1-be9f-eeee0a80e2d9.OPERATION#flowable-async-job-executor-thread-8803#
[BindServiceToApplicationStep] Binding service instance "bookscapm-xsuaa-service" to application "bookscapm-srv" with parameters: { }#
#2026 05 21 20:09:59.882#Z#DEBUG#fb7aa7c6-5550-11f1-be9f-eeee0a80e2d9.OPERATION#flowable-async-job-executor-thread-8803#
Step "Bind Service to Application" finished#
#2026 05 21 20:10:01.278#Z#DEBUG#fb7aa7c6-5550-11f1-be9f-eeee0a80e2d9.OPERATION#flowable-async-job-executor-thread-8800#
[BindServiceToApplicationStep] Executing task "bindServiceToApplicationTask" of process "06e922cb-5551-11f1-add1-eeee0a8c98ee"...#
#2026 05 21 20:10:01.280#Z#DEBUG#fb7aa7c6-5550-11f1-be9f-eeee0a80e2d9.OPERATION#flowable-async-job-executor-thread-8800#
[BindServiceToApplicationStep] Getting async job "6d056a99-c5eb-4997-aef4-290d619061ab"#
#2026 05 21 20:10:01.303#Z#DEBUG#fb7aa7c6-5550-11f1-be9f-eeee0a80e2d9.OPERATION#flowable-async-job-executor-thread-8800#
[BindServiceToApplicationStep] Getting service instance "bookscapm-db"...#
#2026 05 21 20:10:01.407#Z#DEBUG#fb7aa7c6-5550-11f1-be9f-eeee0a80e2d9.OPERATION#flowable-async-job-executor-thread-8800#
[BindServiceToApplicationStep] Async service binding operation with id "6d056a99-c5eb-4997-aef4-290d619061ab" finished#
#2026 05 21 20:10:01.408#Z#DEBUG#fb7aa7c6-5550-11f1-be9f-eeee0a80e2d9.OPERATION#flowable-async-job-executor-thread-8800#
Step "Bind Service to Application" finished#
#2026 05 21 20:10:01.555#Z#DEBUG#fb7aa7c6-5550-11f1-be9f-eeee0a80e2d9.OPERATION#flowable-async-job-executor-thread-8800#
[DetermineVcapServicesPropertiesChangedStep] Executing task "determineVcapServicesPropertiesChangedTask" of process "0c72d48d-5551-11f1-add1-eeee0a8c98ee"...#
#2026 05 21 20:10:01.557#Z#DEBUG#fb7aa7c6-5550-11f1-be9f-eeee0a80e2d9.OPERATION#flowable-async-job-executor-thread-8800#
[DetermineVcapServicesPropertiesChangedStep] VCAP_SERVICES properties for application "bookscapm-db-deployer" changed: true#
#2026 05 21 20:10:01.557#Z#DEBUG#fb7aa7c6-5550-11f1-be9f-eeee0a80e2d9.OPERATION#flowable-async-job-executor-thread-8800#
Step "Determine vcap services properties changed" finished#
#2026 05 21 20:10:01.586#Z#DEBUG#fb7aa7c6-5550-11f1-be9f-eeee0a80e2d9.OPERATION#flowable-async-job-executor-thread-8800#
[UploadAppStep] Executing task "uploadAppTask" of process "0c72d48d-5551-11f1-add1-eeee0a8c98ee"...#
#2026 05 21 20:10:01.588#Z#DEBUG#fb7aa7c6-5550-11f1-be9f-eeee0a80e2d9.OPERATION#flowable-async-job-executor-thread-8800#
[UploadAppStep] Application upload timeout is default one: 3,600 seconds#
#2026 05 21 20:10:01.588#Z#INFO#fb7aa7c6-5550-11f1-be9f-eeee0a80e2d9.OPERATION#flowable-async-job-executor-thread-8800#
[UploadAppStep] Uploading application "bookscapm-db-deployer"...#
#2026 05 21 20:10:01.594#Z#DEBUG#fb7aa7c6-5550-11f1-be9f-eeee0a80e2d9.OPERATION#flowable-async-job-executor-thread-8800#
[UploadAppStep] Getting application "bookscapm-db-deployer"...#
#2026 05 21 20:10:01.635#Z#DEBUG#fb7aa7c6-5550-11f1-be9f-eeee0a80e2d9.OPERATION#flowable-async-job-executor-thread-8800#
[UploadAppStep] Getting environment of application "4ca6a648-0175-4d7e-abff-7f676a3265c6"...#
#2026 05 21 20:10:01.673#Z#INFO#fb7aa7c6-5550-11f1-be9f-eeee0a80e2d9.OPERATION#flowable-async-job-executor-thread-8800#
[UploadAppStep] Calculating application digest: "bookscapm-db-deployer"#
#2026 05 21 20:10:01.743#Z#DEBUG#fb7aa7c6-5550-11f1-be9f-eeee0a80e2d9.OPERATION#flowable-async-job-executor-thread-8800#
Step "Upload App" finished#
#2026 05 21 20:10:01.274#Z#DEBUG#fb7aa7c6-5550-11f1-be9f-eeee0a80e2d9.OPERATION#flowable-async-job-executor-thread-8802#
[StartContentDeployStep] Executing task "startContentDeployTask" of process "07f0a799-5551-11f1-9766-eeee0a8faf9b"...#
#2026 05 21 20:10:01.276#Z#DEBUG#fb7aa7c6-5550-11f1-be9f-eeee0a80e2d9.OPERATION#flowable-async-job-executor-thread-8802#
[StartContentDeployStep] Checking status of module content deployment "bookscapm-app-content" in service "bookscapm_html_repo_host"...#
#2026 05 21 20:10:01.869#Z#DEBUG#fb7aa7c6-5550-11f1-be9f-eeee0a80e2d9.OPERATION#flowable-async-job-executor-thread-8802#
[StartContentDeployStep] Deleting content deployment resource "7d9818c1-ec1c-4ae2-98ea-eae8b12a12d4"...#
#2026 05 21 20:10:01.906#Z#DEBUG#fb7aa7c6-5550-11f1-be9f-eeee0a80e2d9.OPERATION#flowable-async-job-executor-thread-8802#
Step "Start Content Deploy" finished#
#2026 05 21 20:10:11.297#Z#DEBUG#fb7aa7c6-5550-11f1-be9f-eeee0a80e2d9.OPERATION#flowable-async-job-executor-thread-8809#
[BindServiceToApplicationStep] Executing task "bindServiceToApplicationTask" of process "09dff49f-5551-11f1-add1-eeee0a8c98ee"...#
#2026 05 21 20:10:11.299#Z#DEBUG#fb7aa7c6-5550-11f1-be9f-eeee0a80e2d9.OPERATION#flowable-async-job-executor-thread-8809#
[BindServiceToApplicationStep] Getting async job "96919abd-718e-4cad-8f2a-14bc71068cbf"#
#2026 05 21 20:10:11.307#Z#DEBUG#fb7aa7c6-5550-11f1-be9f-eeee0a80e2d9.OPERATION#flowable-async-job-executor-thread-8811#
[BindServiceToApplicationStep] Executing task "bindServiceToApplicationTask" of process "0b3f0fb3-5551-11f1-add1-eeee0a8c98ee"...#
#2026 05 21 20:10:11.308#Z#DEBUG#fb7aa7c6-5550-11f1-be9f-eeee0a80e2d9.OPERATION#flowable-async-job-executor-thread-8811#
[BindServiceToApplicationStep] Getting async job "2488d3b6-9ee3-4e38-a30a-1d2939e69b9d"#
#2026 05 21 20:10:11.337#Z#DEBUG#fb7aa7c6-5550-11f1-be9f-eeee0a80e2d9.OPERATION#flowable-async-job-executor-thread-8809#
[BindServiceToApplicationStep] Getting service instance "bookscapm-db"...#
#2026 05 21 20:10:11.343#Z#DEBUG#fb7aa7c6-5550-11f1-be9f-eeee0a80e2d9.OPERATION#flowable-async-job-executor-thread-8811#
[BindServiceToApplicationStep] Getting service instance "bookscapm-xsuaa-service"...#
#2026 05 21 20:10:11.444#Z#DEBUG#fb7aa7c6-5550-11f1-be9f-eeee0a80e2d9.OPERATION#flowable-async-job-executor-thread-8809#
[BindServiceToApplicationStep] Async service binding operation with id "96919abd-718e-4cad-8f2a-14bc71068cbf" finished#
#2026 05 21 20:10:11.445#Z#DEBUG#fb7aa7c6-5550-11f1-be9f-eeee0a80e2d9.OPERATION#flowable-async-job-executor-thread-8809#
Step "Bind Service to Application" finished#
#2026 05 21 20:10:11.454#Z#DEBUG#fb7aa7c6-5550-11f1-be9f-eeee0a80e2d9.OPERATION#flowable-async-job-executor-thread-8811#
[BindServiceToApplicationStep] Async service binding operation with id "2488d3b6-9ee3-4e38-a30a-1d2939e69b9d" finished#
#2026 05 21 20:10:11.455#Z#DEBUG#fb7aa7c6-5550-11f1-be9f-eeee0a80e2d9.OPERATION#flowable-async-job-executor-thread-8811#
Step "Bind Service to Application" finished#
#2026 05 21 20:10:11.692#Z#DEBUG#fb7aa7c6-5550-11f1-be9f-eeee0a80e2d9.OPERATION#flowable-async-job-executor-thread-6559#
[DetermineVcapServicesPropertiesChangedStep] Executing task "determineVcapServicesPropertiesChangedTask" of process "127efc92-5551-11f1-9766-eeee0a8faf9b"...#
#2026 05 21 20:10:11.695#Z#DEBUG#fb7aa7c6-5550-11f1-be9f-eeee0a80e2d9.OPERATION#flowable-async-job-executor-thread-6559#
[DetermineVcapServicesPropertiesChangedStep] VCAP_SERVICES properties for application "bookscapm-srv" changed: true#
#2026 05 21 20:10:11.695#Z#DEBUG#fb7aa7c6-5550-11f1-be9f-eeee0a80e2d9.OPERATION#flowable-async-job-executor-thread-6559#
Step "Determine vcap services properties changed" finished#
#2026 05 21 20:10:11.314#Z#DEBUG#fb7aa7c6-5550-11f1-be9f-eeee0a80e2d9.OPERATION#flowable-async-job-executor-thread-8807#
[UploadAppStep] Executing task "uploadAppTask" of process "0c72d48d-5551-11f1-add1-eeee0a8c98ee"...#
#2026 05 21 20:10:11.316#Z#DEBUG#fb7aa7c6-5550-11f1-be9f-eeee0a80e2d9.OPERATION#flowable-async-job-executor-thread-8807#
[UploadAppStep] Application upload timeout is default one: 3,600 seconds#
#2026 05 21 20:10:11.318#Z#DEBUG#fb7aa7c6-5550-11f1-be9f-eeee0a80e2d9.OPERATION#pool-21-thread-3#
[UploadAppStep] Upload of application: bookscapm-db-deployer started on instance: 1#
#2026 05 21 20:10:11.318#Z#DEBUG#fb7aa7c6-5550-11f1-be9f-eeee0a80e2d9.OPERATION#pool-21-thread-3#
[UploadAppStep] Uploading file "bookscapm-db-deployer/data.zip" for application "bookscapm-db-deployer"#
#2026 05 21 20:10:11.429#Z#INFO#fb7aa7c6-5550-11f1-be9f-eeee0a80e2d9.OPERATION#pool-21-thread-3#
[UploadAppStep] Time elapsed for app binary download: 111 in millis#
#2026 05 21 20:10:11.430#Z#INFO#fb7aa7c6-5550-11f1-be9f-eeee0a80e2d9.OPERATION#pool-21-thread-3#
[UploadAppStep] Size of app bookscapm-db-deployer is 2,426,797 bytes#
#2026 05 21 20:10:11.430#Z#DEBUG#fb7aa7c6-5550-11f1-be9f-eeee0a80e2d9.OPERATION#pool-21-thread-3#
[UploadAppStep] Asynchronously uploading binaries for application "bookscapm-db-deployer"...#
#2026 05 21 20:10:11.647#Z#INFO#fb7aa7c6-5550-11f1-be9f-eeee0a80e2d9.OPERATION#pool-21-thread-3#
[UploadAppStep] Started async upload of application "bookscapm-db-deployer"#
#2026 05 21 20:10:11.654#Z#INFO#fb7aa7c6-5550-11f1-be9f-eeee0a80e2d9.OPERATION#flowable-async-job-executor-thread-8807#
[UploadAppStep] Time elapsed for upload: 337 in millis#
#2026 05 21 20:10:11.654#Z#DEBUG#fb7aa7c6-5550-11f1-be9f-eeee0a80e2d9.OPERATION#flowable-async-job-executor-thread-8807#
[UploadAppStep] Getting application "bookscapm-db-deployer"...#
#2026 05 21 20:10:11.696#Z#DEBUG#fb7aa7c6-5550-11f1-be9f-eeee0a80e2d9.OPERATION#flowable-async-job-executor-thread-8807#
[UploadAppStep] Getting environment of application "4ca6a648-0175-4d7e-abff-7f676a3265c6"...#
#2026 05 21 20:10:11.704#Z#DEBUG#fb7aa7c6-5550-11f1-be9f-eeee0a80e2d9.OPERATION#App upload monitor: 8e8f8fdf-9eb6-407e-8ff4-46108b590989#
[UploadAppStep] Upload status: PROCESSING_UPLOAD#
#2026 05 21 20:10:11.730#Z#DEBUG#fb7aa7c6-5550-11f1-be9f-eeee0a80e2d9.OPERATION#flowable-async-job-executor-thread-8807#
[UploadAppStep] Updating environment of application "bookscapm-db-deployer"#
#2026 05 21 20:10:11.807#Z#DEBUG#fb7aa7c6-5550-11f1-be9f-eeee0a80e2d9.OPERATION#flowable-async-job-executor-thread-8807#
Step "Upload App" finished#
#2026 05 21 20:10:11.738#Z#DEBUG#fb7aa7c6-5550-11f1-be9f-eeee0a80e2d9.OPERATION#flowable-async-job-executor-thread-6560#
[UploadAppStep] Executing task "uploadAppTask" of process "127efc92-5551-11f1-9766-eeee0a8faf9b"...#
#2026 05 21 20:10:11.741#Z#DEBUG#fb7aa7c6-5550-11f1-be9f-eeee0a80e2d9.OPERATION#flowable-async-job-executor-thread-6560#
[UploadAppStep] Application upload timeout is default one: 3,600 seconds#
#2026 05 21 20:10:11.741#Z#INFO#fb7aa7c6-5550-11f1-be9f-eeee0a80e2d9.OPERATION#flowable-async-job-executor-thread-6560#
[UploadAppStep] Uploading application "bookscapm-srv"...#
#2026 05 21 20:10:11.749#Z#DEBUG#fb7aa7c6-5550-11f1-be9f-eeee0a80e2d9.OPERATION#flowable-async-job-executor-thread-6560#
[UploadAppStep] Getting application "bookscapm-srv"...#
#2026 05 21 20:10:11.795#Z#DEBUG#fb7aa7c6-5550-11f1-be9f-eeee0a80e2d9.OPERATION#flowable-async-job-executor-thread-6560#
[UploadAppStep] Getting environment of application "c5b30daf-2eb2-465a-874b-302cfe83c0d1"...#
#2026 05 21 20:10:11.831#Z#INFO#fb7aa7c6-5550-11f1-be9f-eeee0a80e2d9.OPERATION#flowable-async-job-executor-thread-6560#
[UploadAppStep] Calculating application digest: "bookscapm-srv"#
#2026 05 21 20:10:12.050#Z#DEBUG#fb7aa7c6-5550-11f1-be9f-eeee0a80e2d9.OPERATION#flowable-async-job-executor-thread-6560#
Step "Upload App" finished#
#2026 05 21 20:10:16.736#Z#DEBUG#fb7aa7c6-5550-11f1-be9f-eeee0a80e2d9.OPERATION#App upload monitor: 8e8f8fdf-9eb6-407e-8ff4-46108b590989#
[UploadAppStep] Upload status: READY#
#2026 05 21 20:10:21.321#Z#DEBUG#fb7aa7c6-5550-11f1-be9f-eeee0a80e2d9.OPERATION#flowable-async-job-executor-thread-8815#
[UploadAppStep] Executing task "uploadAppTask" of process "0c72d48d-5551-11f1-add1-eeee0a8c98ee"...#
#2026 05 21 20:10:21.323#Z#DEBUG#fb7aa7c6-5550-11f1-be9f-eeee0a80e2d9.OPERATION#flowable-async-job-executor-thread-8815#
[UploadAppStep] Application upload timeout is default one: 3,600 seconds#
#2026 05 21 20:10:21.323#Z#DEBUG#fb7aa7c6-5550-11f1-be9f-eeee0a80e2d9.OPERATION#flowable-async-job-executor-thread-8815#
[UploadAppStep] Checking upload status of application "bookscapm-db-deployer"...#
#2026 05 21 20:10:21.324#Z#DEBUG#fb7aa7c6-5550-11f1-be9f-eeee0a80e2d9.OPERATION#flowable-async-job-executor-thread-8815#
[UploadAppStep] Getting package "8e8f8fdf-9eb6-407e-8ff4-46108b590989"...#
#2026 05 21 20:10:21.330#Z#DEBUG#fb7aa7c6-5550-11f1-be9f-eeee0a80e2d9.OPERATION#flowable-async-job-executor-thread-8817#
[UploadAppStep] Executing task "uploadAppTask" of process "127efc92-5551-11f1-9766-eeee0a8faf9b"...#
#2026 05 21 20:10:21.332#Z#DEBUG#fb7aa7c6-5550-11f1-be9f-eeee0a80e2d9.OPERATION#flowable-async-job-executor-thread-8817#
[UploadAppStep] Application upload timeout is default one: 3,600 seconds#
#2026 05 21 20:10:21.334#Z#DEBUG#fb7aa7c6-5550-11f1-be9f-eeee0a80e2d9.OPERATION#pool-21-thread-3#
[UploadAppStep] Upload of application: bookscapm-srv started on instance: 1#
#2026 05 21 20:10:21.334#Z#DEBUG#fb7aa7c6-5550-11f1-be9f-eeee0a80e2d9.OPERATION#pool-21-thread-3#
[UploadAppStep] Uploading file "bookscapm-srv/data.zip" for application "bookscapm-srv"#
#2026 05 21 20:10:21.359#Z#DEBUG#fb7aa7c6-5550-11f1-be9f-eeee0a80e2d9.OPERATION#flowable-async-job-executor-thread-8815#
[UploadAppStep] Application "bookscapm-db-deployer" uploaded#
#2026 05 21 20:10:21.360#Z#DEBUG#fb7aa7c6-5550-11f1-be9f-eeee0a80e2d9.OPERATION#flowable-async-job-executor-thread-8815#
Step "Upload App" finished#
#2026 05 21 20:10:21.394#Z#DEBUG#fb7aa7c6-5550-11f1-be9f-eeee0a80e2d9.OPERATION#flowable-async-job-executor-thread-8818#
[ScaleAppStep] Executing task "scaleAppTask" of process "0c72d48d-5551-11f1-add1-eeee0a8c98ee"...#
#2026 05 21 20:10:21.396#Z#DEBUG#fb7aa7c6-5550-11f1-be9f-eeee0a80e2d9.OPERATION#flowable-async-job-executor-thread-8818#
[ScaleAppStep] Scaling application "bookscapm-db-deployer"...#
#2026 05 21 20:10:21.396#Z#DEBUG#fb7aa7c6-5550-11f1-be9f-eeee0a80e2d9.OPERATION#flowable-async-job-executor-thread-8818#
[ScaleAppStep] Application "bookscapm-db-deployer" scaled#
#2026 05 21 20:10:21.396#Z#DEBUG#fb7aa7c6-5550-11f1-be9f-eeee0a80e2d9.OPERATION#flowable-async-job-executor-thread-8818#
Step "Scale App" finished#
#2026 05 21 20:10:21.422#Z#DEBUG#fb7aa7c6-5550-11f1-be9f-eeee0a80e2d9.OPERATION#flowable-async-job-executor-thread-8819#
[DetermineDesiredStateAchievingActionsStep] Executing task "determineDesiredStateAchievingActionsTask" of process "0c72d48d-5551-11f1-add1-eeee0a8c98ee"...#
#2026 05 21 20:10:21.423#Z#DEBUG#fb7aa7c6-5550-11f1-be9f-eeee0a80e2d9.OPERATION#flowable-async-job-executor-thread-8819#
[DetermineDesiredStateAchievingActionsStep] Getting application "bookscapm-db-deployer"...#
#2026 05 21 20:10:21.458#Z#DEBUG#fb7aa7c6-5550-11f1-be9f-eeee0a80e2d9.OPERATION#flowable-async-job-executor-thread-8819#
[DetermineDesiredStateAchievingActionsStep] Getting instances for application "bookscapm-db-deployer"...#
#2026 05 21 20:10:21.458#Z#DEBUG#fb7aa7c6-5550-11f1-be9f-eeee0a80e2d9.OPERATION#flowable-async-job-executor-thread-8819#
[DetermineDesiredStateAchievingActionsStep] Getting environment of application "4ca6a648-0175-4d7e-abff-7f676a3265c6"...#
#2026 05 21 20:10:21.495#Z#DEBUG#fb7aa7c6-5550-11f1-be9f-eeee0a80e2d9.OPERATION#flowable-async-job-executor-thread-8819#
[DetermineDesiredStateAchievingActionsStep] Current state of application bookscapm-db-deployer: STOPPED#
#2026 05 21 20:10:21.495#Z#DEBUG#fb7aa7c6-5550-11f1-be9f-eeee0a80e2d9.OPERATION#flowable-async-job-executor-thread-8819#
[DetermineDesiredStateAchievingActionsStep] Desired state of application bookscapm-db-deployer: STOPPED#
#2026 05 21 20:10:21.495#Z#DEBUG#fb7aa7c6-5550-11f1-be9f-eeee0a80e2d9.OPERATION#flowable-async-job-executor-thread-8819#
[DetermineDesiredStateAchievingActionsStep] Actions that should be executed on application bookscapm-db-deployer: [STAGE]#
#2026 05 21 20:10:21.495#Z#DEBUG#fb7aa7c6-5550-11f1-be9f-eeee0a80e2d9.OPERATION#flowable-async-job-executor-thread-8819#
Step "Determine Desired State Achieving Actions" finished#
#2026 05 21 20:10:21.540#Z#DEBUG#fb7aa7c6-5550-11f1-be9f-eeee0a80e2d9.OPERATION#flowable-async-job-executor-thread-8819#
[StageAppStep] Executing task "stageAppTask" of process "0c72d48d-5551-11f1-add1-eeee0a8c98ee"...#
#2026 05 21 20:10:21.543#Z#DEBUG#fb7aa7c6-5550-11f1-be9f-eeee0a80e2d9.OPERATION#flowable-async-job-executor-thread-8819#
[StageAppStep] Application stage timeout is default one: 3,600 seconds#
#2026 05 21 20:10:21.545#Z#INFO#fb7aa7c6-5550-11f1-be9f-eeee0a80e2d9.OPERATION#flowable-async-job-executor-thread-8819#
[StageAppStep] Staging application "bookscapm-db-deployer"...#
#2026 05 21 20:10:21.549#Z#DEBUG#fb7aa7c6-5550-11f1-be9f-eeee0a80e2d9.OPERATION#flowable-async-job-executor-thread-8819#
[StageAppStep] Creating build for package "8e8f8fdf-9eb6-407e-8ff4-46108b590989"...#
#2026 05 21 20:10:21.918#Z#DEBUG#fb7aa7c6-5550-11f1-be9f-eeee0a80e2d9.OPERATION#flowable-async-job-executor-thread-8819#
Step "Stage App" finished#
#2026 05 21 20:10:21.544#Z#INFO#fb7aa7c6-5550-11f1-be9f-eeee0a80e2d9.OPERATION#pool-21-thread-3#
[UploadAppStep] Time elapsed for app binary download: 210 in millis#
#2026 05 21 20:10:21.544#Z#INFO#fb7aa7c6-5550-11f1-be9f-eeee0a80e2d9.OPERATION#pool-21-thread-3#
[UploadAppStep] Size of app bookscapm-srv is 6,928,962 bytes#
#2026 05 21 20:10:21.544#Z#DEBUG#fb7aa7c6-5550-11f1-be9f-eeee0a80e2d9.OPERATION#pool-21-thread-3#
[UploadAppStep] Asynchronously uploading binaries for application "bookscapm-srv"...#
#2026 05 21 20:10:21.773#Z#INFO#fb7aa7c6-5550-11f1-be9f-eeee0a80e2d9.OPERATION#pool-21-thread-3#
[UploadAppStep] Started async upload of application "bookscapm-srv"#
#2026 05 21 20:10:21.777#Z#INFO#fb7aa7c6-5550-11f1-be9f-eeee0a80e2d9.OPERATION#flowable-async-job-executor-thread-8817#
[UploadAppStep] Time elapsed for upload: 445 in millis#
#2026 05 21 20:10:21.777#Z#DEBUG#fb7aa7c6-5550-11f1-be9f-eeee0a80e2d9.OPERATION#flowable-async-job-executor-thread-8817#
[UploadAppStep] Getting application "bookscapm-srv"...#
#2026 05 21 20:10:21.802#Z#DEBUG#fb7aa7c6-5550-11f1-be9f-eeee0a80e2d9.OPERATION#App upload monitor: a6c92e68-ac78-4039-a3a5-57b5fe351c64#
[UploadAppStep] Upload status: PROCESSING_UPLOAD#
#2026 05 21 20:10:21.812#Z#DEBUG#fb7aa7c6-5550-11f1-be9f-eeee0a80e2d9.OPERATION#flowable-async-job-executor-thread-8817#
[UploadAppStep] Getting environment of application "c5b30daf-2eb2-465a-874b-302cfe83c0d1"...#
#2026 05 21 20:10:21.846#Z#DEBUG#fb7aa7c6-5550-11f1-be9f-eeee0a80e2d9.OPERATION#flowable-async-job-executor-thread-8817#
[UploadAppStep] Updating environment of application "bookscapm-srv"#
#2026 05 21 20:10:21.943#Z#DEBUG#fb7aa7c6-5550-11f1-be9f-eeee0a80e2d9.OPERATION#flowable-async-job-executor-thread-8817#
Step "Upload App" finished#
#2026 05 21 20:10:26.827#Z#DEBUG#fb7aa7c6-5550-11f1-be9f-eeee0a80e2d9.OPERATION#App upload monitor: a6c92e68-ac78-4039-a3a5-57b5fe351c64#
[UploadAppStep] Upload status: PROCESSING_UPLOAD#
#2026 05 21 20:10:31.359#Z#DEBUG#fb7aa7c6-5550-11f1-be9f-eeee0a80e2d9.OPERATION#flowable-async-job-executor-thread-8822#
[UploadAppStep] Executing task "uploadAppTask" of process "127efc92-5551-11f1-9766-eeee0a8faf9b"...#
#2026 05 21 20:10:31.361#Z#DEBUG#fb7aa7c6-5550-11f1-be9f-eeee0a80e2d9.OPERATION#flowable-async-job-executor-thread-8822#
[UploadAppStep] Application upload timeout is default one: 3,600 seconds#
#2026 05 21 20:10:31.361#Z#DEBUG#fb7aa7c6-5550-11f1-be9f-eeee0a80e2d9.OPERATION#flowable-async-job-executor-thread-8822#
[UploadAppStep] Checking upload status of application "bookscapm-srv"...#
#2026 05 21 20:10:31.361#Z#DEBUG#fb7aa7c6-5550-11f1-be9f-eeee0a80e2d9.OPERATION#flowable-async-job-executor-thread-8822#
[UploadAppStep] Getting package "a6c92e68-ac78-4039-a3a5-57b5fe351c64"...#
#2026 05 21 20:10:31.395#Z#DEBUG#fb7aa7c6-5550-11f1-be9f-eeee0a80e2d9.OPERATION#flowable-async-job-executor-thread-8822#
[UploadAppStep] Application "bookscapm-srv" uploaded#
#2026 05 21 20:10:31.396#Z#DEBUG#fb7aa7c6-5550-11f1-be9f-eeee0a80e2d9.OPERATION#flowable-async-job-executor-thread-8822#
Step "Upload App" finished#
#2026 05 21 20:10:31.423#Z#DEBUG#fb7aa7c6-5550-11f1-be9f-eeee0a80e2d9.OPERATION#flowable-async-job-executor-thread-8822#
[ScaleAppStep] Executing task "scaleAppTask" of process "127efc92-5551-11f1-9766-eeee0a8faf9b"...#
#2026 05 21 20:10:31.424#Z#DEBUG#fb7aa7c6-5550-11f1-be9f-eeee0a80e2d9.OPERATION#flowable-async-job-executor-thread-8822#
[ScaleAppStep] Scaling application "bookscapm-srv"...#
#2026 05 21 20:10:31.424#Z#DEBUG#fb7aa7c6-5550-11f1-be9f-eeee0a80e2d9.OPERATION#flowable-async-job-executor-thread-8822#
[ScaleAppStep] Application "bookscapm-srv" scaled#
#2026 05 21 20:10:31.424#Z#DEBUG#fb7aa7c6-5550-11f1-be9f-eeee0a80e2d9.OPERATION#flowable-async-job-executor-thread-8822#
Step "Scale App" finished#
#2026 05 21 20:10:31.349#Z#DEBUG#fb7aa7c6-5550-11f1-be9f-eeee0a80e2d9.OPERATION#flowable-async-job-executor-thread-8823#
[StageAppStep] Executing task "stageAppTask" of process "0c72d48d-5551-11f1-add1-eeee0a8c98ee"...#
#2026 05 21 20:10:31.351#Z#DEBUG#fb7aa7c6-5550-11f1-be9f-eeee0a80e2d9.OPERATION#flowable-async-job-executor-thread-8823#
[StageAppStep] Application stage timeout is default one: 3,600 seconds#
#2026 05 21 20:10:31.353#Z#DEBUG#fb7aa7c6-5550-11f1-be9f-eeee0a80e2d9.OPERATION#flowable-async-job-executor-thread-8823#
[StageAppStep] Checking status of application "bookscapm-db-deployer"...#
#2026 05 21 20:10:31.353#Z#DEBUG#fb7aa7c6-5550-11f1-be9f-eeee0a80e2d9.OPERATION#flowable-async-job-executor-thread-8823#
[StageAppStep] Getting build "62da9671-b84c-4426-bf49-0170ea00b57b"...#
#2026 05 21 20:10:31.390#Z#DEBUG#fb7aa7c6-5550-11f1-be9f-eeee0a80e2d9.OPERATION#flowable-async-job-executor-thread-8823#
[StageAppStep] Staging status of application "bookscapm-db-deployer": PENDING#
#2026 05 21 20:10:31.392#Z#DEBUG#fb7aa7c6-5550-11f1-be9f-eeee0a80e2d9.OPERATION#flowable-async-job-executor-thread-8823#
[StageAppStep] Getting application guid "bookscapm-db-deployer"...#
#2026 05 21 20:10:31.494#Z#DEBUG#fb7aa7c6-5550-11f1-be9f-eeee0a80e2d9.OPERATION#flowable-async-job-executor-thread-8823#
Step "Stage App" finished#
#2026 05 21 20:10:31.447#Z#DEBUG#fb7aa7c6-5550-11f1-be9f-eeee0a80e2d9.OPERATION#flowable-async-job-executor-thread-8822#
[DetermineDesiredStateAchievingActionsStep] Executing task "determineDesiredStateAchievingActionsTask" of process "127efc92-5551-11f1-9766-eeee0a8faf9b"...#
#2026 05 21 20:10:31.448#Z#DEBUG#fb7aa7c6-5550-11f1-be9f-eeee0a80e2d9.OPERATION#flowable-async-job-executor-thread-8822#
[DetermineDesiredStateAchievingActionsStep] Getting application "bookscapm-srv"...#
#2026 05 21 20:10:31.495#Z#DEBUG#fb7aa7c6-5550-11f1-be9f-eeee0a80e2d9.OPERATION#flowable-async-job-executor-thread-8822#
[DetermineDesiredStateAchievingActionsStep] Getting instances for application "bookscapm-srv"...#
#2026 05 21 20:10:31.495#Z#DEBUG#fb7aa7c6-5550-11f1-be9f-eeee0a80e2d9.OPERATION#flowable-async-job-executor-thread-8822#
[DetermineDesiredStateAchievingActionsStep] Getting environment of application "c5b30daf-2eb2-465a-874b-302cfe83c0d1"...#
#2026 05 21 20:10:31.530#Z#DEBUG#fb7aa7c6-5550-11f1-be9f-eeee0a80e2d9.OPERATION#flowable-async-job-executor-thread-8822#
[DetermineDesiredStateAchievingActionsStep] Current state of application bookscapm-srv: STOPPED#
#2026 05 21 20:10:31.530#Z#DEBUG#fb7aa7c6-5550-11f1-be9f-eeee0a80e2d9.OPERATION#flowable-async-job-executor-thread-8822#
[DetermineDesiredStateAchievingActionsStep] Desired state of application bookscapm-srv: STARTED#
#2026 05 21 20:10:31.530#Z#DEBUG#fb7aa7c6-5550-11f1-be9f-eeee0a80e2d9.OPERATION#flowable-async-job-executor-thread-8822#
[DetermineDesiredStateAchievingActionsStep] Actions that should be executed on application bookscapm-srv: [STAGE, START]#
#2026 05 21 20:10:31.530#Z#DEBUG#fb7aa7c6-5550-11f1-be9f-eeee0a80e2d9.OPERATION#flowable-async-job-executor-thread-8822#
Step "Determine Desired State Achieving Actions" finished#
#2026 05 21 20:10:31.857#Z#DEBUG#fb7aa7c6-5550-11f1-be9f-eeee0a80e2d9.OPERATION#App upload monitor: a6c92e68-ac78-4039-a3a5-57b5fe351c64#
[UploadAppStep] Upload status: READY#
#2026 05 21 20:10:31.559#Z#DEBUG#fb7aa7c6-5550-11f1-be9f-eeee0a80e2d9.OPERATION#flowable-async-job-executor-thread-8822#
[StageAppStep] Executing task "stageAppTask" of process "127efc92-5551-11f1-9766-eeee0a8faf9b"...#
#2026 05 21 20:10:31.561#Z#DEBUG#fb7aa7c6-5550-11f1-be9f-eeee0a80e2d9.OPERATION#flowable-async-job-executor-thread-8822#
[StageAppStep] Application stage timeout is default one: 3,600 seconds#
#2026 05 21 20:10:31.562#Z#INFO#fb7aa7c6-5550-11f1-be9f-eeee0a80e2d9.OPERATION#flowable-async-job-executor-thread-8822#
[StageAppStep] Staging application "bookscapm-srv"...#
#2026 05 21 20:10:31.568#Z#DEBUG#fb7aa7c6-5550-11f1-be9f-eeee0a80e2d9.OPERATION#flowable-async-job-executor-thread-8822#
[StageAppStep] Creating build for package "a6c92e68-ac78-4039-a3a5-57b5fe351c64"...#
#2026 05 21 20:10:31.962#Z#DEBUG#fb7aa7c6-5550-11f1-be9f-eeee0a80e2d9.OPERATION#flowable-async-job-executor-thread-8822#
Step "Stage App" finished#
#2026 05 21 20:10:41.387#Z#DEBUG#fb7aa7c6-5550-11f1-be9f-eeee0a80e2d9.OPERATION#flowable-async-job-executor-thread-8832#
[StageAppStep] Executing task "stageAppTask" of process "0c72d48d-5551-11f1-add1-eeee0a8c98ee"...#
#2026 05 21 20:10:41.388#Z#DEBUG#fb7aa7c6-5550-11f1-be9f-eeee0a80e2d9.OPERATION#flowable-async-job-executor-thread-8833#
[StageAppStep] Executing task "stageAppTask" of process "127efc92-5551-11f1-9766-eeee0a8faf9b"...#
#2026 05 21 20:10:41.389#Z#DEBUG#fb7aa7c6-5550-11f1-be9f-eeee0a80e2d9.OPERATION#flowable-async-job-executor-thread-8832#
[StageAppStep] Application stage timeout is default one: 3,600 seconds#
#2026 05 21 20:10:41.389#Z#DEBUG#fb7aa7c6-5550-11f1-be9f-eeee0a80e2d9.OPERATION#flowable-async-job-executor-thread-8832#
[StageAppStep] Checking status of application "bookscapm-db-deployer"...#
#2026 05 21 20:10:41.389#Z#DEBUG#fb7aa7c6-5550-11f1-be9f-eeee0a80e2d9.OPERATION#flowable-async-job-executor-thread-8832#
[StageAppStep] Getting build "62da9671-b84c-4426-bf49-0170ea00b57b"...#
#2026 05 21 20:10:41.390#Z#DEBUG#fb7aa7c6-5550-11f1-be9f-eeee0a80e2d9.OPERATION#flowable-async-job-executor-thread-8833#
[StageAppStep] Application stage timeout is default one: 3,600 seconds#
#2026 05 21 20:10:41.390#Z#DEBUG#fb7aa7c6-5550-11f1-be9f-eeee0a80e2d9.OPERATION#flowable-async-job-executor-thread-8833#
[StageAppStep] Checking status of application "bookscapm-srv"...#
#2026 05 21 20:10:41.390#Z#DEBUG#fb7aa7c6-5550-11f1-be9f-eeee0a80e2d9.OPERATION#flowable-async-job-executor-thread-8833#
[StageAppStep] Getting build "895336ed-e685-4380-8479-728a910962cd"...#
#2026 05 21 20:10:41.420#Z#DEBUG#fb7aa7c6-5550-11f1-be9f-eeee0a80e2d9.OPERATION#flowable-async-job-executor-thread-8833#
[StageAppStep] Staging status of application "bookscapm-srv": PENDING#
#2026 05 21 20:10:41.422#Z#DEBUG#fb7aa7c6-5550-11f1-be9f-eeee0a80e2d9.OPERATION#flowable-async-job-executor-thread-8832#
[StageAppStep] Staging status of application "bookscapm-db-deployer": PENDING#
#2026 05 21 20:10:41.422#Z#DEBUG#fb7aa7c6-5550-11f1-be9f-eeee0a80e2d9.OPERATION#flowable-async-job-executor-thread-8833#
[StageAppStep] Getting application guid "bookscapm-srv"...#
#2026 05 21 20:10:41.424#Z#DEBUG#fb7aa7c6-5550-11f1-be9f-eeee0a80e2d9.OPERATION#flowable-async-job-executor-thread-8832#
[StageAppStep] Getting application guid "bookscapm-db-deployer"...#
#2026 05 21 20:10:41.514#Z#DEBUG#fb7aa7c6-5550-11f1-be9f-eeee0a80e2d9.OPERATION#flowable-async-job-executor-thread-8833#
Step "Stage App" finished#
#2026 05 21 20:10:41.529#Z#DEBUG#fb7aa7c6-5550-11f1-be9f-eeee0a80e2d9.OPERATION#flowable-async-job-executor-thread-8832#
Step "Stage App" finished#
#2026 05 21 20:10:51.409#Z#DEBUG#fb7aa7c6-5550-11f1-be9f-eeee0a80e2d9.OPERATION#flowable-async-job-executor-thread-8840#
[StageAppStep] Executing task "stageAppTask" of process "127efc92-5551-11f1-9766-eeee0a8faf9b"...#
#2026 05 21 20:10:51.411#Z#DEBUG#fb7aa7c6-5550-11f1-be9f-eeee0a80e2d9.OPERATION#flowable-async-job-executor-thread-8840#
[StageAppStep] Application stage timeout is default one: 3,600 seconds#
#2026 05 21 20:10:51.412#Z#DEBUG#fb7aa7c6-5550-11f1-be9f-eeee0a80e2d9.OPERATION#flowable-async-job-executor-thread-8840#
[StageAppStep] Checking status of application "bookscapm-srv"...#
#2026 05 21 20:10:51.412#Z#DEBUG#fb7aa7c6-5550-11f1-be9f-eeee0a80e2d9.OPERATION#flowable-async-job-executor-thread-8840#
[StageAppStep] Getting build "895336ed-e685-4380-8479-728a910962cd"...#
#2026 05 21 20:10:51.422#Z#DEBUG#fb7aa7c6-5550-11f1-be9f-eeee0a80e2d9.OPERATION#flowable-async-job-executor-thread-8841#
[StageAppStep] Executing task "stageAppTask" of process "0c72d48d-5551-11f1-add1-eeee0a8c98ee"...#
#2026 05 21 20:10:51.423#Z#DEBUG#fb7aa7c6-5550-11f1-be9f-eeee0a80e2d9.OPERATION#flowable-async-job-executor-thread-8841#
[StageAppStep] Application stage timeout is default one: 3,600 seconds#
#2026 05 21 20:10:51.424#Z#DEBUG#fb7aa7c6-5550-11f1-be9f-eeee0a80e2d9.OPERATION#flowable-async-job-executor-thread-8841#
[StageAppStep] Checking status of application "bookscapm-db-deployer"...#
#2026 05 21 20:10:51.424#Z#DEBUG#fb7aa7c6-5550-11f1-be9f-eeee0a80e2d9.OPERATION#flowable-async-job-executor-thread-8841#
[StageAppStep] Getting build "62da9671-b84c-4426-bf49-0170ea00b57b"...#
#2026 05 21 20:10:51.448#Z#DEBUG#fb7aa7c6-5550-11f1-be9f-eeee0a80e2d9.OPERATION#flowable-async-job-executor-thread-8840#
[StageAppStep] Staging status of application "bookscapm-srv": PENDING#
#2026 05 21 20:10:51.450#Z#DEBUG#fb7aa7c6-5550-11f1-be9f-eeee0a80e2d9.OPERATION#flowable-async-job-executor-thread-8840#
[StageAppStep] Getting application guid "bookscapm-srv"...#
#2026 05 21 20:10:51.455#Z#DEBUG#fb7aa7c6-5550-11f1-be9f-eeee0a80e2d9.OPERATION#flowable-async-job-executor-thread-8841#
[StageAppStep] Staging status of application "bookscapm-db-deployer": STAGED#
#2026 05 21 20:10:51.457#Z#DEBUG#fb7aa7c6-5550-11f1-be9f-eeee0a80e2d9.OPERATION#flowable-async-job-executor-thread-8841#
[StageAppStep] Getting application guid "bookscapm-db-deployer"...#
#2026 05 21 20:10:51.554#Z#DEBUG#fb7aa7c6-5550-11f1-be9f-eeee0a80e2d9.OPERATION#flowable-async-job-executor-thread-8841#
[StageAppStep] Getting build "62da9671-b84c-4426-bf49-0170ea00b57b"...#
#2026 05 21 20:10:51.558#Z#DEBUG#fb7aa7c6-5550-11f1-be9f-eeee0a80e2d9.OPERATION#flowable-async-job-executor-thread-8840#
Step "Stage App" finished#
#2026 05 21 20:10:51.582#Z#DEBUG#fb7aa7c6-5550-11f1-be9f-eeee0a80e2d9.OPERATION#flowable-async-job-executor-thread-8841#
[StageAppStep] Binding droplet "5c2e21bb-c9a5-4090-b70c-72016c5b2c50" to application "4ca6a648-0175-4d7e-abff-7f676a3265c6"...#
#2026 05 21 20:10:51.628#Z#INFO#fb7aa7c6-5550-11f1-be9f-eeee0a80e2d9.OPERATION#flowable-async-job-executor-thread-8841#
[StageAppStep] Application "bookscapm-db-deployer" staged#
#2026 05 21 20:10:51.636#Z#DEBUG#fb7aa7c6-5550-11f1-be9f-eeee0a80e2d9.OPERATION#flowable-async-job-executor-thread-8841#
Step "Stage App" finished#
#2026 05 21 20:10:51.711#Z#DEBUG#fb7aa7c6-5550-11f1-be9f-eeee0a80e2d9.OPERATION#flowable-async-job-executor-thread-8836#
[PrepareToExecuteTasksStep] Executing task "prepareToExecuteTasksTask" of process "2a5e96dc-5551-11f1-add1-eeee0a8c98ee"...#
#2026 05 21 20:10:51.713#Z#DEBUG#fb7aa7c6-5550-11f1-be9f-eeee0a80e2d9.OPERATION#flowable-async-job-executor-thread-8836#
Step "Prepare To Execute Tasks" finished#
#2026 05 21 20:10:51.743#Z#DEBUG#fb7aa7c6-5550-11f1-be9f-eeee0a80e2d9.OPERATION#flowable-async-job-executor-thread-8836#
[ExecuteTaskStep] Executing task "executeTaskTask" of process "2a5e96dc-5551-11f1-add1-eeee0a8c98ee"...#
#2026 05 21 20:10:51.744#Z#DEBUG#fb7aa7c6-5550-11f1-be9f-eeee0a80e2d9.OPERATION#flowable-async-job-executor-thread-8836#
[ExecuteTaskStep] Application task execution timeout is default one: 43,200 seconds#
#2026 05 21 20:10:51.746#Z#INFO#fb7aa7c6-5550-11f1-be9f-eeee0a80e2d9.OPERATION#flowable-async-job-executor-thread-8836#
[ExecuteTaskStep] Executing task "deploy" on application "bookscapm-db-deployer"...#
#2026 05 21 20:10:51.751#Z#DEBUG#fb7aa7c6-5550-11f1-be9f-eeee0a80e2d9.OPERATION#flowable-async-job-executor-thread-8836#
[ExecuteTaskStep] Running task on application "bookscapm-db-deployer": {
  "name" : "deploy",
  "command" : "npm start",
  "limits" : {
    "memory" : 256
  }
}#
#2026 05 21 20:10:52.076#Z#DEBUG#fb7aa7c6-5550-11f1-be9f-eeee0a80e2d9.OPERATION#flowable-async-job-executor-thread-8836#
Step "Execute Task" finished#
#2026 05 21 20:11:01.431#Z#DEBUG#fb7aa7c6-5550-11f1-be9f-eeee0a80e2d9.OPERATION#flowable-async-job-executor-thread-8844#
[StageAppStep] Executing task "stageAppTask" of process "127efc92-5551-11f1-9766-eeee0a8faf9b"...#
#2026 05 21 20:11:01.433#Z#DEBUG#fb7aa7c6-5550-11f1-be9f-eeee0a80e2d9.OPERATION#flowable-async-job-executor-thread-8844#
[StageAppStep] Application stage timeout is default one: 3,600 seconds#
#2026 05 21 20:11:01.433#Z#DEBUG#fb7aa7c6-5550-11f1-be9f-eeee0a80e2d9.OPERATION#flowable-async-job-executor-thread-8844#
[StageAppStep] Checking status of application "bookscapm-srv"...#
#2026 05 21 20:11:01.433#Z#DEBUG#fb7aa7c6-5550-11f1-be9f-eeee0a80e2d9.OPERATION#flowable-async-job-executor-thread-8844#
[StageAppStep] Getting build "895336ed-e685-4380-8479-728a910962cd"...#
#2026 05 21 20:11:01.467#Z#DEBUG#fb7aa7c6-5550-11f1-be9f-eeee0a80e2d9.OPERATION#flowable-async-job-executor-thread-8844#
[StageAppStep] Staging status of application "bookscapm-srv": PENDING#
#2026 05 21 20:11:01.469#Z#DEBUG#fb7aa7c6-5550-11f1-be9f-eeee0a80e2d9.OPERATION#flowable-async-job-executor-thread-8844#
[StageAppStep] Getting application guid "bookscapm-srv"...#
#2026 05 21 20:11:01.570#Z#DEBUG#fb7aa7c6-5550-11f1-be9f-eeee0a80e2d9.OPERATION#flowable-async-job-executor-thread-8844#
Step "Stage App" finished#
#2026 05 21 20:11:01.447#Z#DEBUG#fb7aa7c6-5550-11f1-be9f-eeee0a80e2d9.OPERATION#flowable-async-job-executor-thread-6506#
[ExecuteTaskStep] Executing task "executeTaskTask" of process "2a5e96dc-5551-11f1-add1-eeee0a8c98ee"...#
#2026 05 21 20:11:01.449#Z#DEBUG#fb7aa7c6-5550-11f1-be9f-eeee0a80e2d9.OPERATION#flowable-async-job-executor-thread-6506#
[ExecuteTaskStep] Application task execution timeout is default one: 43,200 seconds#
#2026 05 21 20:11:01.451#Z#DEBUG#fb7aa7c6-5550-11f1-be9f-eeee0a80e2d9.OPERATION#flowable-async-job-executor-thread-6506#
[ExecuteTaskStep] Getting task "6ebf195f-fcbf-4162-9579-b6e697a88e04"...#
#2026 05 21 20:11:01.498#Z#DEBUG#fb7aa7c6-5550-11f1-be9f-eeee0a80e2d9.OPERATION#flowable-async-job-executor-thread-6506#
[ExecuteTaskStep] Task execution status: running#
#2026 05 21 20:11:01.501#Z#DEBUG#fb7aa7c6-5550-11f1-be9f-eeee0a80e2d9.OPERATION#flowable-async-job-executor-thread-6506#
[ExecuteTaskStep] Getting application guid "bookscapm-db-deployer"...#
#2026 05 21 20:11:01.596#Z#DEBUG#fb7aa7c6-5550-11f1-be9f-eeee0a80e2d9.OPERATION#flowable-async-job-executor-thread-6506#
Step "Execute Task" finished#
#2026 05 21 20:11:11.439#Z#DEBUG#fb7aa7c6-5550-11f1-be9f-eeee0a80e2d9.OPERATION#flowable-async-job-executor-thread-8846#
[ExecuteTaskStep] Executing task "executeTaskTask" of process "2a5e96dc-5551-11f1-add1-eeee0a8c98ee"...#
#2026 05 21 20:11:11.441#Z#DEBUG#fb7aa7c6-5550-11f1-be9f-eeee0a80e2d9.OPERATION#flowable-async-job-executor-thread-8846#
[ExecuteTaskStep] Application task execution timeout is default one: 43,200 seconds#
#2026 05 21 20:11:11.442#Z#DEBUG#fb7aa7c6-5550-11f1-be9f-eeee0a80e2d9.OPERATION#flowable-async-job-executor-thread-8846#
[ExecuteTaskStep] Getting task "6ebf195f-fcbf-4162-9579-b6e697a88e04"...#
#2026 05 21 20:11:11.477#Z#DEBUG#fb7aa7c6-5550-11f1-be9f-eeee0a80e2d9.OPERATION#flowable-async-job-executor-thread-8846#
[ExecuteTaskStep] Task execution status: succeeded#
#2026 05 21 20:11:11.480#Z#DEBUG#fb7aa7c6-5550-11f1-be9f-eeee0a80e2d9.OPERATION#flowable-async-job-executor-thread-8846#
[ExecuteTaskStep] Getting application guid "bookscapm-db-deployer"...#
#2026 05 21 20:11:11.558#Z#DEBUG#fb7aa7c6-5550-11f1-be9f-eeee0a80e2d9.OPERATION#flowable-async-job-executor-thread-8846#
Step "Execute Task" finished#
#2026 05 21 20:11:11.585#Z#DEBUG#fb7aa7c6-5550-11f1-be9f-eeee0a80e2d9.OPERATION#flowable-async-job-executor-thread-8847#
[IncrementIndexStep] Executing task "incrementTaskIndexTask" of process "2a5e96dc-5551-11f1-add1-eeee0a8c98ee"...#
#2026 05 21 20:11:11.586#Z#DEBUG#fb7aa7c6-5550-11f1-be9f-eeee0a80e2d9.OPERATION#flowable-async-job-executor-thread-8847#
Step "Increment Task Index" finished#
#2026 05 21 20:11:11.638#Z#DEBUG#fb7aa7c6-5550-11f1-be9f-eeee0a80e2d9.OPERATION#flowable-async-job-executor-thread-8848#
[PublishConfigurationEntriesStep] Executing task "publishProvidedDependenciesTask" of process "0c72d48d-5551-11f1-add1-eeee0a8c98ee"...#
#2026 05 21 20:11:11.639#Z#DEBUG#fb7aa7c6-5550-11f1-be9f-eeee0a80e2d9.OPERATION#flowable-async-job-executor-thread-8848#
[PublishConfigurationEntriesStep] Publishing public provided dependencies for application "bookscapm-db-deployer"...#
#2026 05 21 20:11:11.640#Z#DEBUG#fb7aa7c6-5550-11f1-be9f-eeee0a80e2d9.OPERATION#flowable-async-job-executor-thread-8848#
[PublishConfigurationEntriesStep] No public provided dependencies for publishing#
#2026 05 21 20:11:11.640#Z#DEBUG#fb7aa7c6-5550-11f1-be9f-eeee0a80e2d9.OPERATION#flowable-async-job-executor-thread-8848#
Step "Publish Provided Dependencies" finished#
#2026 05 21 20:11:11.670#Z#DEBUG#fb7aa7c6-5550-11f1-be9f-eeee0a80e2d9.OPERATION#flowable-async-job-executor-thread-8849#
[CreateOrUpdateServiceBrokerStep] Executing task "createOrUpdateServiceBrokerTask" of process "0c72d48d-5551-11f1-add1-eeee0a8c98ee"...#
#2026 05 21 20:11:11.671#Z#DEBUG#fb7aa7c6-5550-11f1-be9f-eeee0a80e2d9.OPERATION#flowable-async-job-executor-thread-8849#
[CreateOrUpdateServiceBrokerStep] Creating service brokers...#
#2026 05 21 20:11:11.672#Z#DEBUG#fb7aa7c6-5550-11f1-be9f-eeee0a80e2d9.OPERATION#flowable-async-job-executor-thread-8849#
Step "Create Or Update Service Broker " finished#
#2026 05 21 20:11:11.472#Z#DEBUG#fb7aa7c6-5550-11f1-be9f-eeee0a80e2d9.OPERATION#flowable-async-job-executor-thread-6585#
[StageAppStep] Executing task "stageAppTask" of process "127efc92-5551-11f1-9766-eeee0a8faf9b"...#
#2026 05 21 20:11:11.475#Z#DEBUG#fb7aa7c6-5550-11f1-be9f-eeee0a80e2d9.OPERATION#flowable-async-job-executor-thread-6585#
[StageAppStep] Application stage timeout is default one: 3,600 seconds#
#2026 05 21 20:11:11.477#Z#DEBUG#fb7aa7c6-5550-11f1-be9f-eeee0a80e2d9.OPERATION#flowable-async-job-executor-thread-6585#
[StageAppStep] Checking status of application "bookscapm-srv"...#
#2026 05 21 20:11:11.477#Z#DEBUG#fb7aa7c6-5550-11f1-be9f-eeee0a80e2d9.OPERATION#flowable-async-job-executor-thread-6585#
[StageAppStep] Getting build "895336ed-e685-4380-8479-728a910962cd"...#
#2026 05 21 20:11:11.514#Z#DEBUG#fb7aa7c6-5550-11f1-be9f-eeee0a80e2d9.OPERATION#flowable-async-job-executor-thread-6585#
[StageAppStep] Staging status of application "bookscapm-srv": STAGED#
#2026 05 21 20:11:11.517#Z#DEBUG#fb7aa7c6-5550-11f1-be9f-eeee0a80e2d9.OPERATION#flowable-async-job-executor-thread-6585#
[StageAppStep] Getting application guid "bookscapm-srv"...#
#2026 05 21 20:11:11.595#Z#DEBUG#fb7aa7c6-5550-11f1-be9f-eeee0a80e2d9.OPERATION#flowable-async-job-executor-thread-6585#
[StageAppStep] Getting build "895336ed-e685-4380-8479-728a910962cd"...#
#2026 05 21 20:11:11.632#Z#DEBUG#fb7aa7c6-5550-11f1-be9f-eeee0a80e2d9.OPERATION#flowable-async-job-executor-thread-6585#
[StageAppStep] Binding droplet "8521510d-0868-4abd-8984-b8c8867c79c0" to application "c5b30daf-2eb2-465a-874b-302cfe83c0d1"...#
#2026 05 21 20:11:11.683#Z#INFO#fb7aa7c6-5550-11f1-be9f-eeee0a80e2d9.OPERATION#flowable-async-job-executor-thread-6585#
[StageAppStep] Application "bookscapm-srv" staged#
#2026 05 21 20:11:11.693#Z#DEBUG#fb7aa7c6-5550-11f1-be9f-eeee0a80e2d9.OPERATION#flowable-async-job-executor-thread-6585#
Step "Stage App" finished#
#2026 05 21 20:11:11.748#Z#DEBUG#fb7aa7c6-5550-11f1-be9f-eeee0a80e2d9.OPERATION#flowable-async-job-executor-thread-6586#
[RestartAppStep] Executing task "startAppTask" of process "127efc92-5551-11f1-9766-eeee0a8faf9b"...#
#2026 05 21 20:11:11.754#Z#DEBUG#fb7aa7c6-5550-11f1-be9f-eeee0a80e2d9.OPERATION#flowable-async-job-executor-thread-6586#
[RestartAppStep] Application start timeout is default one: 3,600 seconds#
#2026 05 21 20:11:11.756#Z#DEBUG#fb7aa7c6-5550-11f1-be9f-eeee0a80e2d9.OPERATION#flowable-async-job-executor-thread-6586#
[RestartAppStep] Getting application "bookscapm-srv"...#
#2026 05 21 20:11:11.801#Z#INFO#fb7aa7c6-5550-11f1-be9f-eeee0a80e2d9.OPERATION#flowable-async-job-executor-thread-6586#
[RestartAppStep] Starting application "bookscapm-srv"...#
#2026 05 21 20:11:11.808#Z#DEBUG#fb7aa7c6-5550-11f1-be9f-eeee0a80e2d9.OPERATION#flowable-async-job-executor-thread-6586#
[RestartAppStep] Starting application "bookscapm-srv"...#
#2026 05 21 20:11:12.067#Z#DEBUG#fb7aa7c6-5550-11f1-be9f-eeee0a80e2d9.OPERATION#flowable-async-job-executor-thread-6586#
Step "Start App" finished#
#2026 05 21 20:11:21.451#Z#DEBUG#fb7aa7c6-5550-11f1-be9f-eeee0a80e2d9.OPERATION#flowable-async-job-executor-thread-8852#
[RestartAppStep] Executing task "startAppTask" of process "368713a0-5551-11f1-9766-eeee0a8faf9b"...#
#2026 05 21 20:11:21.454#Z#DEBUG#fb7aa7c6-5550-11f1-be9f-eeee0a80e2d9.OPERATION#flowable-async-job-executor-thread-8852#
[RestartAppStep] Application start timeout is default one: 3,600 seconds#
#2026 05 21 20:11:21.454#Z#DEBUG#fb7aa7c6-5550-11f1-be9f-eeee0a80e2d9.OPERATION#flowable-async-job-executor-thread-8852#
[RestartAppStep] Checking status of application "bookscapm-srv"...#
#2026 05 21 20:11:21.454#Z#DEBUG#fb7aa7c6-5550-11f1-be9f-eeee0a80e2d9.OPERATION#flowable-async-job-executor-thread-8852#
[RestartAppStep] Getting application "bookscapm-srv"...#
#2026 05 21 20:11:21.496#Z#DEBUG#fb7aa7c6-5550-11f1-be9f-eeee0a80e2d9.OPERATION#flowable-async-job-executor-thread-8852#
[RestartAppStep] Getting instances for application "bookscapm-srv"...#
#2026 05 21 20:11:21.542#Z#DEBUG#fb7aa7c6-5550-11f1-be9f-eeee0a80e2d9.OPERATION#flowable-async-job-executor-thread-8852#
[RestartAppStep] Application "bookscapm-srv": 0 of 1 instances running (1 starting)#
#2026 05 21 20:11:21.588#Z#DEBUG#fb7aa7c6-5550-11f1-be9f-eeee0a80e2d9.OPERATION#flowable-async-job-executor-thread-8852#
Step "Start App" finished#
#2026 05 21 20:11:31.466#Z#DEBUG#fb7aa7c6-5550-11f1-be9f-eeee0a80e2d9.OPERATION#flowable-async-job-executor-thread-8854#
[RestartAppStep] Executing task "startAppTask" of process "3c336967-5551-11f1-add1-eeee0a8c98ee"...#
#2026 05 21 20:11:31.469#Z#DEBUG#fb7aa7c6-5550-11f1-be9f-eeee0a80e2d9.OPERATION#flowable-async-job-executor-thread-8854#
[RestartAppStep] Application start timeout is default one: 3,600 seconds#
#2026 05 21 20:11:31.469#Z#DEBUG#fb7aa7c6-5550-11f1-be9f-eeee0a80e2d9.OPERATION#flowable-async-job-executor-thread-8854#
[RestartAppStep] Checking status of application "bookscapm-srv"...#
#2026 05 21 20:11:31.470#Z#DEBUG#fb7aa7c6-5550-11f1-be9f-eeee0a80e2d9.OPERATION#flowable-async-job-executor-thread-8854#
[RestartAppStep] Getting instances for application "bookscapm-srv"...#
#2026 05 21 20:11:31.507#Z#DEBUG#fb7aa7c6-5550-11f1-be9f-eeee0a80e2d9.OPERATION#flowable-async-job-executor-thread-8854#
[RestartAppStep] Application "bookscapm-srv": 0 of 1 instances running (1 starting)#
#2026 05 21 20:11:31.566#Z#DEBUG#fb7aa7c6-5550-11f1-be9f-eeee0a80e2d9.OPERATION#flowable-async-job-executor-thread-8854#
Step "Start App" finished#
#2026 05 21 20:11:41.472#Z#DEBUG#fb7aa7c6-5550-11f1-be9f-eeee0a80e2d9.OPERATION#flowable-async-job-executor-thread-8856#
[RestartAppStep] Executing task "startAppTask" of process "42261524-5551-11f1-add1-eeee0a8c98ee"...#
#2026 05 21 20:11:41.475#Z#DEBUG#fb7aa7c6-5550-11f1-be9f-eeee0a80e2d9.OPERATION#flowable-async-job-executor-thread-8856#
[RestartAppStep] Application start timeout is default one: 3,600 seconds#
#2026 05 21 20:11:41.476#Z#DEBUG#fb7aa7c6-5550-11f1-be9f-eeee0a80e2d9.OPERATION#flowable-async-job-executor-thread-8856#
[RestartAppStep] Checking status of application "bookscapm-srv"...#
#2026 05 21 20:11:41.476#Z#DEBUG#fb7aa7c6-5550-11f1-be9f-eeee0a80e2d9.OPERATION#flowable-async-job-executor-thread-8856#
[RestartAppStep] Getting instances for application "bookscapm-srv"...#
#2026 05 21 20:11:41.519#Z#DEBUG#fb7aa7c6-5550-11f1-be9f-eeee0a80e2d9.OPERATION#flowable-async-job-executor-thread-8856#
[RestartAppStep] Application "bookscapm-srv": 0 of 1 instances running (1 starting)#
#2026 05 21 20:11:41.583#Z#DEBUG#fb7aa7c6-5550-11f1-be9f-eeee0a80e2d9.OPERATION#flowable-async-job-executor-thread-8856#
Step "Start App" finished#
#2026 05 21 20:11:51.484#Z#DEBUG#fb7aa7c6-5550-11f1-be9f-eeee0a80e2d9.OPERATION#flowable-async-job-executor-thread-8858#
[RestartAppStep] Executing task "startAppTask" of process "481e6731-5551-11f1-add1-eeee0a8c98ee"...#
#2026 05 21 20:11:51.487#Z#DEBUG#fb7aa7c6-5550-11f1-be9f-eeee0a80e2d9.OPERATION#flowable-async-job-executor-thread-8858#
[RestartAppStep] Application start timeout is default one: 3,600 seconds#
#2026 05 21 20:11:51.487#Z#DEBUG#fb7aa7c6-5550-11f1-be9f-eeee0a80e2d9.OPERATION#flowable-async-job-executor-thread-8858#
[RestartAppStep] Checking status of application "bookscapm-srv"...#
#2026 05 21 20:11:51.488#Z#DEBUG#fb7aa7c6-5550-11f1-be9f-eeee0a80e2d9.OPERATION#flowable-async-job-executor-thread-8858#
[RestartAppStep] Getting instances for application "bookscapm-srv"...#
#2026 05 21 20:11:51.555#Z#DEBUG#fb7aa7c6-5550-11f1-be9f-eeee0a80e2d9.OPERATION#flowable-async-job-executor-thread-8858#
[RestartAppStep] Application "bookscapm-srv": 0 of 1 instances running (1 starting)#
#2026 05 21 20:11:51.612#Z#DEBUG#fb7aa7c6-5550-11f1-be9f-eeee0a80e2d9.OPERATION#flowable-async-job-executor-thread-8858#
Step "Start App" finished#
#2026 05 21 20:12:01.491#Z#DEBUG#fb7aa7c6-5550-11f1-be9f-eeee0a80e2d9.OPERATION#flowable-async-job-executor-thread-8860#
[RestartAppStep] Executing task "startAppTask" of process "4e18b50e-5551-11f1-add1-eeee0a8c98ee"...#
#2026 05 21 20:12:01.493#Z#DEBUG#fb7aa7c6-5550-11f1-be9f-eeee0a80e2d9.OPERATION#flowable-async-job-executor-thread-8860#
[RestartAppStep] Application start timeout is default one: 3,600 seconds#
#2026 05 21 20:12:01.494#Z#DEBUG#fb7aa7c6-5550-11f1-be9f-eeee0a80e2d9.OPERATION#flowable-async-job-executor-thread-8860#
[RestartAppStep] Checking status of application "bookscapm-srv"...#
#2026 05 21 20:12:01.495#Z#DEBUG#fb7aa7c6-5550-11f1-be9f-eeee0a80e2d9.OPERATION#flowable-async-job-executor-thread-8860#
[RestartAppStep] Getting instances for application "bookscapm-srv"...#
#2026 05 21 20:12:01.553#Z#DEBUG#fb7aa7c6-5550-11f1-be9f-eeee0a80e2d9.OPERATION#flowable-async-job-executor-thread-8860#
[RestartAppStep] Application "bookscapm-srv": 0 of 1 instances running (1 crashed)#
#2026 05 21 20:12:01.615#Z#ERROR#fb7aa7c6-5550-11f1-be9f-eeee0a80e2d9.OPERATION#flowable-async-job-executor-thread-8860#
[RestartAppStep] Error starting application "bookscapm-srv": Some instances have crashed. Check the application logs of your application for details.#
#2026 05 21 20:12:01.621#Z#INFO#fb7aa7c6-5550-11f1-be9f-eeee0a80e2d9.OPERATION#flowable-async-job-executor-thread-8860#
[RestartAppStep] Download the MTA operation logs for more details.#
#2026 05 21 20:12:01.625#Z#DEBUG#fb7aa7c6-5550-11f1-be9f-eeee0a80e2d9.OPERATION#flowable-async-job-executor-thread-8860#
Step "Start App" finished#
#2026 05 21 20:12:04.310#Z#DEBUG#fb7aa7c6-5550-11f1-be9f-eeee0a80e2d9.OPERATION#flowable-async-job-executor-thread-6587#
[RestartAppStep] Executing task "startAppTask" of process "4e18b50e-5551-11f1-add1-eeee0a8c98ee"...#
#2026 05 21 20:12:04.316#Z#DEBUG#fb7aa7c6-5550-11f1-be9f-eeee0a80e2d9.OPERATION#flowable-async-job-executor-thread-6587#
[RestartAppStep] Application start timeout is default one: 3,600 seconds#
#2026 05 21 20:12:04.324#Z#DEBUG#fb7aa7c6-5550-11f1-be9f-eeee0a80e2d9.OPERATION#flowable-async-job-executor-thread-6587#
[RestartAppStep] Getting application "bookscapm-srv"...#
#2026 05 21 20:12:04.376#Z#INFO#fb7aa7c6-5550-11f1-be9f-eeee0a80e2d9.OPERATION#flowable-async-job-executor-thread-6587#
[RestartAppStep] Stopping application "bookscapm-srv"...#
#2026 05 21 20:12:04.383#Z#DEBUG#fb7aa7c6-5550-11f1-be9f-eeee0a80e2d9.OPERATION#flowable-async-job-executor-thread-6587#
[RestartAppStep] Stopping application "bookscapm-srv"...#
#2026 05 21 20:12:04.521#Z#INFO#fb7aa7c6-5550-11f1-be9f-eeee0a80e2d9.OPERATION#flowable-async-job-executor-thread-6587#
[RestartAppStep] Starting application "bookscapm-srv"...#
#2026 05 21 20:12:04.528#Z#DEBUG#fb7aa7c6-5550-11f1-be9f-eeee0a80e2d9.OPERATION#flowable-async-job-executor-thread-6587#
[RestartAppStep] Starting application "bookscapm-srv"...#
#2026 05 21 20:12:04.774#Z#DEBUG#fb7aa7c6-5550-11f1-be9f-eeee0a80e2d9.OPERATION#flowable-async-job-executor-thread-6587#
Step "Start App" finished#
#2026 05 21 20:12:11.502#Z#DEBUG#fb7aa7c6-5550-11f1-be9f-eeee0a80e2d9.OPERATION#flowable-async-job-executor-thread-8862#
[RestartAppStep] Executing task "startAppTask" of process "55f186db-5551-11f1-9766-eeee0a8faf9b"...#
#2026 05 21 20:12:11.504#Z#DEBUG#fb7aa7c6-5550-11f1-be9f-eeee0a80e2d9.OPERATION#flowable-async-job-executor-thread-8862#
[RestartAppStep] Application start timeout is default one: 3,600 seconds#
#2026 05 21 20:12:11.578#Z#DEBUG#fb7aa7c6-5550-11f1-be9f-eeee0a80e2d9.OPERATION#flowable-async-job-executor-thread-8862#
[RestartAppStep] Checking status of application "bookscapm-srv"...#
#2026 05 21 20:12:11.579#Z#DEBUG#fb7aa7c6-5550-11f1-be9f-eeee0a80e2d9.OPERATION#flowable-async-job-executor-thread-8862#
[RestartAppStep] Getting instances for application "bookscapm-srv"...#
#2026 05 21 20:12:11.634#Z#DEBUG#fb7aa7c6-5550-11f1-be9f-eeee0a80e2d9.OPERATION#flowable-async-job-executor-thread-8862#
[RestartAppStep] Application "bookscapm-srv": 0 of 1 instances running (1 starting)#
#2026 05 21 20:12:11.664#Z#DEBUG#fb7aa7c6-5550-11f1-be9f-eeee0a80e2d9.OPERATION#flowable-async-job-executor-thread-8862#
Step "Start App" finished#
#2026 05 21 20:12:21.510#Z#DEBUG#fb7aa7c6-5550-11f1-be9f-eeee0a80e2d9.OPERATION#flowable-async-job-executor-thread-8864#
[RestartAppStep] Executing task "startAppTask" of process "5a0c6660-5551-11f1-add1-eeee0a8c98ee"...#
#2026 05 21 20:12:21.512#Z#DEBUG#fb7aa7c6-5550-11f1-be9f-eeee0a80e2d9.OPERATION#flowable-async-job-executor-thread-8864#
[RestartAppStep] Application start timeout is default one: 3,600 seconds#
#2026 05 21 20:12:21.513#Z#DEBUG#fb7aa7c6-5550-11f1-be9f-eeee0a80e2d9.OPERATION#flowable-async-job-executor-thread-8864#
[RestartAppStep] Checking status of application "bookscapm-srv"...#
#2026 05 21 20:12:21.514#Z#DEBUG#fb7aa7c6-5550-11f1-be9f-eeee0a80e2d9.OPERATION#flowable-async-job-executor-thread-8864#
[RestartAppStep] Getting instances for application "bookscapm-srv"...#
#2026 05 21 20:12:21.572#Z#DEBUG#fb7aa7c6-5550-11f1-be9f-eeee0a80e2d9.OPERATION#flowable-async-job-executor-thread-8864#
[RestartAppStep] Application "bookscapm-srv": 0 of 1 instances running (1 starting)#
#2026 05 21 20:12:21.633#Z#DEBUG#fb7aa7c6-5550-11f1-be9f-eeee0a80e2d9.OPERATION#flowable-async-job-executor-thread-8864#
Step "Start App" finished#
#2026 05 21 20:12:31.522#Z#DEBUG#fb7aa7c6-5550-11f1-be9f-eeee0a80e2d9.OPERATION#flowable-async-job-executor-thread-8866#
[RestartAppStep] Executing task "startAppTask" of process "5ffdb38d-5551-11f1-add1-eeee0a8c98ee"...#
#2026 05 21 20:12:31.524#Z#DEBUG#fb7aa7c6-5550-11f1-be9f-eeee0a80e2d9.OPERATION#flowable-async-job-executor-thread-8866#
[RestartAppStep] Application start timeout is default one: 3,600 seconds#
#2026 05 21 20:12:31.525#Z#DEBUG#fb7aa7c6-5550-11f1-be9f-eeee0a80e2d9.OPERATION#flowable-async-job-executor-thread-8866#
[RestartAppStep] Checking status of application "bookscapm-srv"...#
#2026 05 21 20:12:31.526#Z#DEBUG#fb7aa7c6-5550-11f1-be9f-eeee0a80e2d9.OPERATION#flowable-async-job-executor-thread-8866#
[RestartAppStep] Getting instances for application "bookscapm-srv"...#
#2026 05 21 20:12:31.567#Z#DEBUG#fb7aa7c6-5550-11f1-be9f-eeee0a80e2d9.OPERATION#flowable-async-job-executor-thread-8866#
[RestartAppStep] Application "bookscapm-srv": 0 of 1 instances running (1 starting)#
#2026 05 21 20:12:31.628#Z#DEBUG#fb7aa7c6-5550-11f1-be9f-eeee0a80e2d9.OPERATION#flowable-async-job-executor-thread-8866#
Step "Start App" finished#
#2026 05 21 20:12:41.532#Z#DEBUG#fb7aa7c6-5550-11f1-be9f-eeee0a80e2d9.OPERATION#flowable-async-job-executor-thread-8868#
[RestartAppStep] Executing task "startAppTask" of process "65f2aa3a-5551-11f1-add1-eeee0a8c98ee"...#
#2026 05 21 20:12:41.534#Z#DEBUG#fb7aa7c6-5550-11f1-be9f-eeee0a80e2d9.OPERATION#flowable-async-job-executor-thread-8868#
[RestartAppStep] Application start timeout is default one: 3,600 seconds#
#2026 05 21 20:12:41.535#Z#DEBUG#fb7aa7c6-5550-11f1-be9f-eeee0a80e2d9.OPERATION#flowable-async-job-executor-thread-8868#
[RestartAppStep] Checking status of application "bookscapm-srv"...#
#2026 05 21 20:12:41.535#Z#DEBUG#fb7aa7c6-5550-11f1-be9f-eeee0a80e2d9.OPERATION#flowable-async-job-executor-thread-8868#
[RestartAppStep] Getting instances for application "bookscapm-srv"...#
#2026 05 21 20:12:41.592#Z#DEBUG#fb7aa7c6-5550-11f1-be9f-eeee0a80e2d9.OPERATION#flowable-async-job-executor-thread-8868#
[RestartAppStep] Application "bookscapm-srv": 0 of 1 instances running (1 starting)#
#2026 05 21 20:12:41.638#Z#DEBUG#fb7aa7c6-5550-11f1-be9f-eeee0a80e2d9.OPERATION#flowable-async-job-executor-thread-8868#
Step "Start App" finished#
#2026 05 21 20:12:51.552#Z#DEBUG#fb7aa7c6-5550-11f1-be9f-eeee0a80e2d9.OPERATION#flowable-async-job-executor-thread-6508#
[RestartAppStep] Executing task "startAppTask" of process "6bea11e7-5551-11f1-add1-eeee0a8c98ee"...#
#2026 05 21 20:12:51.556#Z#DEBUG#fb7aa7c6-5550-11f1-be9f-eeee0a80e2d9.OPERATION#flowable-async-job-executor-thread-6508#
[RestartAppStep] Application start timeout is default one: 3,600 seconds#
#2026 05 21 20:12:51.557#Z#DEBUG#fb7aa7c6-5550-11f1-be9f-eeee0a80e2d9.OPERATION#flowable-async-job-executor-thread-6508#
[RestartAppStep] Checking status of application "bookscapm-srv"...#
#2026 05 21 20:12:51.558#Z#DEBUG#fb7aa7c6-5550-11f1-be9f-eeee0a80e2d9.OPERATION#flowable-async-job-executor-thread-6508#
[RestartAppStep] Getting instances for application "bookscapm-srv"...#
#2026 05 21 20:12:51.631#Z#DEBUG#fb7aa7c6-5550-11f1-be9f-eeee0a80e2d9.OPERATION#flowable-async-job-executor-thread-6508#
[RestartAppStep] Application "bookscapm-srv": 0 of 1 instances running (1 crashed)#
#2026 05 21 20:12:51.702#Z#ERROR#fb7aa7c6-5550-11f1-be9f-eeee0a80e2d9.OPERATION#flowable-async-job-executor-thread-6508#
[RestartAppStep] Error starting application "bookscapm-srv": Some instances have crashed. Check the application logs of your application for details.#
#2026 05 21 20:12:51.710#Z#INFO#fb7aa7c6-5550-11f1-be9f-eeee0a80e2d9.OPERATION#flowable-async-job-executor-thread-6508#
[RestartAppStep] Download the MTA operation logs for more details.#
#2026 05 21 20:12:51.718#Z#DEBUG#fb7aa7c6-5550-11f1-be9f-eeee0a80e2d9.OPERATION#flowable-async-job-executor-thread-6508#
Step "Start App" finished#
#2026 05 21 20:12:52.839#Z#DEBUG#fb7aa7c6-5550-11f1-be9f-eeee0a80e2d9.OPERATION#flowable-async-job-executor-thread-6588#
[RestartAppStep] Executing task "startAppTask" of process "6bea11e7-5551-11f1-add1-eeee0a8c98ee"...#
#2026 05 21 20:12:52.845#Z#DEBUG#fb7aa7c6-5550-11f1-be9f-eeee0a80e2d9.OPERATION#flowable-async-job-executor-thread-6588#
[RestartAppStep] Application start timeout is default one: 3,600 seconds#
#2026 05 21 20:12:52.853#Z#DEBUG#fb7aa7c6-5550-11f1-be9f-eeee0a80e2d9.OPERATION#flowable-async-job-executor-thread-6588#
[RestartAppStep] Getting application "bookscapm-srv"...#
#2026 05 21 20:12:52.901#Z#INFO#fb7aa7c6-5550-11f1-be9f-eeee0a80e2d9.OPERATION#flowable-async-job-executor-thread-6588#
[RestartAppStep] Stopping application "bookscapm-srv"...#
#2026 05 21 20:12:52.909#Z#DEBUG#fb7aa7c6-5550-11f1-be9f-eeee0a80e2d9.OPERATION#flowable-async-job-executor-thread-6588#
[RestartAppStep] Stopping application "bookscapm-srv"...#
#2026 05 21 20:12:53.059#Z#INFO#fb7aa7c6-5550-11f1-be9f-eeee0a80e2d9.OPERATION#flowable-async-job-executor-thread-6588#
[RestartAppStep] Starting application "bookscapm-srv"...#
#2026 05 21 20:12:53.065#Z#DEBUG#fb7aa7c6-5550-11f1-be9f-eeee0a80e2d9.OPERATION#flowable-async-job-executor-thread-6588#
[RestartAppStep] Starting application "bookscapm-srv"...#
#2026 05 21 20:12:53.290#Z#DEBUG#fb7aa7c6-5550-11f1-be9f-eeee0a80e2d9.OPERATION#flowable-async-job-executor-thread-6588#
Step "Start App" finished#
#2026 05 21 20:13:01.551#Z#DEBUG#fb7aa7c6-5550-11f1-be9f-eeee0a80e2d9.OPERATION#flowable-async-job-executor-thread-8870#
[RestartAppStep] Executing task "startAppTask" of process "72dc5416-5551-11f1-9766-eeee0a8faf9b"...#
#2026 05 21 20:13:01.554#Z#DEBUG#fb7aa7c6-5550-11f1-be9f-eeee0a80e2d9.OPERATION#flowable-async-job-executor-thread-8870#
[RestartAppStep] Application start timeout is default one: 3,600 seconds#
#2026 05 21 20:13:01.554#Z#DEBUG#fb7aa7c6-5550-11f1-be9f-eeee0a80e2d9.OPERATION#flowable-async-job-executor-thread-8870#
[RestartAppStep] Checking status of application "bookscapm-srv"...#
#2026 05 21 20:13:01.555#Z#DEBUG#fb7aa7c6-5550-11f1-be9f-eeee0a80e2d9.OPERATION#flowable-async-job-executor-thread-8870#
[RestartAppStep] Getting instances for application "bookscapm-srv"...#
#2026 05 21 20:13:01.594#Z#DEBUG#fb7aa7c6-5550-11f1-be9f-eeee0a80e2d9.OPERATION#flowable-async-job-executor-thread-8870#
[RestartAppStep] Application "bookscapm-srv": 0 of 1 instances running (1 starting)#
#2026 05 21 20:13:01.659#Z#DEBUG#fb7aa7c6-5550-11f1-be9f-eeee0a80e2d9.OPERATION#flowable-async-job-executor-thread-8870#
Step "Start App" finished#
#2026 05 21 20:13:11.563#Z#DEBUG#fb7aa7c6-5550-11f1-be9f-eeee0a80e2d9.OPERATION#flowable-async-job-executor-thread-8872#
[RestartAppStep] Executing task "startAppTask" of process "77d92f54-5551-11f1-add1-eeee0a8c98ee"...#
#2026 05 21 20:13:11.566#Z#DEBUG#fb7aa7c6-5550-11f1-be9f-eeee0a80e2d9.OPERATION#flowable-async-job-executor-thread-8872#
[RestartAppStep] Application start timeout is default one: 3,600 seconds#
#2026 05 21 20:13:11.566#Z#DEBUG#fb7aa7c6-5550-11f1-be9f-eeee0a80e2d9.OPERATION#flowable-async-job-executor-thread-8872#
[RestartAppStep] Checking status of application "bookscapm-srv"...#
#2026 05 21 20:13:11.567#Z#DEBUG#fb7aa7c6-5550-11f1-be9f-eeee0a80e2d9.OPERATION#flowable-async-job-executor-thread-8872#
[RestartAppStep] Getting instances for application "bookscapm-srv"...#
#2026 05 21 20:13:11.619#Z#DEBUG#fb7aa7c6-5550-11f1-be9f-eeee0a80e2d9.OPERATION#flowable-async-job-executor-thread-8872#
[RestartAppStep] Application "bookscapm-srv": 0 of 1 instances running (1 starting)#
#2026 05 21 20:13:11.653#Z#DEBUG#fb7aa7c6-5550-11f1-be9f-eeee0a80e2d9.OPERATION#flowable-async-job-executor-thread-8872#
Step "Start App" finished#
#2026 05 21 20:13:21.602#Z#DEBUG#fb7aa7c6-5550-11f1-be9f-eeee0a80e2d9.OPERATION#flowable-async-job-executor-thread-6590#
[RestartAppStep] Executing task "startAppTask" of process "7dce25d8-5551-11f1-add1-eeee0a8c98ee"...#
#2026 05 21 20:13:21.607#Z#DEBUG#fb7aa7c6-5550-11f1-be9f-eeee0a80e2d9.OPERATION#flowable-async-job-executor-thread-6590#
[RestartAppStep] Application start timeout is default one: 3,600 seconds#
#2026 05 21 20:13:21.608#Z#DEBUG#fb7aa7c6-5550-11f1-be9f-eeee0a80e2d9.OPERATION#flowable-async-job-executor-thread-6590#
[RestartAppStep] Checking status of application "bookscapm-srv"...#
#2026 05 21 20:13:21.609#Z#DEBUG#fb7aa7c6-5550-11f1-be9f-eeee0a80e2d9.OPERATION#flowable-async-job-executor-thread-6590#
[RestartAppStep] Getting instances for application "bookscapm-srv"...#
#2026 05 21 20:13:21.660#Z#DEBUG#fb7aa7c6-5550-11f1-be9f-eeee0a80e2d9.OPERATION#flowable-async-job-executor-thread-6590#
[RestartAppStep] Application "bookscapm-srv": 0 of 1 instances running (1 starting)#
#2026 05 21 20:13:21.704#Z#DEBUG#fb7aa7c6-5550-11f1-be9f-eeee0a80e2d9.OPERATION#flowable-async-job-executor-thread-6590#
Step "Start App" finished#
#2026 05 21 20:13:31.588#Z#DEBUG#fb7aa7c6-5550-11f1-be9f-eeee0a80e2d9.OPERATION#flowable-async-job-executor-thread-8890#
[RestartAppStep] Executing task "startAppTask" of process "83cbf603-5551-11f1-9766-eeee0a8faf9b"...#
#2026 05 21 20:13:31.592#Z#DEBUG#fb7aa7c6-5550-11f1-be9f-eeee0a80e2d9.OPERATION#flowable-async-job-executor-thread-8890#
[RestartAppStep] Application start timeout is default one: 3,600 seconds#
#2026 05 21 20:13:31.594#Z#DEBUG#fb7aa7c6-5550-11f1-be9f-eeee0a80e2d9.OPERATION#flowable-async-job-executor-thread-8890#
[RestartAppStep] Checking status of application "bookscapm-srv"...#
#2026 05 21 20:13:31.595#Z#DEBUG#fb7aa7c6-5550-11f1-be9f-eeee0a80e2d9.OPERATION#flowable-async-job-executor-thread-8890#
[RestartAppStep] Getting instances for application "bookscapm-srv"...#
#2026 05 21 20:13:31.660#Z#DEBUG#fb7aa7c6-5550-11f1-be9f-eeee0a80e2d9.OPERATION#flowable-async-job-executor-thread-8890#
[RestartAppStep] Application "bookscapm-srv": 0 of 1 instances running (1 starting)#
#2026 05 21 20:13:31.695#Z#DEBUG#fb7aa7c6-5550-11f1-be9f-eeee0a80e2d9.OPERATION#flowable-async-job-executor-thread-8890#
Step "Start App" finished#
#2026 05 21 20:13:41.607#Z#DEBUG#fb7aa7c6-5550-11f1-be9f-eeee0a80e2d9.OPERATION#flowable-async-job-executor-thread-8892#
[RestartAppStep] Executing task "startAppTask" of process "89c077b8-5551-11f1-add1-eeee0a8c98ee"...#
#2026 05 21 20:13:41.609#Z#DEBUG#fb7aa7c6-5550-11f1-be9f-eeee0a80e2d9.OPERATION#flowable-async-job-executor-thread-8892#
[RestartAppStep] Application start timeout is default one: 3,600 seconds#
#2026 05 21 20:13:41.609#Z#DEBUG#fb7aa7c6-5550-11f1-be9f-eeee0a80e2d9.OPERATION#flowable-async-job-executor-thread-8892#
[RestartAppStep] Checking status of application "bookscapm-srv"...#
#2026 05 21 20:13:41.610#Z#DEBUG#fb7aa7c6-5550-11f1-be9f-eeee0a80e2d9.OPERATION#flowable-async-job-executor-thread-8892#
[RestartAppStep] Getting instances for application "bookscapm-srv"...#
#2026 05 21 20:13:41.649#Z#DEBUG#fb7aa7c6-5550-11f1-be9f-eeee0a80e2d9.OPERATION#flowable-async-job-executor-thread-8892#
[RestartAppStep] Application "bookscapm-srv": 0 of 1 instances running (1 crashed)#
#2026 05 21 20:13:41.676#Z#ERROR#fb7aa7c6-5550-11f1-be9f-eeee0a80e2d9.OPERATION#flowable-async-job-executor-thread-8892#
[RestartAppStep] Error starting application "bookscapm-srv": Some instances have crashed. Check the application logs of your application for details.#
#2026 05 21 20:13:41.681#Z#INFO#fb7aa7c6-5550-11f1-be9f-eeee0a80e2d9.OPERATION#flowable-async-job-executor-thread-8892#
[RestartAppStep] Download the MTA operation logs for more details.#
#2026 05 21 20:13:41.685#Z#DEBUG#fb7aa7c6-5550-11f1-be9f-eeee0a80e2d9.OPERATION#flowable-async-job-executor-thread-8892#
Step "Start App" finished#
#2026 05 21 20:13:44.333#Z#DEBUG#fb7aa7c6-5550-11f1-be9f-eeee0a80e2d9.OPERATION#flowable-async-job-executor-thread-6515#
[RestartAppStep] Executing task "startAppTask" of process "89c077b8-5551-11f1-add1-eeee0a8c98ee"...#
#2026 05 21 20:13:44.340#Z#DEBUG#fb7aa7c6-5550-11f1-be9f-eeee0a80e2d9.OPERATION#flowable-async-job-executor-thread-6515#
[RestartAppStep] Application start timeout is default one: 3,600 seconds#
#2026 05 21 20:13:44.416#Z#DEBUG#fb7aa7c6-5550-11f1-be9f-eeee0a80e2d9.OPERATION#flowable-async-job-executor-thread-6515#
[RestartAppStep] Getting application "bookscapm-srv"...#
#2026 05 21 20:13:44.477#Z#INFO#fb7aa7c6-5550-11f1-be9f-eeee0a80e2d9.OPERATION#flowable-async-job-executor-thread-6515#
[RestartAppStep] Stopping application "bookscapm-srv"...#
#2026 05 21 20:13:44.482#Z#DEBUG#fb7aa7c6-5550-11f1-be9f-eeee0a80e2d9.OPERATION#flowable-async-job-executor-thread-6515#
[RestartAppStep] Stopping application "bookscapm-srv"...#
#2026 05 21 20:13:44.610#Z#INFO#fb7aa7c6-5550-11f1-be9f-eeee0a80e2d9.OPERATION#flowable-async-job-executor-thread-6515#
[RestartAppStep] Starting application "bookscapm-srv"...#
#2026 05 21 20:13:44.615#Z#DEBUG#fb7aa7c6-5550-11f1-be9f-eeee0a80e2d9.OPERATION#flowable-async-job-executor-thread-6515#
[RestartAppStep] Starting application "bookscapm-srv"...#
#2026 05 21 20:13:44.851#Z#DEBUG#fb7aa7c6-5550-11f1-be9f-eeee0a80e2d9.OPERATION#flowable-async-job-executor-thread-6515#
Step "Start App" finished#
#2026 05 21 20:13:51.643#Z#DEBUG#fb7aa7c6-5550-11f1-be9f-eeee0a80e2d9.OPERATION#flowable-async-job-executor-thread-8903#
[RestartAppStep] Executing task "startAppTask" of process "9197ea3f-5551-11f1-be9f-eeee0a80e2d9"...#
#2026 05 21 20:13:51.646#Z#DEBUG#fb7aa7c6-5550-11f1-be9f-eeee0a80e2d9.OPERATION#flowable-async-job-executor-thread-8903#
[RestartAppStep] Application start timeout is default one: 3,600 seconds#
#2026 05 21 20:13:51.699#Z#DEBUG#fb7aa7c6-5550-11f1-be9f-eeee0a80e2d9.OPERATION#flowable-async-job-executor-thread-8903#
[RestartAppStep] Checking status of application "bookscapm-srv"...#
#2026 05 21 20:13:51.700#Z#DEBUG#fb7aa7c6-5550-11f1-be9f-eeee0a80e2d9.OPERATION#flowable-async-job-executor-thread-8903#
[RestartAppStep] Getting instances for application "bookscapm-srv"...#
#2026 05 21 20:13:51.748#Z#DEBUG#fb7aa7c6-5550-11f1-be9f-eeee0a80e2d9.OPERATION#flowable-async-job-executor-thread-8903#
[RestartAppStep] Application "bookscapm-srv": 0 of 1 instances running (1 starting)#
#2026 05 21 20:13:51.817#Z#DEBUG#fb7aa7c6-5550-11f1-be9f-eeee0a80e2d9.OPERATION#flowable-async-job-executor-thread-8903#
Step "Start App" finished#
#2026 05 21 20:14:01.664#Z#DEBUG#fb7aa7c6-5550-11f1-be9f-eeee0a80e2d9.OPERATION#flowable-async-job-executor-thread-8912#
[RestartAppStep] Executing task "startAppTask" of process "95be890e-5551-11f1-add1-eeee0a8c98ee"...#
#2026 05 21 20:14:01.667#Z#DEBUG#fb7aa7c6-5550-11f1-be9f-eeee0a80e2d9.OPERATION#flowable-async-job-executor-thread-8912#
[RestartAppStep] Application start timeout is default one: 3,600 seconds#
#2026 05 21 20:14:01.667#Z#DEBUG#fb7aa7c6-5550-11f1-be9f-eeee0a80e2d9.OPERATION#flowable-async-job-executor-thread-8912#
[RestartAppStep] Checking status of application "bookscapm-srv"...#
#2026 05 21 20:14:01.668#Z#DEBUG#fb7aa7c6-5550-11f1-be9f-eeee0a80e2d9.OPERATION#flowable-async-job-executor-thread-8912#
[RestartAppStep] Getting instances for application "bookscapm-srv"...#
#2026 05 21 20:14:01.720#Z#DEBUG#fb7aa7c6-5550-11f1-be9f-eeee0a80e2d9.OPERATION#flowable-async-job-executor-thread-8912#
[RestartAppStep] Application "bookscapm-srv": 0 of 1 instances running (1 starting)#
#2026 05 21 20:14:01.784#Z#DEBUG#fb7aa7c6-5550-11f1-be9f-eeee0a80e2d9.OPERATION#flowable-async-job-executor-thread-8912#
Step "Start App" finished#
#2026 05 21 20:14:11.702#Z#DEBUG#fb7aa7c6-5550-11f1-be9f-eeee0a80e2d9.OPERATION#flowable-async-job-executor-thread-6536#
[RestartAppStep] Executing task "startAppTask" of process "9baf8853-5551-11f1-add1-eeee0a8c98ee"...#
#2026 05 21 20:14:11.706#Z#DEBUG#fb7aa7c6-5550-11f1-be9f-eeee0a80e2d9.OPERATION#flowable-async-job-executor-thread-6536#
[RestartAppStep] Application start timeout is default one: 3,600 seconds#
#2026 05 21 20:14:11.707#Z#DEBUG#fb7aa7c6-5550-11f1-be9f-eeee0a80e2d9.OPERATION#flowable-async-job-executor-thread-6536#
[RestartAppStep] Checking status of application "bookscapm-srv"...#
#2026 05 21 20:14:11.708#Z#DEBUG#fb7aa7c6-5550-11f1-be9f-eeee0a80e2d9.OPERATION#flowable-async-job-executor-thread-6536#
[RestartAppStep] Getting instances for application "bookscapm-srv"...#
#2026 05 21 20:14:11.746#Z#DEBUG#fb7aa7c6-5550-11f1-be9f-eeee0a80e2d9.OPERATION#flowable-async-job-executor-thread-6536#
[RestartAppStep] Application "bookscapm-srv": 0 of 1 instances running (1 starting)#
#2026 05 21 20:14:11.823#Z#DEBUG#fb7aa7c6-5550-11f1-be9f-eeee0a80e2d9.OPERATION#flowable-async-job-executor-thread-6536#
Step "Start App" finished#
#2026 05 21 20:14:21.894#Z#DEBUG#fb7aa7c6-5550-11f1-be9f-eeee0a80e2d9.OPERATION#flowable-async-job-executor-thread-8922#
[RestartAppStep] Executing task "startAppTask" of process "a1ab8430-5551-11f1-be9f-eeee0a80e2d9"...#
#2026 05 21 20:14:21.897#Z#DEBUG#fb7aa7c6-5550-11f1-be9f-eeee0a80e2d9.OPERATION#flowable-async-job-executor-thread-8922#
[RestartAppStep] Application start timeout is default one: 3,600 seconds#
#2026 05 21 20:14:21.898#Z#DEBUG#fb7aa7c6-5550-11f1-be9f-eeee0a80e2d9.OPERATION#flowable-async-job-executor-thread-8922#
[RestartAppStep] Checking status of application "bookscapm-srv"...#
#2026 05 21 20:14:21.898#Z#DEBUG#fb7aa7c6-5550-11f1-be9f-eeee0a80e2d9.OPERATION#flowable-async-job-executor-thread-8922#
[RestartAppStep] Getting instances for application "bookscapm-srv"...#
#2026 05 21 20:14:21.947#Z#DEBUG#fb7aa7c6-5550-11f1-be9f-eeee0a80e2d9.OPERATION#flowable-async-job-executor-thread-8922#
[RestartAppStep] Application "bookscapm-srv": 0 of 1 instances running (1 starting)#
#2026 05 21 20:14:21.975#Z#DEBUG#fb7aa7c6-5550-11f1-be9f-eeee0a80e2d9.OPERATION#flowable-async-job-executor-thread-8922#
Step "Start App" finished#
#2026 05 21 20:14:31.806#Z#DEBUG#fb7aa7c6-5550-11f1-be9f-eeee0a80e2d9.OPERATION#flowable-async-job-executor-thread-8932#
[RestartAppStep] Executing task "startAppTask" of process "a7b895e6-5551-11f1-add1-eeee0a8c98ee"...#
#2026 05 21 20:14:31.809#Z#DEBUG#fb7aa7c6-5550-11f1-be9f-eeee0a80e2d9.OPERATION#flowable-async-job-executor-thread-8932#
[RestartAppStep] Application start timeout is default one: 3,600 seconds#
#2026 05 21 20:14:31.810#Z#DEBUG#fb7aa7c6-5550-11f1-be9f-eeee0a80e2d9.OPERATION#flowable-async-job-executor-thread-8932#
[RestartAppStep] Checking status of application "bookscapm-srv"...#
#2026 05 21 20:14:31.811#Z#DEBUG#fb7aa7c6-5550-11f1-be9f-eeee0a80e2d9.OPERATION#flowable-async-job-executor-thread-8932#
[RestartAppStep] Getting instances for application "bookscapm-srv"...#
#2026 05 21 20:14:31.862#Z#DEBUG#fb7aa7c6-5550-11f1-be9f-eeee0a80e2d9.OPERATION#flowable-async-job-executor-thread-8932#
[RestartAppStep] Application "bookscapm-srv": 0 of 1 instances running (1 crashed)#
#2026 05 21 20:14:31.902#Z#ERROR#fb7aa7c6-5550-11f1-be9f-eeee0a80e2d9.OPERATION#flowable-async-job-executor-thread-8932#
[RestartAppStep] Error starting application "bookscapm-srv": Some instances have crashed. Check the application logs of your application for details.#
#2026 05 21 20:14:31.910#Z#INFO#fb7aa7c6-5550-11f1-be9f-eeee0a80e2d9.OPERATION#flowable-async-job-executor-thread-8932#
[RestartAppStep] Download the MTA operation logs for more details.#
#2026 05 21 20:14:31.915#Z#DEBUG#fb7aa7c6-5550-11f1-be9f-eeee0a80e2d9.OPERATION#flowable-async-job-executor-thread-8932#
Step "Start App" finished#
